time_ms,left_cmd_torque,right_cmd_torque,fl_vel,fr_vel,robot_vel
1,0,0,0,0,0
2,-0,-0,0,0,0
3,-0,-0,0,0,0
4,-0,-0,0,0,0
5,-0,-0,0,0,0
6,-0,-0,0,0,0
7,-0,-0,0,0,0
8,-0,-0,0,0,0
9,-0,-0,0,0,0
10,-0,-0,0,0,0
11,-0,-0,0,0,0
12,-0,-0,0,0,0
13,-0,-0,0,0,0
14,-0,-0,0,0,0
15,-0,-0,0,0,0
16,-0,-0,0,0,0
17,-0,-0,0,0,0
18,-0,-0.6,0,0,0
19,-0,-0.6,0,-0.0114778,0
20,-0,-0.9,0,-0.0210447,0
21,-0,-0.9,0,-0.0347549,0
22,0.6,-1.2,0,-0.0461811,0
23,0.6,-1.2,0.0114778,-0.0614366,0
24,0.9,-1.5,0.0210447,-0.074149,0
25,0.9,-1.5,0.0347549,-0.0904716,0
26,1.2,-1.8,0.0461811,-0.104071,0
27,1.2,-1.8,0.0614366,-0.121128,0
28,1.5,-2.0112,0.074149,-0.135338,0
29,1.5,-2.0112,0.0904716,-0.151204,0
30,1.8,-2.0128,0.104071,-0.164421,0
31,1.8,-2.0128,0.121128,-0.175461,0
32,2.0112,-2.0144,0.135338,-0.184657,0
33,2.0112,-2.0144,0.151204,-0.192348,0
34,2.0128,-2.016,0.164421,-0.198754,0
35,2.0128,-2.016,0.175461,-0.204121,0
36,2.0144,-2.0176,0.184657,-0.208592,0
37,2.0144,-2.0176,0.192348,-0.212347,0
38,2.016,-2.0192,0.198754,-0.215474,0
39,2.016,-2.0192,0.204121,-0.21811,0
40,2.0176,-2.0208,0.208592,-0.220305,0
41,2.0176,-2.0208,0.212347,-0.222165,0
42,2.0192,-2.0224,0.215474,-0.223714,0
43,2.0192,-2.0224,0.21811,-0.225034,0
44,2.0208,-2.024,0.220305,-0.226134,0
45,2.0208,-2.024,0.222165,-0.227081,0
46,2.0224,-2.0256,0.223714,-0.22787,0
47,2.0224,-2.0256,0.225034,-0.228557,0
48,2.024,-2.0272,0.226134,-0.22913,0
49,2.024,-2.0272,0.227081,-0.229637,0
50,2.0256,-2.0288,0.22787,-0.23006,0
51,2.0256,-2.0288,0.228557,-0.230443,0
52,2.0272,-2.0304,0.22913,-0.230761,0
53,2.0272,-2.0304,0.229637,-0.231057,0
54,2.0288,-2.032,0.23006,-0.231304,0
55,2.0288,-2.032,0.230443,-0.23154,0
56,2.0304,-2.0336,0.230761,-0.231736,0
57,2.0304,-2.0336,0.231057,-0.23193,0
58,2.032,-2.0352,0.231304,-0.232092,0
59,2.032,-2.0352,0.23154,-0.232257,0
60,2.0336,-2.0368,0.231736,-0.232394,0
61,2.0336,-2.0368,0.23193,-0.232539,0
62,2.0352,-2.0384,0.232092,-0.23266,0
63,2.0352,-2.0384,0.232257,-0.232791,0
64,2.0368,-2.04,0.232394,-0.2329,0
65,2.0368,-2.04,0.232539,-0.233022,0
66,2.0384,-2.0416,0.23266,-0.233123,0
67,2.0384,-2.0416,0.232791,-0.233238,0
68,2.04,-2.0432,0.2329,-0.233333,0
69,2.04,-2.0432,0.233022,-0.233443,0
70,2.0416,-2.0448,0.233123,-0.233535,0
71,2.0416,-2.0448,0.233238,-0.233642,0
72,2.0432,-2.0464,0.233333,-0.233731,0
73,2.0432,-2.0464,0.233443,-0.233835,0
74,2.0448,-2.048,0.233535,-0.233923,0
75,2.0448,-2.048,0.233642,-0.234026,0
76,2.0464,-2.0496,0.233731,-0.234111,0
77,2.0464,-2.0496,0.233835,-0.234213,0
78,2.048,-2.0512,0.233923,-0.234298,0
79,2.048,-2.0512,0.234026,-0.234399,0
80,2.0496,-2.0528,0.234111,-0.234484,0
81,2.0496,-2.0528,0.234213,-0.234584,0
82,2.0512,-2.0544,0.234298,-0.234668,0
83,2.0512,-2.0544,0.234399,-0.234769,0
84,2.0528,-2.056,0.234484,-0.234852,0
85,2.0528,-2.056,0.234584,-0.234952,0
86,2.0544,-2.0576,0.234668,-0.235036,0
87,2.0544,-2.0576,0.234769,-0.235135,0
88,2.056,-2.0592,0.234852,-0.235219,0
89,2.056,-2.0592,0.234952,-0.235318,0
90,2.0576,-2.3592,0.235036,-0.235402,0
91,2.0576,-2.3592,0.235135,-0.241182,0
92,2.0592,-2.6592,0.235219,-0.245996,0
93,2.0592,-2.6592,0.235318,-0.255714,0
94,2.3592,-2.9592,0.235402,-0.263808,0
95,2.3592,-2.9592,0.241182,-0.276255,0
96,2.6592,-3.2592,0.245996,-0.286619,0
97,2.6592,-3.2592,0.255714,-0.300952,0
98,2.9592,-3.5592,0.263808,-0.312886,0
99,2.9592,-3.5592,0.276255,-0.328522,0
100,3.2592,-3.8592,0.286619,-0.341538,0
101,3.2592,-3.8592,0.30096,-0.358078,5.40441e-05
102,3.5592,-4.1592,0.313107,-0.372052,0.000247419
103,3.5592,-4.1592,0.329412,-0.389867,0.000554619
104,3.8592,-4.4592,0.343741,-0.40545,0.000983286
105,3.8592,-4.4592,0.362371,-0.425112,0.00151287
106,4.1592,-4.58361,0.379121,-0.442717,0.00215452
107,4.1592,-4.58361,0.400226,-0.461195,0.00288571
108,4.4592,-4.59927,0.419469,-0.478248,0.00370863
109,4.4592,-4.59927,0.443035,-0.494598,0.00460372
110,4.62296,-4.67288,0.464673,-0.51023,0.00557061
111,4.62296,-4.67288,0.487954,-0.526804,0.0065934
112,4.63904,-4.68527,0.509626,-0.542896,0.00767094
113,4.63904,-4.68527,0.530374,-0.55893,0.00878687
114,4.65152,-4.68505,0.550127,-0.574761,0.00993076
115,4.65152,-4.68505,0.569345,-0.590475,0.0110936
116,4.72569,-4.76055,0.587921,-0.606135,0.0122695
117,4.72569,-4.76055,0.607388,-0.623201,0.0134572
118,4.72425,-4.75759,0.626228,-0.640043,0.0146622
119,4.72425,-4.75759,0.644553,-0.656677,0.0158783
120,4.71941,-4.7427,0.662499,-0.673214,0.0171005
121,4.71941,-4.7427,0.680048,-0.689403,0.0183253
122,4.79582,-4.82065,0.697363,-0.705586,0.0195494
123,4.79582,-4.82065,0.715922,-0.723231,0.0207756
124,4.77807,-4.80325,0.734086,-0.740635,0.0220125
125,4.77807,-4.80325,0.751609,-0.757532,0.0232549
126,4.75777,-4.78366,0.768941,-0.774343,0.0244975
127,4.75777,-4.78366,0.785731,-0.790713,0.0257379
128,4.83701,-4.86438,0.802446,-0.807078,0.0269727
129,4.83701,-4.86438,0.820577,-0.824945,0.0282064
130,4.80432,-4.83261,0.838401,-0.84255,0.029449
131,4.80432,-4.83261,0.855371,-0.859355,0.0306948
132,4.76954,-4.79886,0.872249,-0.876095,0.0319373
133,4.76954,-4.79886,0.888388,-0.892139,0.0331744
134,4.85214,-4.88288,0.904551,-0.908222,0.0344017
135,4.85214,-4.88288,0.922264,-0.925896,0.0356252
136,4.80532,-4.84671,0.939717,-0.943315,0.0368558
137,4.80532,-4.84671,0.956087,-0.959857,0.0380883
138,4.76638,-4.79907,0.972435,-0.976347,0.039315
139,4.76638,-4.79907,0.988021,-0.991889,0.0405343
140,4.85266,-4.88669,1.00368,-1.00751,0.0417412
141,4.85266,-4.88669,1.021,-1.02482,0.0429425
142,4.79222,-4.83688,1.03807,-1.04189,0.0441502
143,4.79222,-4.83688,1.05382,-1.05783,0.0453586
144,4.74005,-4.77594,1.06959,-1.07377,0.0465587
145,4.74005,-4.77594,1.0844,-1.08854,0.0477488
146,4.83045,-4.86763,1.09934,-1.10346,0.048923
147,4.83045,-4.86763,1.11606,-1.12018,0.0500894
148,4.76666,-4.8048,1.13256,-1.13668,0.0512612
149,4.76666,-4.8048,1.14769,-1.15183,0.0524325
150,4.69216,-4.74082,1.16287,-1.16703,0.0535937
151,4.69216,-4.74082,1.17667,-1.18104,0.054743
152,4.78712,-4.8368,1.19069,-1.19524,0.0558735
153,4.78712,-4.8368,1.20663,-1.21134,0.0569942
154,4.72068,-4.76147,1.22237,-1.22721,0.0581197
155,4.72068,-4.76147,1.23673,-1.24152,0.0592439
156,4.63414,-4.68539,1.25115,-1.2559,0.0603565
157,4.63414,-4.68539,1.264,-1.26891,0.0614555
158,4.73386,-4.78608,1.27711,-1.28215,0.062533
159,4.73386,-4.78608,1.29226,-1.29742,0.0635991
160,4.65571,-4.69895,1.30723,-1.3125,0.0646695
161,4.65571,-4.69895,1.3206,-1.32579,0.0657378
162,4.56748,-4.61149,1.33408,-1.3392,0.0667923
163,4.56748,-4.61149,1.34599,-1.35107,0.0678315
164,4.67213,-4.71726,1.35818,-1.36323,0.0688471
165,4.67213,-4.71726,1.37252,-1.37755,0.0698502
166,4.58282,-4.62866,1.38667,-1.3917,0.0708576
167,4.58282,-4.62866,1.39902,-1.40405,0.0718625
168,4.49344,-4.53998,1.41151,-1.41655,0.0728526
169,4.49344,-4.53998,1.42243,-1.42749,0.0738268
170,4.60317,-4.65078,1.43366,-1.43873,0.0747769
171,4.60317,-4.65078,1.44713,-1.45224,0.0757144
172,4.50326,-4.55154,1.46043,-1.46556,0.0766568
173,4.50326,-4.55154,1.47172,-1.47689,0.0775967
174,4.40369,-4.45263,1.48319,-1.48839,0.0785206
175,4.40369,-4.45263,1.49293,-1.49816,0.0794272
176,4.51882,-4.56877,1.50303,-1.50829,0.0803074
177,4.51882,-4.56877,1.5155,-1.52081,0.0811737
178,4.40903,-4.4596,1.52781,-1.53314,0.0820449
179,4.40903,-4.4596,1.53794,-1.54332,0.0829131
180,4.30959,-4.36076,1.54828,-1.5537,0.0837637
181,4.30959,-4.36076,1.55693,-1.56238,0.084596
182,4.4302,-4.48235,1.56595,-1.57143,0.0854012
183,4.4302,-4.48235,1.57746,-1.58299,0.0861926
184,4.32067,-4.37338,1.58879,-1.59436,0.0869894
185,4.32067,-4.37338,1.59797,-1.60358,0.0877839
186,4.21216,-4.2654,1.60735,-1.61299,0.0885614
187,4.21216,-4.2654,1.61487,-1.62055,0.0893206
188,4.33832,-4.39249,1.62278,-1.6285,0.0900516
189,4.33832,-4.39249,1.63332,-1.63907,0.0907682
190,4.22001,-4.27469,1.64367,-1.64946,0.0914909
191,4.22001,-4.27469,1.6517,-1.65753,0.0922112
192,4.1127,-4.16786,1.65997,-1.66584,0.0929134
193,4.1127,-4.16786,1.66642,-1.67232,0.0935967
194,4.24445,-4.30051,1.67328,-1.67921,0.0942517
195,4.24445,-4.30051,1.68286,-1.68883,0.0948924
196,4.12745,-4.18395,1.69226,-1.69827,0.0955402
197,4.12745,-4.18395,1.69936,-1.7054,0.0961865
198,4.01207,-4.06901,1.70669,-1.71276,0.0968154
199,4.01207,-4.06901,1.71204,-1.71815,0.0974258
200,4.14943,-4.20723,1.71783,-1.72397,0.098007
201,4.14943,-4.20723,1.72646,-1.73263,0.0985738
202,4.03424,-4.08284,1.73491,-1.74111,0.0991483
203,4.03424,-4.08284,1.74108,-1.74714,0.0997216
204,3.91126,-3.97003,1.74748,-1.75342,0.100278
205,3.91126,-3.97003,1.75176,-1.75779,0.100815
206,4.05424,-4.11383,1.7565,-1.7626,0.101323
207,4.05424,-4.11383,1.76419,-1.77037,0.101816
208,3.94129,-3.99164,1.77169,-1.77793,0.102319
209,3.94129,-3.99164,1.77697,-1.78309,0.10282
210,3.82074,-3.88121,1.78246,-1.78848,0.103306
211,3.82074,-3.88121,1.78588,-1.79201,0.103773
212,3.96912,-4.03039,1.78974,-1.79595,0.104213
213,3.96912,-4.03039,1.79665,-1.80295,0.104639
214,3.84908,-3.91066,1.80335,-1.80973,0.105075
215,3.84908,-3.91066,1.80769,-1.81413,0.105511
216,3.74095,-3.79325,1.81225,-1.81875,0.105932
217,3.74095,-3.79325,1.81499,-1.82136,0.106336
218,3.89453,-3.94779,1.81814,-1.82441,0.106712
219,3.89453,-3.94779,1.82442,-1.83061,0.107076
220,3.76757,-3.83088,1.83045,-1.83659,0.107451
221,3.76757,-3.83088,1.83397,-1.84025,0.107828
222,3.65286,-3.71642,1.83773,-1.84412,0.108189
223,3.65286,-3.71642,1.83954,-1.84603,0.108534
224,3.8118,-3.87609,1.84179,-1.84836,0.108851
225,3.8118,-3.87609,1.84728,-1.85393,0.109156
226,3.69762,-3.75257,1.85253,-1.85925,0.109473
227,3.69762,-3.75257,1.85551,-1.86212,0.109793
228,3.58602,-3.64139,1.85869,-1.8652,0.110099
229,3.58602,-3.64139,1.85995,-1.86639,0.110389
230,3.7499,-3.80616,1.86163,-1.86801,0.110652
231,3.7499,-3.80616,1.86662,-1.87296,0.110905
232,3.62926,-3.6859,1.87134,-1.87765,0.111171
233,3.62926,-3.6859,1.87364,-1.87994,0.111441
234,3.52106,-3.57808,1.87615,-1.88243,0.111698
235,3.52106,-3.57808,1.87681,-1.88309,0.111939
236,3.68984,-3.74772,1.87787,-1.88415,0.112155
237,3.68984,-3.74772,1.88233,-1.88863,0.112361
238,3.57257,-3.63081,1.88651,-1.89282,0.112582
239,3.57257,-3.63081,1.88833,-1.89465,0.112809
240,3.45822,-3.51682,1.89034,-1.89667,0.113022
241,3.45822,-3.51682,1.89037,-1.89672,0.113222
242,3.63185,-3.69129,1.89083,-1.89719,0.113395
243,3.63185,-3.69129,1.89477,-1.90116,0.113559
244,3.52776,-3.58753,1.89843,-1.90484,0.113739
245,3.52776,-3.58753,1.89997,-1.90641,0.113925
246,3.41685,-3.47695,1.90165,-1.90811,0.114101
247,3.41685,-3.47695,1.9014,-1.90788,0.114264
248,3.59491,-3.65581,1.90154,-1.90804,0.114404
249,3.59491,-3.65581,1.90522,-1.91176,0.114536
250,3.48464,-3.54585,1.9086,-1.91516,0.114685
251,3.48464,-3.54585,1.90972,-1.9163,0.114842
252,3.37736,-3.43885,1.91099,-1.9176,0.114989
253,3.37736,-3.43885,1.9104,-1.91703,0.115123
254,3.55981,-3.62207,1.91019,-1.91684,0.115235
255,3.55981,-3.62207,1.91361,-1.92029,0.115338
256,3.45307,-3.5156,1.91669,-1.9234,0.115461
257,3.45307,-3.5156,1.91758,-1.92431,0.115592
258,3.34932,-3.4121,1.9186,-1.92536,0.115714
259,3.34932,-3.4121,1.91781,-1.92459,0.115825
260,3.53593,-3.59946,1.91739,-1.92419,0.115914
261,3.53593,-3.59946,1.92065,-1.92748,0.115996
262,3.43264,-3.49639,1.92357,-1.93042,0.116099
263,3.43264,-3.49639,1.92433,-1.9312,0.116211
264,3.33233,-3.3963,1.92521,-1.9321,0.116316
265,3.33233,-3.3963,1.92432,-1.93124,0.11641
266,3.52288,-3.58757,1.92378,-1.93072,0.116484
267,3.52288,-3.58757,1.92699,-1.93395,0.116552
268,3.42293,-3.48782,1.92983,-1.93681,0.116642
269,3.42293,-3.48782,1.93056,-1.93757,0.116742
270,3.32592,-3.39099,1.93139,-1.93841,0.116837
271,3.32592,-3.39099,1.9305,-1.93754,0.116922
272,3.5202,-3.58597,1.92993,-1.93699,0.116987
273,3.5202,-3.58597,1.93317,-1.94026,0.117048
274,3.42343,-3.48936,1.93602,-1.94313,0.117132
275,3.42343,-3.48936,1.9368,-1.94393,0.117228
276,3.32954,-3.38604,1.93767,-1.94482,0.117318
277,3.32954,-3.38604,1.93686,-1.94385,0.1174
278,3.52735,-3.58472,1.93635,-1.94321,0.117463
279,3.52735,-3.58472,1.9397,-1.94646,0.117521
280,3.43357,-3.49126,1.94263,-1.94932,0.117604
281,3.43357,-3.49126,1.94354,-1.95017,0.117698
282,3.34261,-3.40061,1.94451,-1.95108,0.117789
283,3.34261,-3.40061,1.94383,-1.95037,0.117872
284,3.54376,-3.6026,1.94345,-1.94996,0.117937
285,3.54376,-3.6026,1.94696,-1.95346,0.118
286,3.45276,-3.51192,1.95004,-1.95654,0.118088
287,3.45276,-3.51192,1.95114,-1.95763,0.11819
288,3.35491,-3.41439,1.95228,-1.95877,0.118288
289,3.35491,-3.41439,1.95164,-1.95814,0.118379
290,3.55941,-3.61971,1.95131,-1.95781,0.118453
291,3.55941,-3.61971,1.95494,-1.96146,0.118524
292,3.47115,-3.53175,1.95813,-1.96467,0.11862
293,3.47115,-3.53175,1.9594,-1.96595,0.118729
294,3.38554,-3.44644,1.96069,-1.96726,0.118836
295,3.38554,-3.44644,1.96043,-1.96701,0.118937
296,3.59303,-3.65471,1.96042,-1.96703,0.119023
297,3.59303,-3.65471,1.96442,-1.97105,0.119107
298,3.5071,-3.56906,1.96794,-1.9746,0.119219
299,3.5071,-3.56906,1.96956,-1.97624,0.119345
300,3.41414,-3.47637,1.97119,-1.97788,0.11947
301,3.41414,-3.47637,1.97111,-1.97782,0.11959
302,3.62466,-3.68764,1.9713,-1.97803,0.119693
303,3.62466,-3.68764,1.97554,-1.98231,0.119795
304,3.54097,-3.6042,1.97932,-1.98611,0.119924
305,3.54097,-3.6042,1.98123,-1.98804,0.120068
306,3.45015,-3.51361,1.98313,-1.98996,0.120211
307,3.45015,-3.51361,1.98337,-1.99022,0.120349
308,3.66355,-3.72774,1.98386,-1.99073,0.120471
309,3.66355,-3.72774,1.98845,-1.99535,0.120593
310,3.58185,-3.64625,1.99256,-1.99948,0.120742
311,3.58185,-3.64625,1.99482,-2.00176,0.120907
312,3.4929,-3.5575,1.99707,-2.00403,0.121072
313,3.4929,-3.5575,1.99768,-2.00466,0.121232
314,3.70904,-3.77435,1.99852,-2.00552,0.121377
315,3.70904,-3.77435,2.00351,-2.01053,0.121521
316,3.62906,-3.69454,2.008,-2.01505,0.121695
317,3.62906,-3.69454,2.01067,-2.01774,0.121884
318,3.54172,-3.60737,2.01331,-2.02039,0.122074
319,3.54172,-3.60737,2.01432,-2.02143,0.122259
320,3.76049,-3.82682,2.01557,-2.02269,0.12243
321,3.76049,-3.82682,2.021,-2.02814,0.122602
322,3.68194,-3.73883,2.02591,-2.03307,0.122802
323,3.68194,-3.73883,2.02902,-2.03602,0.123019
324,3.59591,-3.65314,2.03208,-2.03895,0.123236
325,3.59591,-3.65314,2.03354,-2.04031,0.123448
326,3.81719,-3.87527,2.03521,-2.04189,0.123646
327,3.81719,-3.87527,2.04109,-2.04772,0.123845
328,3.7302,-3.78859,2.04645,-2.05303,0.124073
329,3.7302,-3.78859,2.04983,-2.05638,0.124317
330,3.64539,-3.71368,2.05318,-2.05971,0.124561
331,3.64539,-3.71368,2.05496,-2.06165,0.124801
332,3.86929,-3.93821,2.05697,-2.06378,0.125027
333,3.86929,-3.93821,2.06324,-2.07017,0.125255
334,3.78334,-3.8428,2.06897,-2.07601,0.125512
335,3.78334,-3.8428,2.07276,-2.07971,0.125786
336,3.69948,-3.75926,2.07652,-2.08339,0.126059
337,3.69948,-3.75926,2.07871,-2.08553,0.126328
338,3.92589,-3.98648,2.08113,-2.0879,0.126582
339,3.92589,-3.98648,2.08784,-2.09459,0.126837
340,3.84075,-3.9016,2.09402,-2.10074,0.127122
341,3.84075,-3.9016,2.09824,-2.10495,0.127423
342,3.75758,-3.8187,2.10242,-2.10912,0.127725
343,3.75758,-3.8187,2.10505,-2.11174,0.128023
344,3.98643,-4.04833,2.10789,-2.11458,0.128307
345,3.98643,-4.04833,2.11506,-2.12177,0.128591
346,3.89224,-3.95439,2.12168,-2.1284,0.128907
347,3.89224,-3.95439,2.12618,-2.13291,0.129239
348,3.80969,-3.8721,2.13067,-2.1374,0.129571
349,3.80969,-3.8721,2.13362,-2.14037,0.129897
350,4.0411,-4.10425,2.13679,-2.14355,0.130209
351,4.0411,-4.10425,2.14435,-2.15113,0.130521
352,3.94736,-4.01075,2.15135,-2.15815,0.130864
353,3.94736,-4.01075,2.15624,-2.16306,0.131224
354,3.86518,-3.9288,2.1611,-2.16794,0.131583
355,3.86518,-3.9288,2.16444,-2.17129,0.131937
356,4.09908,-4.16343,2.168,-2.17487,0.132277
357,4.09908,-4.16343,2.17598,-2.18287,0.132617
358,4.00558,-4.07013,2.1834,-2.19031,0.132989
359,4.00558,-4.07013,2.1887,-2.19563,0.133377
360,3.91397,-3.97871,2.19397,-2.20092,0.133765
361,3.91397,-3.97871,2.19755,-2.20451,0.134148
362,4.15049,-4.21594,2.20136,-2.20834,0.134514
363,4.15049,-4.21594,2.20966,-2.21667,0.13488
364,4.05718,-4.1228,2.2174,-2.22442,0.135277
365,4.05718,-4.1228,2.22302,-2.23007,0.135691
366,3.96566,-4.03145,2.22862,-2.23569,0.136104
367,3.96566,-4.03145,2.23253,-2.23961,0.136511
368,4.20475,-4.27122,2.23667,-2.24376,0.136902
369,4.20475,-4.27122,2.24534,-2.25246,0.137293
370,4.11142,-4.16845,2.25345,-2.26058,0.137715
371,4.11142,-4.16845,2.25943,-2.26642,0.138154
372,4.01023,-4.07718,2.26539,-2.27224,0.138591
373,4.01023,-4.07718,2.26946,-2.27639,0.139022
374,4.25203,-4.31964,2.2738,-2.28079,0.139435
375,4.25203,-4.31964,2.28273,-2.28978,0.139848
376,4.15867,-4.21681,2.2911,-2.2982,0.140291
377,4.15867,-4.21681,2.29735,-2.30432,0.140751
378,4.05738,-4.11584,2.30357,-2.31043,0.141209
379,4.05738,-4.11584,2.30792,-2.31469,0.141661
380,4.30183,-4.36112,2.31253,-2.31923,0.142094
381,4.30183,-4.36112,2.32177,-2.32843,0.142526
382,4.19868,-4.25826,2.33044,-2.33706,0.142988
383,4.19868,-4.25826,2.33681,-2.34341,0.143467
384,4.09732,-4.15719,2.34317,-2.34975,0.143944
385,4.09732,-4.15719,2.34767,-2.35423,0.144413
386,4.34458,-4.40525,2.35244,-2.359,0.144863
387,4.34458,-4.40525,2.36191,-2.36847,0.145311
388,4.24124,-4.3022,2.3708,-2.37736,0.14579
389,4.24124,-4.3022,2.37739,-2.38396,0.146286
390,4.13007,-4.2009,2.38398,-2.39055,0.146779
391,4.13007,-4.2009,2.38852,-2.39529,0.147265
392,4.38027,-4.45168,2.39337,-2.40029,0.147731
393,4.38027,-4.45168,2.40298,-2.41004,0.148195
394,4.2768,-4.33871,2.41203,-2.4192,0.14869
395,4.2768,-4.33871,2.41878,-2.42588,0.149201
396,4.16546,-4.22763,2.42553,-2.43256,0.149708
397,4.16546,-4.22763,2.43025,-2.43723,0.150208
398,4.41855,-4.48148,2.43526,-2.44221,0.150686
399,4.41855,-4.48148,2.44509,-2.45201,0.151161
400,4.30525,-4.37798,2.45434,-2.46125,0.151667
401,4.30525,-4.37798,2.46112,-2.46818,0.152189
402,4.19382,-4.25698,2.46791,-2.47511,0.152707
403,4.19382,-4.25698,2.47268,-2.47982,0.153217
404,4.44994,-4.51384,2.47777,-2.48486,0.153705
405,4.44994,-4.51384,2.48773,-2.49479,0.154189
406,4.33646,-4.40055,2.49711,-2.50415,0.154705
407,4.33646,-4.40055,2.50401,-2.51103,0.155235
408,4.22482,-4.2891,2.51092,-2.51793,0.155762
409,4.22482,-4.2891,2.51581,-2.52281,0.156279
410,4.48393,-4.54891,2.52102,-2.52801,0.156775
411,4.48393,-4.54891,2.53114,-2.53814,0.157268
412,4.36057,-4.42573,2.54068,-2.54768,0.157792
413,4.36057,-4.42573,2.54755,-2.55456,0.158332
414,4.24883,-4.31416,2.55446,-2.56147,0.158867
415,4.24883,-4.31416,2.55936,-2.56639,0.159391
416,4.51105,-4.57707,2.56459,-2.57162,0.159893
417,4.51105,-4.57707,2.5748,-2.58185,0.160391
418,4.38749,-4.45367,2.58442,-2.59148,0.160921
419,4.38749,-4.45367,2.59138,-2.59845,0.161467
420,4.26596,-4.33229,2.59837,-2.60546,0.162007
421,4.26596,-4.33229,2.60318,-2.61028,0.162537
422,4.53144,-4.59844,2.60834,-2.61545,0.163043
423,4.53144,-4.59844,2.61855,-2.62569,0.163544
424,4.4078,-4.47494,2.62819,-2.63533,0.164077
425,4.4078,-4.47494,2.63515,-2.64232,0.164625
426,4.28617,-4.34384,2.64216,-2.64934,0.165167
427,4.28617,-4.34384,2.64699,-2.65401,0.165699
428,4.55485,-4.61336,2.65217,-2.65906,0.166206
429,4.55485,-4.61336,2.66246,-2.66925,0.166708
430,4.42147,-4.48987,2.67215,-2.67886,0.167241
431,4.42147,-4.48987,2.679,-2.68582,0.16779
432,4.29029,-4.35879,2.68591,-2.69282,0.168332
433,4.29029,-4.35879,2.69048,-2.69747,0.168862
434,4.56249,-4.63162,2.69545,-2.7025,0.169367
435,4.56249,-4.63162,2.70561,-2.71273,0.169866
436,4.43885,-4.4985,2.71519,-2.72236,0.170396
437,4.43885,-4.4985,2.72211,-2.72916,0.170941
438,4.30765,-4.36759,2.72908,-2.73602,0.17148
439,4.30765,-4.36759,2.7337,-2.74056,0.172008
440,4.5831,-4.64384,2.73869,-2.74548,0.172509
441,4.5831,-4.64384,2.74892,-2.75568,0.173006
442,4.44024,-4.51082,2.75856,-2.76527,0.173534
443,4.44024,-4.51082,2.76518,-2.77204,0.174077
444,4.30938,-4.37044,2.77189,-2.77887,0.174612
445,4.30938,-4.37044,2.77629,-2.7832,0.175135
446,4.58839,-4.65023,2.78109,-2.78795,0.17563
447,4.58839,-4.65023,2.79121,-2.79803,0.17612
448,4.44578,-4.51747,2.80074,-2.80753,0.176641
449,4.44578,-4.51747,2.80726,-2.8142,0.177177
450,4.3152,-4.37734,2.81387,-2.82094,0.177705
451,4.3152,-4.37734,2.81818,-2.82518,0.178221
452,4.59769,-4.66059,2.82289,-2.82984,0.17871
453,4.59769,-4.66059,2.83298,-2.8399,0.179192
454,4.45533,-4.51846,2.84246,-2.84935,0.179707
455,4.45533,-4.51846,2.84894,-2.85581,0.180237
456,4.31542,-4.37876,2.8555,-2.86236,0.180759
457,4.31542,-4.37876,2.85959,-2.86644,0.181268
458,4.60151,-4.66559,2.8641,-2.87094,0.181749
459,4.60151,-4.66559,2.87407,-2.88091,0.182223
460,4.45954,-4.52381,2.88343,-2.89028,0.18273
461,4.45954,-4.52381,2.8898,-2.89666,0.183252
462,4.31045,-4.37492,2.89625,-2.90311,0.183766
463,4.31045,-4.37492,2.90007,-2.90694,0.184266
464,4.60024,-4.66542,2.90433,-2.91122,0.184737
465,4.60024,-4.66542,2.91414,-2.92104,0.185201
466,4.45881,-4.52418,2.92334,-2.93025,0.185697
467,4.45881,-4.52418,2.92956,-2.93649,0.186209
468,4.31028,-4.37583,2.93587,-2.94281,0.186712
469,4.31028,-4.37583,2.93956,-2.94652,0.187202
470,4.60368,-4.66991,2.94369,-2.95066,0.187663
471,4.60368,-4.66991,2.95342,-2.96041,0.188117
472,4.45319,-4.51958,2.96255,-2.96955,0.188604
473,4.45319,-4.51958,2.96852,-2.97555,0.189106
474,4.3054,-4.37195,2.9746,-2.98164,0.189599
475,4.3054,-4.37195,2.97809,-2.98514,0.190077
476,4.6025,-4.66971,2.98204,-2.9891,0.190527
477,4.6025,-4.66971,2.99164,-2.99873,0.190969
478,4.45269,-4.52004,3.00064,-3.00774,0.191444
479,4.45269,-4.52004,3.0065,-3.01362,0.191935
480,4.30561,-4.37308,3.01245,-3.01959,0.192417
481,4.30561,-4.37308,3.01583,-3.02298,0.192886
482,4.60561,-4.67308,3.01967,-3.02683,0.193325
483,4.60561,-4.67308,3.0292,-3.03638,0.193757
484,4.45715,-4.51579,3.03812,-3.0453,0.194223
485,4.45715,-4.51579,3.04392,-3.05095,0.194706
486,4.30116,-4.36968,3.04981,-3.05671,0.195179
487,4.30116,-4.36968,3.05295,-3.05992,0.195638
488,4.60116,-4.66968,3.05657,-3.0636,0.196067
489,4.60116,-4.66968,3.0659,-3.07298,0.196488
490,4.4476,-4.51683,3.07461,-3.08174,0.196943
491,4.4476,-4.51683,3.08014,-3.0873,0.197414
492,4.3022,-4.36193,3.08577,-3.09297,0.197876
493,4.3022,-4.36193,3.08886,-3.09593,0.198323
494,4.6022,-4.66193,3.09241,-3.09937,0.198741
495,4.6022,-4.66193,3.10166,-3.10852,0.199151
496,4.45298,-4.51378,3.11028,-3.11706,0.199595
497,4.45298,-4.51378,3.11578,-3.12251,0.200054
498,4.28919,-4.35983,3.12137,-3.12806,0.200505
499,4.28919,-4.35983,3.12408,-3.13091,0.200943
500,4.58919,-4.65983,3.12728,-3.13423,0.201349
501,4.58919,-4.65983,3.13621,-3.14326,0.201747
502,4.44493,-4.50663,3.14455,-3.15168,0.202178
503,4.44493,-4.50663,3.14986,-3.1569,0.202625
504,4.29184,-4.35379,3.15528,-3.16224,0.203063
505,4.29184,-4.35379,3.158,-3.16491,0.203488
506,4.59184,-4.65379,3.16119,-3.16805,0.203882
507,4.59184,-4.65379,3.17008,-3.17689,0.204269
508,4.44243,-4.50536,3.17835,-3.18513,0.204689
509,4.44243,-4.50536,3.18351,-3.19028,0.205125
510,4.28085,-4.35359,3.18876,-3.19552,0.205553
511,4.28085,-4.35359,3.19118,-3.19811,0.205967
512,4.58085,-4.65359,3.19409,-3.20116,0.20635
513,4.58085,-4.65359,3.20272,-3.2099,0.206726
514,4.44606,-4.50978,3.21076,-3.21803,0.207135
515,4.44606,-4.50978,3.21595,-3.22314,0.20756
516,4.2855,-4.34944,3.22121,-3.22834,0.207978
517,4.2855,-4.34944,3.22364,-3.23071,0.208383
518,4.5855,-4.64944,3.22653,-3.23356,0.208758
519,4.5855,-4.64944,3.23513,-3.24212,0.209125
520,4.44562,-4.51044,3.24311,-3.25008,0.209526
521,4.44562,-4.51044,3.24816,-3.25511,0.209943
522,4.27665,-4.34164,3.25328,-3.26022,0.210352
523,4.27665,-4.34164,3.25542,-3.26236,0.210749
524,4.57665,-4.64164,3.25806,-3.265,0.211114
525,4.57665,-4.64164,3.26642,-3.27335,0.21147
526,4.44182,-4.50767,3.27418,-3.28111,0.211859
527,4.44182,-4.50767,3.2791,-3.28605,0.212264
528,4.28372,-4.34014,3.2841,-3.29105,0.212662
529,4.28372,-4.34014,3.2863,-3.2931,0.213048
530,4.58371,-4.64014,3.28898,-3.29564,0.213403
531,4.58371,-4.64014,3.29734,-3.30389,0.213751
532,4.4438,-4.51101,3.30508,-3.31154,0.214132
533,4.4438,-4.51101,3.30989,-3.31646,0.21453
534,4.27736,-4.34471,3.31476,-3.32143,0.214921
535,4.27736,-4.34471,3.31671,-3.32347,0.2153
536,4.57736,-4.64471,3.31916,-3.32598,0.215648
537,4.57736,-4.64471,3.3273,-3.33418,0.215988
538,4.45209,-4.51066,3.33486,-3.34178,0.216361
539,4.45209,-4.51066,3.33975,-3.34655,0.216751
540,4.28679,-4.34568,3.34467,-3.35138,0.217136
541,4.28679,-4.34568,3.34668,-3.35331,0.217508
542,4.58679,-4.64568,3.34915,-3.35572,0.21785
543,4.58679,-4.64568,3.3573,-3.36382,0.218185
544,4.45644,-4.51645,3.36485,-3.37132,0.218553
545,4.45644,-4.51645,3.36963,-3.37609,0.218938
546,4.28282,-4.35271,3.37446,-3.38091,0.219317
547,4.28282,-4.35271,3.37623,-3.38283,0.219684
548,4.58282,-4.65271,3.37849,-3.38523,0.220021
549,4.58282,-4.65271,3.38645,-3.39331,0.22035
550,4.45751,-4.52811,3.39383,-3.40078,0.220712
551,4.45751,-4.52811,3.39855,-3.40559,0.221091
552,4.29483,-4.35593,3.40331,-3.41043,0.221465
553,4.29483,-4.35593,3.4052,-3.41221,0.221828
554,4.59483,-4.65593,3.40756,-3.41448,0.22216
555,4.59483,-4.65593,3.41559,-3.42244,0.222485
556,4.4644,-4.53612,3.42302,-3.42981,0.222844
557,4.4644,-4.53612,3.42768,-3.43461,0.223219
558,4.30301,-4.36517,3.43239,-3.43943,0.22359
559,4.30301,-4.36517,3.43425,-3.44122,0.22395
560,4.60301,-4.66517,3.43658,-3.44349,0.22428
561,4.60301,-4.66517,3.44458,-3.45143,0.224602
562,4.4772,-4.54035,3.45197,-3.45878,0.224958
563,4.4772,-4.54035,3.45669,-3.46347,0.225331
564,4.30739,-4.37074,3.46143,-3.4682,0.2257
565,4.30739,-4.37074,3.46317,-3.46994,0.226057
566,4.60739,-4.67074,3.4654,-3.47215,0.226384
567,4.60739,-4.67074,3.47329,-3.48004,0.226703
568,4.48636,-4.55065,3.48059,-3.48734,0.227056
569,4.48636,-4.55065,3.48531,-3.49206,0.227425
570,4.31779,-4.38229,3.49005,-3.49681,0.227791
571,4.31779,-4.38229,3.49181,-3.49858,0.228146
572,4.61779,-4.68229,3.49403,-3.50082,0.22847
573,4.61779,-4.68229,3.50193,-3.50872,0.228788
574,4.50132,-4.56673,3.50922,-3.51602,0.229139
575,4.50132,-4.56673,3.51401,-3.52083,0.229508
576,4.33391,-4.3899,3.51882,-3.52565,0.229873
577,4.33391,-4.3899,3.52064,-3.52733,0.230229
578,4.63391,-4.6899,3.52293,-3.52949,0.230554
579,4.63391,-4.6899,3.53088,-3.53733,0.230872
580,4.51219,-4.57901,3.53821,-3.54458,0.231223
581,4.51219,-4.57901,3.54295,-3.54943,0.231591
582,4.346,-4.40339,3.5477,-3.55428,0.231957
583,4.346,-4.40339,3.54951,-3.55601,0.232312
584,4.646,-4.70339,3.55179,-3.55821,0.232637
585,4.646,-4.70339,3.55972,-3.56608,0.232955
586,4.52877,-4.59694,3.56704,-3.57336,0.233307
587,4.52877,-4.59694,3.57185,-3.57831,0.233676
588,4.35409,-4.42241,3.57666,-3.58325,0.234043
589,4.35409,-4.42241,3.57838,-3.58507,0.234399
590,4.65409,-4.72241,3.58058,-3.58736,0.234726
591,4.65409,-4.72241,3.58845,-3.5953,0.235045
592,4.5415,-4.6106,3.59572,-3.60264,0.235398
593,4.5415,-4.6106,3.60057,-3.60755,0.235768
594,4.368,-4.43722,3.60542,-3.61246,0.236136
595,4.368,-4.43722,3.6072,-3.61428,0.236494
596,4.668,-4.73722,3.60945,-3.61657,0.236821
597,4.668,-4.73722,3.61736,-3.62451,0.237142
598,4.55983,-4.62976,3.62467,-3.63185,0.237495
599,4.55983,-4.62976,3.62963,-3.63684,0.237867
600,4.38741,-4.45741,3.63458,-3.64182,0.238237
601,4.38741,-4.45741,3.63646,-3.64373,0.238597
602,4.68741,-4.75741,3.63881,-3.6461,0.238928
603,4.68741,-4.75741,3.6468,-3.6541,0.239253
604,4.58343,-4.6445,3.65419,-3.66151,0.23961
605,4.58343,-4.6445,3.6593,-3.66647,0.239986
606,4.40236,-4.47324,3.66438,-3.67143,0.24036
607,4.40236,-4.47324,3.66623,-3.67335,0.240724
608,4.70236,-4.77324,3.66856,-3.67574,0.241058
609,4.70236,-4.77324,3.67654,-3.68377,0.241385
610,4.60271,-4.66461,3.68392,-3.6912,0.241745
611,4.60271,-4.66461,3.68912,-3.69626,0.242123
612,4.42262,-4.48475,3.69427,-3.70132,0.242501
613,4.42262,-4.48475,3.69621,-3.70317,0.242868
614,4.72262,-4.78475,3.69862,-3.70551,0.243205
615,4.72262,-4.78475,3.70666,-3.7135,0.243535
616,4.61748,-4.69015,3.71411,-3.7209,0.243898
617,4.61748,-4.69015,3.71926,-3.7262,0.244278
618,4.44804,-4.51115,3.7244,-3.73145,0.244658
619,4.44804,-4.51115,3.72651,-3.73349,0.24503
620,4.74804,-4.81115,3.72907,-3.736,0.245372
621,4.74804,-4.81115,3.73726,-3.74414,0.245708
622,4.64675,-4.71081,3.74483,-3.75168,0.246077
623,4.64675,-4.71081,3.75018,-3.757,0.246464
624,4.45889,-4.52314,3.75548,-3.76229,0.246851
625,4.45889,-4.52314,3.75743,-3.76423,0.247229
626,4.75889,-4.82313,3.75987,-3.76667,0.247576
627,4.75889,-4.82313,3.76796,-3.77475,0.247914
628,4.66201,-4.72716,3.77546,-3.78224,0.248285
629,4.66201,-4.72716,3.78082,-3.78762,0.248673
630,4.4847,-4.55004,3.78614,-3.79295,0.249062
631,4.4847,-4.55004,3.7883,-3.79512,0.249442
632,4.7847,-4.85004,3.79092,-3.79775,0.249792
633,4.7847,-4.85004,3.79916,-3.80599,0.250135
634,4.68204,-4.74824,3.8068,-3.81364,0.250512
635,4.68204,-4.74824,3.81219,-3.81905,0.250907
636,4.50562,-4.5624,3.81755,-3.82443,0.251301
637,4.50562,-4.5624,3.81977,-3.82649,0.251686
638,4.80562,-4.8624,3.82245,-3.82904,0.25204
639,4.80562,-4.8624,3.83074,-3.83724,0.252387
640,4.70692,-4.77448,3.83844,-3.84484,0.252767
641,4.70692,-4.77448,3.84395,-3.85047,0.253165
642,4.52166,-4.58935,3.84942,-3.85604,0.253564
643,4.52166,-4.58935,3.85159,-3.85829,0.253954
644,4.82166,-4.88935,3.85424,-3.86101,0.254313
645,4.82166,-4.88935,3.86252,-3.86934,0.254666
646,4.72708,-4.79556,3.87021,-3.87708,0.25505
647,4.72708,-4.79556,3.8758,-3.88273,0.255453
648,4.54263,-4.61125,3.88135,-3.88832,0.255857
649,4.54263,-4.61125,3.88361,-3.89062,0.256251
650,4.84263,-4.91125,3.88634,-3.89338,0.256615
651,4.84263,-4.91125,3.8947,-3.90177,0.256972
652,4.75196,-4.81172,3.90246,-3.90956,0.257362
653,4.75196,-4.81172,3.9082,-3.91516,0.257769
654,4.55862,-4.62826,3.91388,-3.92072,0.258177
655,4.55862,-4.62826,3.9161,-3.92302,0.258576
656,4.85862,-4.92826,3.91881,-3.9258,0.258943
657,4.85862,-4.92826,3.92716,-3.93419,0.259303
658,4.77203,-4.83275,3.93492,-3.942,0.259695
659,4.77203,-4.83275,3.94073,-3.94769,0.260105
660,4.57947,-4.65005,3.94648,-3.95334,0.260516
661,4.57947,-4.65005,3.94877,-3.95572,0.260918
662,4.87947,-4.95005,3.95156,-3.95858,0.261289
663,4.87947,-4.95005,3.95997,-3.96706,0.261653
664,4.79675,-4.85837,3.96779,-3.97493,0.262049
665,4.79675,-4.85837,3.97373,-3.98076,0.262463
666,4.60484,-4.66671,3.97959,-3.98652,0.262879
667,4.60484,-4.66671,3.98202,-3.98887,0.263286
668,4.90484,-4.96671,3.98492,-3.99171,0.263663
669,4.90484,-4.96671,3.99343,-4.00017,0.264031
670,4.81619,-4.87904,4.00135,-4.00804,0.264432
671,4.81619,-4.87904,4.00727,-4.01395,0.26485
672,4.62501,-4.68808,4.01314,-4.01979,0.26527
673,4.62501,-4.68808,4.01558,-4.02223,0.265682
674,4.92501,-4.98808,4.01851,-4.02515,0.266062
675,4.92501,-4.98808,4.02705,-4.03368,0.266434
676,4.83059,-4.89462,4.035,-4.04162,0.266839
677,4.83059,-4.89462,4.04086,-4.0475,0.267261
678,4.6402,-4.70445,4.04667,-4.05332,0.267684
679,4.6402,-4.70445,4.0491,-4.05576,0.268097
680,4.9402,-5.00445,4.05202,-4.05869,0.268479
681,4.9402,-5.00445,4.06055,-4.06723,0.268853
682,4.84978,-4.91496,4.0685,-4.07518,0.269259
683,4.84978,-4.91496,4.07443,-4.08114,0.269683
684,4.6601,-4.72547,4.08031,-4.08703,0.270107
685,4.6601,-4.72547,4.08281,-4.08955,0.270523
686,4.9601,-5.02547,4.08579,-4.09255,0.270907
687,4.9601,-5.02547,4.09437,-4.10114,0.271284
688,4.87351,-4.93975,4.10237,-4.10915,0.271693
689,4.87351,-4.93975,4.10843,-4.11523,0.27212
690,4.67484,-4.74125,4.11441,-4.12123,0.272549
691,4.67484,-4.74125,4.11685,-4.1237,0.272969
692,4.97484,-5.04125,4.1198,-4.12665,0.273357
693,4.97484,-5.04125,4.12835,-4.13522,0.273736
694,4.89226,-4.9595,4.13633,-4.14321,0.274146
695,4.89226,-4.9595,4.14245,-4.14935,0.274575
696,4.69426,-4.76163,4.14848,-4.1554,0.275005
697,4.69426,-4.76163,4.15099,-4.15793,0.275427
698,4.99426,-5.06163,4.15399,-4.16094,0.275818
699,4.99426,-5.06163,4.16259,-4.16956,0.2762
700,4.91549,-4.97405,4.17062,-4.17759,0.276613
701,4.91549,-4.97405,4.17684,-4.18367,0.277044
702,4.70848,-4.77694,4.18298,-4.18969,0.277477
703,4.70848,-4.77694,4.18542,-4.1922,0.277902
704,5.00848,-5.07694,4.18836,-4.19521,0.278294
705,5.00848,-5.07694,4.19693,-4.20382,0.278677
706,4.92412,-4.99331,4.20492,-4.21185,0.279091
707,4.92412,-4.99331,4.21102,-4.218,0.279523
708,4.72754,-4.78725,4.21706,-4.22408,0.279956
709,4.72754,-4.78725,4.2196,-4.22648,0.280381
710,5.02754,-5.08725,4.22263,-4.2294,0.280773
711,5.02754,-5.08725,4.23126,-4.23794,0.281156
712,4.94698,-5.00776,4.23931,-4.24591,0.28157
713,4.94698,-5.00776,4.24553,-4.25208,0.282002
714,4.7414,-4.80245,4.25166,-4.25817,0.282436
715,4.7414,-4.80245,4.25412,-4.26061,0.282862
716,5.0414,-5.10245,4.2571,-4.26356,0.283255
717,5.0414,-5.10245,4.26567,-4.27212,0.283638
718,4.96484,-5.02693,4.27368,-4.28011,0.284053
719,4.96484,-5.02693,4.27993,-4.28637,0.284485
720,4.75991,-4.82227,4.28609,-4.29253,0.28492
721,4.75991,-4.82227,4.2886,-4.29505,0.285346
722,5.05991,-5.12227,4.29161,-4.29807,0.285741
723,5.05991,-5.12227,4.30022,-4.30668,0.286126
724,4.97758,-5.04094,4.30826,-4.31472,0.286543
725,4.97758,-5.04094,4.31444,-4.32092,0.286977
726,4.77341,-4.83702,4.32054,-4.32704,0.287413
727,4.77341,-4.83702,4.32302,-4.32954,0.28784
728,5.07341,-5.13702,4.32601,-4.33255,0.288235
729,5.07341,-5.13702,4.3346,-4.34115,0.28862
730,4.99508,-5.05965,4.34262,-4.34917,0.289036
731,4.99508,-5.05965,4.34885,-4.35543,0.28947
732,4.78198,-4.84678,4.35501,-4.36161,0.289907
733,4.78198,-4.84678,4.35737,-4.364,0.290334
734,5.08198,-5.14678,4.36027,-4.36691,0.290728
735,5.08198,-5.14678,4.36877,-4.37543,0.291112
736,5.00786,-5.07357,4.37671,-4.38338,0.291527
737,5.00786,-5.07357,4.38296,-4.38965,0.291958
738,4.79554,-4.86143,4.38911,-4.39583,0.292393
739,4.79554,-4.86143,4.39149,-4.39823,0.292819
740,5.09554,-5.16143,4.39439,-4.40115,0.293212
741,5.09554,-5.16143,4.4029,-4.40966,0.293594
742,5.02545,-5.09219,4.41084,-4.41762,0.294008
743,5.02545,-5.09219,4.41715,-4.42395,0.294439
744,4.81382,-4.88072,4.42336,-4.43018,0.294874
745,4.81382,-4.88072,4.4258,-4.43264,0.2953
746,5.11382,-5.18072,4.42876,-4.43561,0.295694
747,5.11382,-5.18072,4.4373,-4.44417,0.296078
748,5.03799,-5.10569,4.44528,-4.45216,0.296493
749,5.03799,-5.10569,4.45153,-4.45843,0.296926
750,4.82713,-4.88537,4.45769,-4.46461,0.297362
751,4.82713,-4.88537,4.46011,-4.46688,0.297788
752,5.12713,-5.18537,4.46305,-4.46969,0.298181
753,5.12713,-5.18537,4.47157,-4.47811,0.298564
754,5.05532,-5.12429,4.47952,-4.48598,0.298976
755,5.05532,-5.12429,4.48582,-4.49239,0.299407
756,4.83555,-4.90463,4.49201,-4.49868,0.299841
757,4.83555,-4.90463,4.4943,-4.50105,0.300267
758,5.13555,-5.20463,4.49713,-4.50395,0.300659
759,5.13555,-5.20463,4.50556,-4.51243,0.301041
760,5.06796,-5.13778,4.51343,-4.52035,0.301454
761,5.06796,-5.13778,4.51974,-4.52671,0.301883
762,4.84898,-4.91889,4.52594,-4.53295,0.302317
763,4.84898,-4.91889,4.52824,-4.53529,0.302742
764,5.14898,-5.21889,4.53109,-4.53817,0.303133
765,5.14898,-5.21889,4.53952,-4.54663,0.303515
766,5.08544,-5.14644,4.5474,-4.55452,0.303926
767,5.08544,-5.14644,4.55377,-4.56076,0.304355
768,4.85757,-4.92841,4.56003,-4.5669,0.304788
769,4.85757,-4.92841,4.56223,-4.56918,0.305212
770,5.15757,-5.22841,4.56499,-4.572,0.305601
771,5.15757,-5.22841,4.57334,-4.5804,0.30598
772,5.09827,-5.16015,4.58114,-4.58824,0.306389
773,5.09827,-5.16015,4.58752,-4.59451,0.306815
774,4.87119,-4.93331,4.59377,-4.60066,0.307246
775,4.87119,-4.93331,4.59599,-4.6028,0.307668
776,5.17119,-5.23331,4.59875,-4.60549,0.308055
777,5.17119,-5.23331,4.60709,-4.61378,0.308431
778,5.10635,-5.17904,4.61488,-4.62152,0.308837
779,5.10635,-5.17904,4.62115,-4.62794,0.309261
780,4.88018,-4.95289,4.62731,-4.63421,0.309689
781,4.88018,-4.95289,4.62946,-4.63646,0.310109
782,5.18018,-5.25289,4.63215,-4.63924,0.310495
783,5.18018,-5.25289,4.64044,-4.6476,0.31087
784,5.11959,-5.19287,4.64818,-4.6554,0.311275
785,5.11959,-5.19287,4.65449,-4.66176,0.311698
786,4.89424,-4.95795,4.66067,-4.66799,0.312125
787,4.89424,-4.95795,4.66285,-4.67005,0.312544
788,5.19424,-5.25795,4.66558,-4.67267,0.312929
789,5.19424,-5.25795,4.67388,-4.68088,0.313302
790,5.13772,-5.20233,4.68163,-4.68856,0.313704
791,5.13772,-5.20233,4.688,-4.69489,0.314125
792,4.90352,-4.96829,4.69424,-4.70109,0.31455
793,4.90352,-4.96829,4.69632,-4.70313,0.314968
794,5.20352,-5.26829,4.69895,-4.70574,0.31535
795,5.20352,-5.26829,4.70716,-4.71393,0.315721
796,5.15125,-5.21689,4.71484,-4.72159,0.316121
797,5.15125,-5.21689,4.72121,-4.72797,0.316539
798,4.91786,-4.98368,4.72745,-4.73421,0.316963
799,4.91786,-4.98368,4.72954,-4.7363,0.317379
800,5.21786,-5.28368,4.73217,-4.73894,0.31776
801,5.21786,-5.28368,4.74039,-4.74715,0.318131
802,5.16007,-5.22673,4.74806,-4.75483,0.31853
803,5.16007,-5.22673,4.75434,-4.76113,0.318948
804,4.92762,-4.99443,4.7605,-4.76729,0.31937
805,4.92762,-4.99443,4.76253,-4.76934,0.319784
806,5.22762,-5.29443,4.76512,-4.77194,0.320164
807,5.22762,-5.29443,4.77329,-4.78012,0.320532
808,5.17408,-5.24169,4.78092,-4.78775,0.320929
809,5.17408,-5.24169,4.78723,-4.79409,0.321344
810,4.94247,-5.01021,4.7934,-4.80028,0.321765
811,4.94247,-5.01021,4.79547,-4.80236,0.322178
812,5.24247,-5.31021,4.79808,-4.80499,0.322557
813,5.24247,-5.31021,4.80627,-4.81318,0.322925
814,5.19301,-5.25192,4.81391,-4.82083,0.323322
815,5.19301,-5.25192,4.8203,-4.82708,0.323737
816,4.95256,-5.02136,4.82654,-4.8332,0.324157
817,4.95256,-5.02136,4.82852,-4.83524,0.32457
818,5.25256,-5.32136,4.83105,-4.83783,0.324948
819,5.25256,-5.32136,4.83916,-4.84599,0.325315
820,5.19777,-5.26728,4.84674,-4.85361,0.32571
821,5.19777,-5.26728,4.85298,-4.8599,0.326124
822,4.96793,-5.02796,4.8591,-4.86605,0.326542
823,4.96793,-5.02796,4.86115,-4.86797,0.326953
824,5.26793,-5.32796,4.86374,-4.87045,0.327328
825,5.26793,-5.32796,4.87189,-4.87851,0.327693
826,5.21719,-5.27828,4.8795,-4.88603,0.328086
827,5.21719,-5.27828,4.88583,-4.89232,0.328497
828,4.97853,-5.03988,4.89202,-4.89847,0.328914
829,4.97853,-5.03988,4.89397,-4.9004,0.329324
830,5.27853,-5.33988,4.89648,-4.90289,0.329698
831,5.27853,-5.33988,4.90456,-4.91095,0.330061
832,5.23203,-5.29433,4.9121,-4.91847,0.330453
833,5.23203,-5.29433,4.91845,-4.92483,0.330863
834,4.98463,-4.99678,4.92465,-4.93102,0.331279
835,4.98463,-4.99678,4.92646,-4.93197,0.331687
836,5.28463,-5.29678,4.92885,-4.93364,0.332054
837,5.28463,-5.29678,4.9368,-4.941,0.332406
838,5.16248,-5.12575,4.94421,-4.94791,0.332785
839,5.16248,-5.12575,4.94912,-4.95157,0.333175
840,4.86248,-4.82916,4.95406,-4.95547,0.333554
841,4.86248,-4.82916,4.95384,-4.95444,0.333912
842,5.16248,-5.12916,4.95442,-4.95434,0.334217
843,5.16248,-5.12916,4.96072,-4.96008,0.334498
844,4.99822,-4.96255,4.96659,-4.96549,0.334799
845,4.99822,-4.96255,4.96933,-4.96779,0.335107
846,4.69822,-4.66255,4.97228,-4.97038,0.335398
847,4.69822,-4.66255,4.9702,-4.96801,0.335663
848,4.99822,-4.96255,4.96902,-4.96659,0.335872
849,4.99822,-4.96255,4.97365,-4.97101,0.336056
850,4.83021,-4.7966,4.97792,-4.97511,0.336258
851,4.83021,-4.7966,4.97903,-4.97612,0.336466
852,4.53021,-4.5037,4.98041,-4.9774,0.336656
853,4.53021,-4.5037,4.9768,-4.97385,0.336821
854,4.83021,-4.8037,4.97413,-4.97121,0.33693
855,4.83021,-4.8037,4.97729,-4.97441,0.337013
856,4.66986,-4.64777,4.98012,-4.97726,0.337116
857,4.66986,-4.64777,4.97994,-4.97719,0.337224
858,4.37876,-4.34777,4.98003,-4.97736,0.337317
859,4.37876,-4.34777,4.97529,-4.97253,0.337386
860,4.67876,-4.64777,4.97146,-4.96863,0.3374
861,4.67876,-4.64777,4.97345,-4.97056,0.33739
862,4.52733,-4.49776,4.97509,-4.97216,0.337399
863,4.52733,-4.49776,4.97388,-4.97093,0.337416
864,4.22954,-4.20078,4.9729,-4.96994,0.337419
865,4.22954,-4.20078,4.96696,-4.964,0.337398
866,4.52954,-4.50078,4.96194,-4.95898,0.337324
867,4.52954,-4.50078,4.96274,-4.95978,0.337226
868,4.38433,-4.35693,4.9632,-4.96024,0.337148
869,4.38433,-4.35693,4.96091,-4.95798,0.337078
870,4.08997,-4.06334,4.95885,-4.95594,0.336996
871,4.08997,-4.06334,4.95188,-4.949,0.336891
872,4.38997,-4.36334,4.94581,-4.94295,0.336734
873,4.38997,-4.36334,4.94556,-4.94272,0.336555
874,4.2511,-4.22575,4.94496,-4.94214,0.336396
875,4.2511,-4.22575,4.94173,-4.93895,0.336247
876,3.96048,-3.94544,4.93871,-4.93596,0.336086
877,3.96048,-3.94544,4.93082,-4.92827,0.335905
878,4.26048,-4.24544,4.92383,-4.92144,0.335674
879,4.26048,-4.24544,4.92264,-4.9204,0.335421
880,4.13764,-4.11383,4.92111,-4.91898,0.335191
881,4.13764,-4.11383,4.91721,-4.91503,0.334972
882,3.85081,-3.82768,4.91348,-4.91126,0.334744
883,3.85081,-3.82768,4.90492,-4.90267,0.334497
884,4.15081,-4.12768,4.89722,-4.89495,0.334201
885,4.15081,-4.12768,4.8953,-4.89301,0.333884
886,4.02446,-4.012,4.89302,-4.89072,0.333591
887,4.02446,-4.012,4.88831,-4.88618,0.333309
888,3.7514,-3.73934,4.88375,-4.88176,0.333021
889,3.7514,-3.73934,4.87461,-4.87275,0.332714
890,4.0514,-4.03934,4.86629,-4.86453,0.332362
891,4.0514,-4.03934,4.86375,-4.86207,0.331992
892,3.94065,-3.91964,4.86082,-4.85922,0.331647
893,3.94065,-3.91964,4.85572,-4.85403,0.331314
894,3.67148,-3.65105,4.85074,-4.84896,0.330976
895,3.67148,-3.65105,4.84119,-4.83936,0.330622
896,3.97148,-3.95105,4.83243,-4.83055,0.330224
897,3.97148,-3.95105,4.82941,-4.8275,0.329808
898,3.86627,-3.84675,4.826,-4.82406,0.329419
899,3.86627,-3.84675,4.8205,-4.81854,0.329043
900,3.60108,-3.58209,4.81508,-4.81311,0.328664
901,3.60108,-3.58209,4.80514,-4.80318,0.328271
902,3.90108,-3.88209,4.79598,-4.79401,0.327836
903,3.90108,-3.88209,4.79255,-4.79059,0.327385
904,3.80123,-3.78314,4.78871,-4.78675,0.32696
905,3.80123,-3.78314,4.78286,-4.78092,0.32655
906,3.54003,-3.53204,4.77709,-4.77515,0.326139
907,3.54003,-3.53204,4.76685,-4.7651,0.325715
908,3.84003,-3.83204,4.75736,-4.75577,0.32525
909,3.84003,-3.83204,4.7536,-4.75214,0.324771
910,3.75495,-3.73784,4.74943,-4.74808,0.32432
911,3.75495,-3.73784,4.7435,-4.74208,0.323884
912,3.49753,-3.49049,4.7376,-4.73612,0.32345
913,3.49753,-3.49049,4.72727,-4.72592,0.323004
914,3.79753,-3.79049,4.71766,-4.71641,0.32252
915,3.79753,-3.79049,4.71376,-4.7126,0.322022
916,3.71707,-3.71042,4.70944,-4.70835,0.321553
917,3.71707,-3.71042,4.70341,-4.70239,0.321101
918,3.47295,-3.46654,4.6974,-4.69644,0.320652
919,3.47295,-3.46654,4.68717,-4.68626,0.320194
920,3.77295,-3.76654,4.67762,-4.67675,0.319699
921,3.77295,-3.76654,4.67375,-4.67292,0.319192
922,3.69646,-3.69038,4.66943,-4.66862,0.318716
923,3.69646,-3.69038,4.66347,-4.66269,0.318257
924,3.46535,-3.44988,4.65749,-4.65673,0.317802
925,3.46535,-3.44988,4.6475,-4.6466,0.31734
926,3.76535,-3.74988,4.63813,-4.63712,0.316842
927,3.76535,-3.74988,4.63442,-4.63331,0.316335
928,3.69215,-3.68694,4.63023,-4.62904,0.315858
929,3.69215,-3.68694,4.62443,-4.62334,0.315401
930,3.4641,-3.44948,4.61859,-4.6176,0.314949
931,3.4641,-3.44948,4.60877,-4.60769,0.314491
932,3.7641,-3.74948,4.59956,-4.59841,0.313999
933,3.7641,-3.74948,4.596,-4.59479,0.313498
934,3.69391,-3.68953,4.59195,-4.59068,0.313029
935,3.69391,-3.68953,4.58633,-4.5852,0.31258
936,3.46875,-3.46454,4.58066,-4.57965,0.312137
937,3.46875,-3.46454,4.57105,-4.57013,0.311688
938,3.76875,-3.76454,4.56204,-4.5612,0.311208
939,3.76875,-3.76454,4.55867,-4.5579,0.310719
940,3.71084,-3.70687,4.5548,-4.55409,0.310263
941,3.71084,-3.70687,4.54958,-4.54892,0.309828
942,3.49777,-3.48437,4.54428,-4.54366,0.3094
943,3.49777,-3.48437,4.53521,-4.53446,0.308969
944,3.79777,-3.78437,4.52669,-4.52584,0.308507
945,3.79777,-3.78437,4.52378,-4.52283,0.308039
946,3.7415,-3.73827,4.52034,-4.51932,0.307604
947,3.7415,-3.73827,4.51555,-4.51465,0.307191
948,3.52095,-3.51783,4.51065,-4.50984,0.306787
949,3.52095,-3.51783,4.50185,-4.50112,0.30638
950,3.82095,-3.81783,4.4936,-4.49294,0.305943
951,3.82095,-3.81783,4.49097,-4.49037,0.305499
952,3.77596,-3.77304,4.48782,-4.48726,0.30509
953,3.77596,-3.77304,4.48352,-4.48301,0.304702
954,3.56682,-3.55442,4.47909,-4.47862,0.304324
955,3.56682,-3.55442,4.47093,-4.47032,0.303944
956,3.86682,-3.85442,4.46328,-4.46255,0.303536
957,3.86682,-3.85442,4.46122,-4.4604,0.303123
958,3.82246,-3.8106,4.45861,-4.45771,0.302744
959,3.82246,-3.8106,4.45484,-4.45388,0.302387
960,3.61474,-3.60316,4.45092,-4.44992,0.302041
961,3.61474,-3.60316,4.44327,-4.44224,0.301693
962,3.91474,-3.90316,4.43612,-4.43506,0.301319
963,3.91474,-3.90316,4.43455,-4.43347,0.300939
964,3.87072,-3.85966,4.43243,-4.43132,0.300595
965,3.87072,-3.85966,4.42915,-4.42803,0.300273
966,3.66414,-3.66297,4.42571,-4.42459,0.299962
967,3.66414,-3.66297,4.41856,-4.41761,0.29965
968,3.96414,-3.96297,4.41191,-4.4111,0.299312
969,3.96414,-3.96297,4.41084,-4.41014,0.29897
970,3.92015,-3.9191,4.40921,-4.40861,0.298663
971,3.92015,-3.9191,4.40643,-4.40591,0.29838
972,3.72405,-3.71351,4.40349,-4.40304,0.298108
973,3.72405,-3.71351,4.39703,-4.39647,0.297834
974,4.02405,-4.01351,4.39102,-4.39037,0.297534
975,4.02405,-4.01351,4.39058,-4.38986,0.297231
976,3.97946,-3.97896,4.38957,-4.38878,0.296963
977,3.97946,-3.97896,4.38737,-4.3867,0.296718
978,3.78382,-3.77378,4.385,-4.38444,0.296485
979,3.78382,-3.77378,4.37911,-4.37846,0.296251
980,4.08382,-4.07378,4.37366,-4.37296,0.295992
981,4.08382,-4.07378,4.37379,-4.37302,0.295729
982,4.03836,-4.03837,4.37333,-4.37251,0.295501
983,4.03836,-4.03837,4.37166,-4.37098,0.295297
984,3.84292,-3.84298,4.36983,-4.36927,0.295104
985,3.84292,-3.84298,4.36447,-4.36401,0.294911
986,4.14292,-4.14298,4.35957,-4.35918,0.294692
987,4.14292,-4.14298,4.36023,-4.35991,0.294471
988,4.10596,-4.10608,4.36031,-4.36004,0.294285
989,4.10596,-4.10608,4.35934,-4.35912,0.294122
990,3.9103,-3.90087,4.35817,-4.35799,0.293972
991,3.9103,-3.90087,4.35347,-4.35315,0.293821
992,4.2103,-4.20087,4.3492,-4.34877,0.293645
993,4.2103,-4.20087,4.35048,-4.34996,0.293465
994,4.17167,-4.16264,4.35117,-4.35057,0.293321
995,4.17167,-4.16264,4.35076,-4.35011,0.293199
996,3.97556,-3.96672,4.35016,-4.34946,0.29309
997,3.97556,-3.96672,4.346,-4.34527,0.29298
998,4.27556,-4.26672,4.34228,-4.34151,0.292844
999,4.27556,-4.26672,4.34411,-4.34332,0.292705
1000,4.22549,-4.22663,4.34535,-4.34453,0.292602
1001,4.22549,-4.22663,4.34529,-4.34463,0.292521
1002,4.02889,-4.03006,4.34507,-4.34454,0.292452
1003,4.02889,-4.03006,4.34131,-4.34089,0.29238
1004,4.32889,-4.33006,4.338,-4.33767,0.292283
1005,4.32889,-4.33006,4.34026,-4.34001,0.292182
1006,4.28676,-4.28794,4.34194,-4.34175,0.292116
1007,4.28676,-4.28794,4.34247,-4.34233,0.292073
1008,4.09889,-4.09051,4.34282,-4.34272,0.292041
1009,4.09889,-4.09051,4.33976,-4.33954,0.292007
1010,4.39889,-4.39051,4.33713,-4.3368,0.291948
1011,4.39889,-4.39051,4.34004,-4.33962,0.291886
1012,4.35428,-4.34623,4.34234,-4.34184,0.291859
1013,4.35428,-4.34623,4.34344,-4.34288,0.291855
1014,4.15563,-4.14775,4.34435,-4.34374,0.291861
1015,4.15563,-4.14775,4.34165,-4.34101,0.291866
1016,4.45563,-4.44775,4.3394,-4.33873,0.291844
1017,4.45563,-4.44775,4.34271,-4.34202,0.291818
1018,4.40875,-4.40123,4.34543,-4.34471,0.291827
1019,4.40875,-4.40123,4.3469,-4.34618,0.291858
1020,4.2089,-4.20157,4.34821,-4.34747,0.291899
1021,4.2089,-4.20157,4.3459,-4.34516,0.291937
1022,4.5089,-4.50157,4.34404,-4.3433,0.291948
1023,4.5089,-4.50157,4.34775,-4.347,0.291955
1024,4.45972,-4.46231,4.35087,-4.35012,0.291995
1025,4.45972,-4.46231,4.35271,-4.35214,0.292058
1026,4.25855,-4.26115,4.35439,-4.35396,0.292131
1027,4.25855,-4.26115,4.35245,-4.35213,0.292202
1028,4.55855,-4.56115,4.35097,-4.35075,0.292245
1029,4.55855,-4.56115,4.35505,-4.35492,0.292283
1030,4.50702,-4.50957,4.35856,-4.35849,0.292355
1031,4.50702,-4.50957,4.36076,-4.36074,0.292449
1032,4.30443,-4.29737,4.3628,-4.36283,0.292552
1033,4.30443,-4.29737,4.36119,-4.36109,0.292651
1034,4.60443,-4.59737,4.36005,-4.35985,0.292721
1035,4.60443,-4.59737,4.36449,-4.3642,0.292785
1036,4.55052,-4.54376,4.36834,-4.36797,0.292882
1037,4.55052,-4.54376,4.37083,-4.37041,0.293
1038,4.33685,-4.3398,4.37317,-4.3727,0.293126
1039,4.33685,-4.3398,4.37168,-4.37134,0.293248
1040,4.63685,-4.6398,4.37068,-4.37045,0.29334
1041,4.63685,-4.6398,4.37528,-4.37514,0.293425
1042,4.58094,-4.58381,4.37931,-4.37925,0.293543
1043,4.58094,-4.58381,4.38197,-4.38196,0.293681
1044,4.37546,-4.37831,4.38449,-4.38454,0.293827
1045,4.37546,-4.37831,4.38333,-4.38342,0.293968
1046,4.67546,-4.67831,4.38266,-4.38278,0.29408
1047,4.67546,-4.67831,4.38757,-4.38772,0.294185
1048,4.61722,-4.61996,4.39191,-4.39209,0.294323
1049,4.61722,-4.61996,4.39482,-4.39502,0.294481
1050,4.41015,-4.40325,4.3976,-4.39781,0.294647
1051,4.41015,-4.40325,4.39668,-4.39673,0.294807
1052,4.71015,-4.70325,4.39624,-4.39616,0.294936
1053,4.71015,-4.70325,4.40138,-4.4012,0.295058
1054,4.64001,-4.64297,4.40595,-4.40568,0.295213
1055,4.64001,-4.64297,4.40888,-4.40871,0.295386
1056,4.43152,-4.43438,4.41171,-4.41162,0.295566
1057,4.43152,-4.43438,4.41083,-4.4108,0.295739
1058,4.73152,-4.73438,4.41046,-4.41049,0.295881
1059,4.73152,-4.73438,4.41569,-4.41576,0.296016
1060,4.6595,-4.66227,4.42036,-4.42046,0.296182
1061,4.6595,-4.66227,4.42337,-4.42351,0.296368
1062,4.44954,-4.45226,4.42629,-4.42645,0.296558
1063,4.44954,-4.45226,4.42548,-4.42566,0.296741
1064,4.74954,-4.75226,4.42519,-4.42539,0.296893
1065,4.74954,-4.75226,4.4305,-4.43072,0.297036
1066,4.67575,-4.67834,4.43526,-4.43549,0.297211
1067,4.67575,-4.67834,4.43833,-4.43857,0.297404
1068,4.46437,-4.4669,4.44132,-4.44156,0.297602
1069,4.46437,-4.4669,4.44057,-4.44081,0.297792
1070,4.76437,-4.7669,4.44034,-4.44058,0.297949
1071,4.76437,-4.7669,4.44571,-4.44596,0.298098
1072,4.68887,-4.69128,4.45053,-4.45078,0.298279
1073,4.68887,-4.69128,4.45363,-4.45388,0.298478
1074,4.46651,-4.46885,4.45666,-4.45691,0.29868
1075,4.46651,-4.46885,4.45576,-4.45601,0.298874
1076,4.76651,-4.76885,4.45541,-4.45566,0.299034
1077,4.76651,-4.76885,4.46069,-4.46094,0.299184
1078,4.69938,-4.69201,4.46544,-4.46568,0.299364
1079,4.69938,-4.69201,4.46862,-4.4687,0.299562
1080,4.47567,-4.47802,4.47172,-4.47166,0.299764
1081,4.47567,-4.47802,4.47085,-4.47084,0.299957
1082,4.77567,-4.77802,4.47053,-4.47056,0.300117
1083,4.77567,-4.77802,4.47583,-4.4759,0.300268
1084,4.69745,-4.6997,4.48059,-4.48069,0.300449
1085,4.69745,-4.6997,4.48361,-4.48373,0.300648
1086,4.47265,-4.47485,4.48656,-4.48669,0.300849
1087,4.47265,-4.47485,4.48555,-4.4857,0.301042
1088,4.77265,-4.77485,4.48511,-4.48528,0.301199
1089,4.77265,-4.77485,4.4903,-4.49048,0.301347
1090,4.69342,-4.69552,4.49497,-4.49515,0.301524
1091,4.69342,-4.69552,4.49788,-4.49807,0.301718
1092,4.46759,-4.46964,4.50073,-4.50093,0.301915
1093,4.46759,-4.46964,4.49961,-4.49981,0.302102
1094,4.76759,-4.76964,4.49907,-4.49927,0.302254
1095,4.76759,-4.76964,4.50416,-4.50437,0.302395
1096,4.68747,-4.67985,4.50873,-4.50894,0.302566
1097,4.68747,-4.67985,4.51153,-4.51157,0.302754
1098,4.45111,-4.45322,4.51428,-4.51418,0.302943
1099,4.45111,-4.45322,4.51287,-4.51282,0.303121
1100,4.75111,-4.75322,4.51207,-4.51207,0.303263
1101,4.75111,-4.75322,4.51692,-4.51696,0.303393
1102,4.67061,-4.67262,4.52127,-4.52133,0.303553
1103,4.67061,-4.67262,4.52385,-4.52394,0.303729
1104,4.44318,-4.44515,4.52638,-4.52649,0.303906
1105,4.44318,-4.44515,4.52493,-4.52506,0.304074
1106,4.74319,-4.74515,4.52408,-4.52421,0.304206
1107,4.74319,-4.74515,4.52886,-4.52901,0.304326
1108,4.65245,-4.65434,4.53312,-4.53328,0.304476
1109,4.65245,-4.65434,4.53543,-4.5356,0.304643
1110,4.42447,-4.4263,4.53773,-4.5379,0.30481
1111,4.42447,-4.4263,4.53605,-4.53622,0.304966
1112,4.72447,-4.72631,4.53497,-4.53514,0.305086
1113,4.72447,-4.72631,4.53953,-4.53971,0.305193
1114,4.64318,-4.63535,4.54359,-4.54377,0.30533
1115,4.64318,-4.63535,4.54587,-4.54589,0.305484
1116,4.40494,-4.40684,4.54811,-4.54798,0.305638
1117,4.40494,-4.40684,4.54617,-4.5461,0.305781
1118,4.70494,-4.70684,4.54485,-4.54483,0.305888
1119,4.70494,-4.70684,4.54919,-4.5492,0.305982
1120,4.62362,-4.61585,4.55302,-4.55307,0.306105
1121,4.62362,-4.61585,4.55509,-4.55499,0.306245
1122,4.38502,-4.38698,4.55712,-4.5569,0.306385
1123,4.38502,-4.38698,4.55497,-4.55482,0.306515
1124,4.68502,-4.68698,4.55344,-4.55335,0.306607
1125,4.68502,-4.68698,4.55758,-4.55754,0.306687
1126,4.59419,-4.59607,4.56121,-4.56121,0.306796
1127,4.59419,-4.59607,4.56291,-4.56295,0.306922
1128,4.36507,-4.36694,4.5646,-4.56467,0.307047
1129,4.36507,-4.36694,4.56231,-4.56239,0.307161
1130,4.66507,-4.66694,4.56063,-4.56073,0.307238
1131,4.66507,-4.66694,4.5646,-4.56471,0.307304
1132,4.57441,-4.57619,4.56806,-4.56819,0.307398
1133,4.57441,-4.57619,4.5696,-4.56974,0.307509
1134,4.34513,-4.33729,4.57112,-4.57126,0.30762
1135,4.34513,-4.33729,4.56864,-4.56863,0.30772
1136,4.64513,-4.63729,4.56678,-4.56664,0.307783
1137,4.64513,-4.63729,4.57057,-4.57031,0.307833
1138,4.55472,-4.55677,4.57385,-4.5735,0.307912
1139,4.55472,-4.55677,4.5752,-4.57494,0.308007
1140,4.31577,-4.31777,4.57653,-4.57635,0.308103
1141,4.31577,-4.31777,4.5737,-4.57358,0.308188
1142,4.61577,-4.61777,4.57151,-4.57145,0.308235
1143,4.61577,-4.61777,4.57498,-4.57497,0.30827
1144,4.52609,-4.52802,4.57797,-4.57799,0.308333
1145,4.52609,-4.52802,4.57905,-4.57911,0.308413
1146,4.29689,-4.28923,4.58013,-4.58021,0.308492
1147,4.29689,-4.28923,4.57722,-4.57715,0.308561
1148,4.59689,-4.58923,4.57493,-4.57474,0.308592
1149,4.59689,-4.58923,4.57828,-4.57799,0.30861
1150,4.50763,-4.50985,4.58113,-4.58076,0.308658
1151,4.50763,-4.50985,4.58207,-4.5818,0.308722
1152,4.26895,-4.27113,4.583,-4.58281,0.308787
1153,4.26895,-4.27113,4.57977,-4.57965,0.308842
1154,4.56895,-4.57113,4.57718,-4.57711,0.308859
1155,4.56895,-4.57113,4.58025,-4.58024,0.308863
1156,4.48056,-4.48266,4.58284,-4.58287,0.308896
1157,4.48056,-4.48266,4.58354,-4.5836,0.308946
1158,4.24222,-4.2443,4.58424,-4.58433,0.308996
1159,4.24222,-4.2443,4.58079,-4.5809,0.309035
1160,4.54222,-4.5443,4.57798,-4.57811,0.309036
1161,4.54222,-4.5443,4.58084,-4.58098,0.309025
1162,4.45474,-4.45673,4.58321,-4.58337,0.309042
1163,4.45474,-4.45673,4.58372,-4.58388,0.309075
1164,4.22641,-4.21877,4.58421,-4.58438,0.309109
1165,4.22641,-4.21877,4.58074,-4.58074,0.309132
1166,4.52641,-4.51877,4.57787,-4.57774,0.309119
1167,4.52641,-4.51877,4.58065,-4.58041,0.309093
1168,4.4395,-4.44174,4.58292,-4.58259,0.309097
1169,4.4395,-4.44174,4.58333,-4.58309,0.309117
1170,4.20189,-4.20407,4.58371,-4.58355,0.309139
1171,4.20189,-4.20407,4.57995,-4.57986,0.309151
1172,4.50189,-4.50408,4.57683,-4.57679,0.309127
1173,4.50189,-4.50408,4.57936,-4.57937,0.30909
1174,4.41598,-4.4181,4.58141,-4.58146,0.309082
1175,4.41598,-4.4181,4.58162,-4.58169,0.309091
1176,4.17888,-4.18097,4.58182,-4.58191,0.3091
1177,4.17888,-4.18097,4.57788,-4.578,0.3091
1178,4.47888,-4.48097,4.57458,-4.57471,0.309062
1179,4.47888,-4.48097,4.57695,-4.57709,0.309012
1180,4.39398,-4.39599,4.57882,-4.57898,0.308991
1181,4.39398,-4.39599,4.57887,-4.57904,0.308987
1182,4.16705,-4.15942,4.57891,-4.57908,0.308983
1183,4.16705,-4.15942,4.57499,-4.575,0.30897
1184,4.46705,-4.45942,4.57168,-4.57155,0.308921
1185,4.46705,-4.45942,4.574,-4.57377,0.308859
1186,4.3828,-4.38505,4.57582,-4.5755,0.308828
1187,4.3828,-4.38505,4.57582,-4.57559,0.308814
1188,4.14673,-4.14892,4.57579,-4.57563,0.308802
1189,4.14673,-4.14892,4.57163,-4.57154,0.30878
1190,4.44673,-4.44892,4.5681,-4.56806,0.308723
1191,4.44673,-4.44892,4.57023,-4.57024,0.308653
1192,4.36351,-4.36562,4.57187,-4.57192,0.308614
1193,4.36351,-4.36562,4.57172,-4.57179,0.308591
1194,4.12806,-4.13015,4.57154,-4.57163,0.30857
1195,4.12806,-4.13015,4.56725,-4.56737,0.308539
1196,4.42806,-4.43015,4.56359,-4.56372,0.308472
1197,4.42806,-4.43015,4.56559,-4.56574,0.308392
1198,4.35546,-4.34788,4.5671,-4.56726,0.308343
1199,4.35546,-4.34788,4.567,-4.567,0.30831
1200,4.1205,-4.12264,4.56685,-4.56671,0.30828
1201,4.1205,-4.12264,4.56257,-4.5625,0.308241
1202,4.4205,-4.42264,4.5589,-4.55888,0.308167
1203,4.4205,-4.42264,4.56088,-4.5609,0.308083
1204,4.33895,-4.341,4.56236,-4.56241,0.308028
1205,4.33895,-4.341,4.56207,-4.56215,0.307991
1206,4.10466,-4.10669,4.56174,-4.56184,0.307956
1207,4.10466,-4.10669,4.55732,-4.55744,0.307911
1208,4.40466,-4.40669,4.55353,-4.55366,0.307831
1209,4.40466,-4.40669,4.55539,-4.55553,0.30774
1210,4.33368,-4.33562,4.55675,-4.55691,0.307678
1211,4.33368,-4.33562,4.55653,-4.55669,0.307633
1212,4.09989,-4.10177,4.55624,-4.55641,0.307593
1213,4.09989,-4.10177,4.55186,-4.55203,0.307544
1214,4.39989,-4.40177,4.54808,-4.54826,0.30746
1215,4.39989,-4.40177,4.54995,-4.55013,0.307366
1216,4.31993,-4.32172,4.55131,-4.55149,0.307301
1217,4.31993,-4.32172,4.55092,-4.55111,0.307254
1218,4.09641,-4.09815,4.5505,-4.55068,0.30721
1219,4.09641,-4.09815,4.54617,-4.54635,0.307157
1220,4.39641,-4.39815,4.54242,-4.5426,0.30707
1221,4.39641,-4.39815,4.54431,-4.54449,0.306972
1222,4.317,-4.31865,4.54569,-4.54587,0.306906
1223,4.317,-4.31865,4.54532,-4.5455,0.306857
1224,4.09397,-4.086,4.5449,-4.54508,0.306812
1225,4.09397,-4.086,4.54058,-4.54059,0.306757
1226,4.39397,-4.386,4.53685,-4.53672,0.306669
1227,4.39397,-4.386,4.53874,-4.53849,0.306569
1228,4.31507,-4.31699,4.54011,-4.53977,0.3065
1229,4.31507,-4.31699,4.53975,-4.53949,0.30645
1230,4.09249,-4.08478,4.53933,-4.53915,0.306403
1231,4.09249,-4.08478,4.53501,-4.53473,0.306347
1232,4.3925,-4.38478,4.53127,-4.53091,0.306258
1233,4.3925,-4.38478,4.53317,-4.53273,0.306159
1234,4.31408,-4.31627,4.53454,-4.53404,0.30609
1235,4.31408,-4.31627,4.53418,-4.5338,0.306039
1236,4.09193,-4.08452,4.53378,-4.5335,0.305993
1237,4.09193,-4.08452,4.52947,-4.52911,0.305938
1238,4.39193,-4.38452,4.52575,-4.52532,0.30585
1239,4.39193,-4.38452,4.52765,-4.52717,0.305751
1240,4.31395,-4.31646,4.52904,-4.52851,0.305683
1241,4.31395,-4.31646,4.5287,-4.5283,0.305634
1242,4.09224,-4.08513,4.52831,-4.52803,0.305588
1243,4.09224,-4.08513,4.52404,-4.52367,0.305535
1244,4.39224,-4.38513,4.52034,-4.51991,0.305448
1245,4.39224,-4.38513,4.52227,-4.52179,0.305351
1246,4.31466,-4.31746,4.52368,-4.52316,0.305284
1247,4.31466,-4.31746,4.52337,-4.52298,0.305236
1248,4.09333,-4.09612,4.52301,-4.52274,0.305193
1249,4.09333,-4.09612,4.51876,-4.51859,0.305141
1250,4.39333,-4.39612,4.5151,-4.515,0.305057
1251,4.39333,-4.39612,4.51706,-4.51703,0.304963
1252,4.31612,-4.31883,4.51851,-4.51853,0.304901
1253,4.31612,-4.31883,4.51824,-4.51831,0.304857
1254,4.09517,-4.09785,4.51793,-4.51803,0.304816
1255,4.09517,-4.09785,4.51374,-4.51387,0.304768
1256,4.39517,-4.39785,4.51012,-4.51027,0.304687
1257,4.39517,-4.39785,4.51213,-4.51231,0.304596
1258,4.32786,-4.33044,4.51363,-4.51382,0.304536
1259,4.32786,-4.33044,4.51358,-4.51378,0.304495
1260,4.09746,-4.09999,4.51345,-4.51367,0.304459
1261,4.09746,-4.09999,4.50926,-4.50948,0.304416
1262,4.39746,-4.39999,4.50566,-4.50589,0.304338
1263,4.39746,-4.39999,4.50769,-4.50792,0.304251
1264,4.33044,-4.33284,4.50921,-4.50945,0.304195
1265,4.33044,-4.33284,4.50919,-4.50943,0.304157
1266,4.10992,-4.11225,4.5091,-4.50934,0.304124
1267,4.10992,-4.11225,4.50512,-4.50536,0.304084
1268,4.40992,-4.41225,4.50169,-4.50193,0.304012
1269,4.40992,-4.41225,4.50389,-4.50413,0.303931
1270,4.3427,-4.33534,4.50555,-4.50579,0.303881
1271,4.3427,-4.33534,4.50567,-4.50575,0.30385
1272,4.11267,-4.11504,4.50571,-4.50564,0.303823
1273,4.11267,-4.11504,4.50168,-4.50166,0.30379
1274,4.41267,-4.41504,4.49823,-4.49826,0.303722
1275,4.41267,-4.41504,4.50041,-4.50048,0.303645
1276,4.34565,-4.34789,4.50208,-4.50218,0.303599
1277,4.34565,-4.34789,4.50221,-4.50233,0.303572
1278,4.1254,-4.1276,4.50227,-4.50241,0.30355
1279,4.1254,-4.1276,4.49843,-4.49859,0.303521
1280,4.4254,-4.4276,4.49516,-4.49532,0.303459
1281,4.4254,-4.4276,4.4975,-4.49768,0.303389
1282,4.35812,-4.35065,4.49931,-4.4995,0.30335
1283,4.35812,-4.35065,4.49958,-4.4996,0.30333
1284,4.12828,-4.13054,4.49976,-4.49965,0.303315
1285,4.12828,-4.13054,4.49588,-4.49583,0.303292
1286,4.42828,-4.43054,4.49258,-4.49257,0.303235
1287,4.42828,-4.43054,4.49491,-4.49495,0.303169
1288,4.36111,-4.36329,4.49672,-4.49679,0.303134
1289,4.36111,-4.36329,4.497,-4.4971,0.303117
1290,4.14101,-4.14314,4.4972,-4.49731,0.303106
1291,4.14101,-4.14314,4.49351,-4.49364,0.303088
1292,4.44101,-4.44314,4.49038,-4.49053,0.303037
1293,4.44101,-4.44314,4.49286,-4.49303,0.302977
1294,4.37354,-4.37559,4.49482,-4.49499,0.302949
1295,4.37354,-4.37559,4.49523,-4.49541,0.30294
1296,4.15336,-4.15535,4.49555,-4.49573,0.302936
1297,4.15336,-4.15535,4.49198,-4.49217,0.302925
1298,4.45336,-4.45535,4.48896,-4.48916,0.302882
1299,4.45336,-4.45535,4.49157,-4.49176,0.30283
1300,4.38556,-4.37786,4.49364,-4.49383,0.30281
1301,4.38556,-4.37786,4.49415,-4.49418,0.302808
1302,4.15566,-4.1577,4.49457,-4.49446,0.302811
1303,4.15566,-4.1577,4.49093,-4.49088,0.302806
1304,4.45566,-4.4577,4.48787,-4.48786,0.302768
1305,4.45566,-4.4577,4.49044,-4.49047,0.302719
1306,4.38785,-4.3898,4.4925,-4.49256,0.302702
1307,4.38785,-4.3898,4.493,-4.49308,0.302704
1308,4.16759,-4.16951,4.49343,-4.49353,0.30271
1309,4.16759,-4.16951,4.48997,-4.49009,0.302709
1310,4.46759,-4.46951,4.48706,-4.48719,0.302675
1311,4.46759,-4.46951,4.48978,-4.48992,0.302633
1312,4.39938,-4.40122,4.49196,-4.49212,0.302622
1313,4.39938,-4.40122,4.49259,-4.49274,0.30263
1314,4.17897,-4.18075,4.49312,-4.49329,0.302643
1315,4.17897,-4.18075,4.48976,-4.48993,0.302649
1316,4.47897,-4.48075,4.48696,-4.48713,0.302622
1317,4.47897,-4.48075,4.48978,-4.48995,0.302586
1318,4.41037,-4.41208,4.49206,-4.49224,0.302582
1319,4.41037,-4.41208,4.49277,-4.49295,0.302597
1320,4.18975,-4.18181,4.4934,-4.49358,0.302616
1321,4.18975,-4.18181,4.49013,-4.49014,0.302628
1322,4.48975,-4.48181,4.48741,-4.48728,0.302607
1323,4.48975,-4.48181,4.49031,-4.49006,0.302577
1324,4.41113,-4.41309,4.49267,-4.49233,0.302577
1325,4.41113,-4.41309,4.49329,-4.49304,0.302596
1326,4.19049,-4.19238,4.49384,-4.49367,0.302618
1327,4.19049,-4.19238,4.49051,-4.4904,0.302633
1328,4.49049,-4.49238,4.48776,-4.4877,0.302615
1329,4.49049,-4.49238,4.49063,-4.49061,0.302587
1330,4.42139,-4.42323,4.49298,-4.493,0.30259
1331,4.42139,-4.42323,4.49375,-4.4938,0.302612
1332,4.20049,-4.20231,4.49444,-4.49451,0.302639
1333,4.20049,-4.20231,4.49124,-4.49133,0.302658
1334,4.50049,-4.50231,4.48859,-4.4887,0.302645
1335,4.50049,-4.50231,4.49157,-4.49169,0.302622
1336,4.43098,-4.43271,4.49401,-4.49415,0.302631
1337,4.43098,-4.43271,4.49487,-4.49501,0.302659
1338,4.20985,-4.21156,4.49565,-4.4958,0.302691
1339,4.20985,-4.21156,4.49252,-4.49268,0.302716
1340,4.50985,-4.51156,4.48996,-4.49011,0.302708
1341,4.50985,-4.51156,4.49301,-4.49317,0.30269
1342,4.43988,-4.43194,4.49553,-4.49569,0.302704
1343,4.43988,-4.43194,4.49645,-4.49645,0.302737
1344,4.21849,-4.21068,4.4973,-4.49716,0.302773
1345,4.21849,-4.21068,4.49423,-4.49398,0.302802
1346,4.51849,-4.51068,4.49172,-4.49137,0.302797
1347,4.51849,-4.51068,4.49482,-4.4944,0.302783
1348,4.43849,-4.44057,4.4974,-4.49691,0.302799
1349,4.43849,-4.44057,4.49819,-4.49783,0.302834
1350,4.21699,-4.21905,4.49894,-4.49867,0.302873
1351,4.21699,-4.21905,4.49579,-4.4956,0.302903
1352,4.51698,-4.51905,4.49322,-4.4931,0.3029
1353,4.51698,-4.51905,4.49627,-4.49621,0.302888
1354,4.44648,-4.4485,4.49881,-4.49879,0.302906
1355,4.44648,-4.4485,4.49975,-4.49977,0.302943
1356,4.22471,-4.22669,4.50061,-4.50067,0.302984
1357,4.22471,-4.22669,4.49757,-4.49765,0.303018
1358,4.52471,-4.52669,4.49509,-4.49519,0.303019
1359,4.52471,-4.52669,4.49823,-4.49835,0.30301
1360,4.45381,-4.44612,4.50085,-4.50098,0.303032
1361,4.45381,-4.44612,4.50185,-4.50183,0.303072
1362,4.22216,-4.22423,4.50278,-4.50262,0.303116
1363,4.22216,-4.22423,4.49962,-4.49953,0.303152
1364,4.52216,-4.52423,4.49705,-4.49701,0.303154
1365,4.52216,-4.52423,4.50012,-4.50012,0.303145
1366,4.45122,-4.45318,4.50267,-4.50271,0.303167
1367,4.45122,-4.45318,4.50362,-4.50369,0.303206
1368,4.22905,-4.23098,4.5045,-4.50459,0.30325
1369,4.22905,-4.23098,4.50147,-4.50158,0.303286
1370,4.52905,-4.53098,4.49901,-4.49913,0.303289
1371,4.52905,-4.53098,4.50217,-4.5023,0.303282
1372,4.45769,-4.45955,4.5048,-4.50495,0.303306
1373,4.45769,-4.45955,4.50582,-4.50597,0.303349
1374,4.23527,-4.2275,4.50676,-4.50692,0.303395
1375,4.23527,-4.2275,4.50378,-4.50378,0.303434
1376,4.53527,-4.5275,4.50137,-4.50123,0.303439
1377,4.53527,-4.5275,4.50457,-4.50432,0.303434
1378,4.45391,-4.45604,4.50725,-4.5069,0.303459
1379,4.45391,-4.45604,4.50813,-4.50788,0.303502
1380,4.23139,-4.23348,4.50896,-4.50879,0.303548
1381,4.23139,-4.23348,4.50588,-4.50577,0.303586
1382,4.53139,-4.53348,4.50338,-4.50333,0.303591
1383,4.53139,-4.53348,4.50652,-4.50651,0.303585
1384,4.45959,-4.46161,4.50913,-4.50916,0.30361
1385,4.45959,-4.46161,4.51013,-4.51019,0.303653
1386,4.2368,-4.2292,4.51106,-4.51114,0.3037
1387,4.2368,-4.2292,4.50806,-4.508,0.30374
1388,4.5368,-4.5292,4.50563,-4.50545,0.303745
1389,4.5368,-4.5292,4.50882,-4.50854,0.30374
1390,4.45506,-4.45734,4.51149,-4.51112,0.303765
1391,4.45506,-4.45734,4.51235,-4.51209,0.303808
1392,4.2322,-4.23443,4.51317,-4.51299,0.303854
1393,4.2322,-4.23443,4.51008,-4.50997,0.303892
1394,4.5322,-4.53443,4.50757,-4.50751,0.303896
1395,4.5322,-4.53443,4.51069,-4.51068,0.30389
1396,4.46005,-4.46222,4.5133,-4.51333,0.303915
1397,4.46005,-4.46222,4.51428,-4.51434,0.303957
1398,4.23693,-4.22947,4.51519,-4.51528,0.304004
1399,4.23693,-4.22947,4.51217,-4.51212,0.304043
1400,4.53693,-4.52947,4.50973,-4.50955,0.304047
1401,4.53693,-4.52947,4.51291,-4.51263,0.304041
1402,4.45487,-4.45729,4.51556,-4.5152,0.304066
1403,4.45487,-4.45729,4.5164,-4.51614,0.304108
1404,4.23169,-4.23408,4.5172,-4.51703,0.304153
1405,4.23169,-4.23408,4.51408,-4.51398,0.30419
1406,4.53169,-4.53408,4.51155,-4.51151,0.304193
1407,4.53169,-4.53408,4.51466,-4.51466,0.304186
1408,4.45925,-4.45198,4.51724,-4.51729,0.304209
1409,4.45925,-4.45198,4.5182,-4.51811,0.304251
1410,4.22625,-4.22873,4.51909,-4.51889,0.304295
1411,4.22625,-4.22873,4.51587,-4.51575,0.304331
1412,4.52625,-4.52873,4.51326,-4.5132,0.304332
1413,4.52625,-4.52873,4.51629,-4.51628,0.304322
1414,4.45392,-4.45628,4.5188,-4.51884,0.304343
1415,4.45392,-4.45628,4.5197,-4.51977,0.304382
1416,4.23047,-4.23282,4.52053,-4.52063,0.304424
1417,4.23047,-4.23282,4.51743,-4.51756,0.304458
1418,4.53047,-4.53282,4.51491,-4.51506,0.304458
1419,4.53047,-4.53282,4.51802,-4.51818,0.304449
1420,4.44826,-4.4505,4.5206,-4.52077,0.30447
1421,4.44826,-4.4505,4.52138,-4.52156,0.30451
1422,4.22483,-4.22701,4.52211,-4.52231,0.304551
1423,4.22483,-4.22701,4.51893,-4.51913,0.304584
1424,4.52483,-4.52701,4.51634,-4.51654,0.304582
1425,4.52483,-4.52701,4.51938,-4.51958,0.30457
1426,4.4523,-4.44478,4.5219,-4.52211,0.304588
1427,4.4523,-4.44478,4.52279,-4.52283,0.304625
1428,4.21909,-4.2213,4.52361,-4.52352,0.304664
1429,4.21909,-4.2213,4.52033,-4.52029,0.304694
1430,4.51909,-4.5213,4.51764,-4.51765,0.30469
1431,4.51909,-4.5213,4.5206,-4.52064,0.304675
1432,4.44666,-4.44876,4.52305,-4.52312,0.30469
1433,4.44666,-4.44876,4.52387,-4.52397,0.304723
1434,4.22304,-4.21551,4.52463,-4.52475,0.30476
1435,4.22304,-4.21551,4.52146,-4.52143,0.304788
1436,4.52304,-4.51551,4.51886,-4.5187,0.304782
1437,4.52304,-4.51551,4.52188,-4.52162,0.304766
1438,4.44078,-4.44314,4.52439,-4.52404,0.30478
1439,4.44078,-4.44314,4.52508,-4.52483,0.304812
1440,4.2172,-4.21949,4.52573,-4.52556,0.304846
1441,4.2172,-4.21949,4.52246,-4.52236,0.304873
1442,4.51719,-4.51949,4.51978,-4.51973,0.304865
1443,4.51719,-4.51949,4.52273,-4.52273,0.304847
1444,4.43507,-4.4373,4.52516,-4.52521,0.304859
1445,4.43507,-4.4373,4.5258,-4.52588,0.30489
1446,4.2115,-4.2137,4.5264,-4.52651,0.304922
1447,4.2115,-4.2137,4.52309,-4.52321,0.304946
1448,4.5115,-4.5137,4.52036,-4.5205,0.304935
1449,4.5115,-4.5137,4.52327,-4.52342,0.304914
1450,4.43916,-4.43167,4.52566,-4.52583,0.304923
1451,4.43916,-4.43167,4.52643,-4.52644,0.30495
1452,4.20588,-4.20812,4.52713,-4.52701,0.30498
1453,4.20588,-4.20812,4.52372,-4.52366,0.305002
1454,4.50588,-4.50812,4.52091,-4.5209,0.304989
1455,4.50588,-4.50812,4.52375,-4.52378,0.304965
1456,4.43369,-4.43585,4.52607,-4.52614,0.304971
1457,4.43369,-4.43585,4.52678,-4.52687,0.304995
1458,4.20048,-4.2026,4.52742,-4.52754,0.305023
1459,4.20048,-4.2026,4.52397,-4.5241,0.305043
1460,4.50048,-4.5026,4.52111,-4.52126,0.305027
1461,4.50048,-4.5026,4.52391,-4.52406,0.305001
1462,4.42847,-4.4305,4.52619,-4.52636,0.305004
1463,4.42847,-4.4305,4.52686,-4.52703,0.305025
1464,4.20494,-4.20691,4.52746,-4.52764,0.30505
1465,4.20494,-4.20691,4.52414,-4.52432,0.305067
1466,4.50494,-4.50691,4.52138,-4.52157,0.30505
1467,4.50494,-4.50691,4.52426,-4.52445,0.305024
1468,4.42316,-4.42504,4.52661,-4.5268,0.305028
1469,4.42316,-4.42504,4.52717,-4.52736,0.30505
1470,4.19971,-4.20153,4.52769,-4.52788,0.305074
1471,4.19971,-4.20153,4.52428,-4.52448,0.30509
1472,4.49971,-4.50153,4.52146,-4.52166,0.305071
1473,4.49971,-4.50153,4.52428,-4.52447,0.305043
1474,4.4277,-4.41984,4.52658,-4.52677,0.305044
1475,4.4277,-4.41984,4.52726,-4.52728,0.305064
1476,4.19456,-4.19642,4.52787,-4.52775,0.305086
1477,4.19456,-4.19642,4.52437,-4.5243,0.305101
1478,4.49456,-4.49642,4.52147,-4.52145,0.30508
1479,4.49456,-4.49642,4.52421,-4.52423,0.305049
1480,4.42275,-4.42453,4.52644,-4.52649,0.305048
1481,4.42275,-4.42453,4.52707,-4.52713,0.305065
1482,4.1897,-4.19144,4.52762,-4.52771,0.305086
1483,4.1897,-4.19144,4.52408,-4.52418,0.305098
1484,4.4897,-4.49144,4.52114,-4.52125,0.305076
1485,4.4897,-4.49144,4.52384,-4.52397,0.305042
1486,4.41809,-4.41975,4.52604,-4.52617,0.305039
1487,4.41809,-4.41975,4.52662,-4.52676,0.305054
1488,4.19474,-4.18678,4.52715,-4.52729,0.305072
1489,4.19474,-4.18678,4.52374,-4.52372,0.305082
1490,4.49474,-4.48678,4.52091,-4.52075,0.305058
1491,4.49474,-4.48678,4.5237,-4.52343,0.305024
1492,4.41337,-4.4153,4.52596,-4.5256,0.305019
1493,4.41337,-4.4153,4.52643,-4.52617,0.305033
1494,4.19013,-4.19204,4.52686,-4.52667,0.30505
1495,4.19013,-4.19204,4.52337,-4.52325,0.305059
1496,4.49013,-4.49204,4.52047,-4.5204,0.305034
1497,4.49013,-4.49204,4.5232,-4.52318,0.304999
1498,4.40895,-4.41082,4.52541,-4.52543,0.304995
1499,4.40895,-4.41082,4.52585,-4.52589,0.305008
1500,4.18582,-4.18768,4.52624,-4.52631,0.305024
1501,4.18582,-4.18768,4.52272,-4.52281,0.305032
1502,4.48582,-4.48768,4.51979,-4.5199,0.305005
1503,4.48582,-4.48768,4.52249,-4.52261,0.304968
1504,4.41446,-4.40663,4.52468,-4.52481,0.304961
1505,4.41446,-4.40663,4.52526,-4.52523,0.304973
1506,4.18169,-4.18361,4.52576,-4.52561,0.304987
1507,4.18169,-4.18361,4.52217,-4.52207,0.304994
1508,4.48169,-4.48361,4.51918,-4.51913,0.304966
1509,4.48169,-4.48361,4.52182,-4.52182,0.304927
1510,4.41054,-4.41235,4.52396,-4.52399,0.304919
1511,4.41054,-4.41235,4.52449,-4.52455,0.304928
1512,4.17788,-4.17968,4.52496,-4.52504,0.304942
1513,4.17788,-4.17968,4.52134,-4.52143,0.304948
1514,4.47788,-4.47968,4.51831,-4.51842,0.304918
1515,4.47788,-4.47968,4.52093,-4.52106,0.304878
1516,4.40693,-4.40864,4.52304,-4.52318,0.304868
1517,4.40693,-4.40864,4.52356,-4.5237,0.304877
1518,4.18399,-4.17608,4.52401,-4.52415,0.304889
1519,4.18399,-4.17608,4.52053,-4.52051,0.304893
1520,4.48399,-4.47608,4.51762,-4.51747,0.304862
1521,4.48399,-4.47608,4.52034,-4.52008,0.304822
1522,4.40326,-4.40526,4.52253,-4.52217,0.304812
1523,4.40326,-4.40526,4.52294,-4.52268,0.30482
1524,4.18045,-4.18243,4.5233,-4.52312,0.304832
1525,4.18045,-4.18243,4.51976,-4.51964,0.304835
1526,4.48045,-4.48243,4.51679,-4.51673,0.304804
1527,4.48045,-4.48243,4.51946,-4.51944,0.304764
1528,4.40951,-4.40182,4.52161,-4.52163,0.304755
1529,4.40951,-4.40182,4.52215,-4.52204,0.304763
1530,4.17706,-4.17914,4.52263,-4.5224,0.304776
1531,4.17706,-4.17914,4.51901,-4.51886,0.304779
1532,4.47706,-4.47914,4.51599,-4.5159,0.304749
1533,4.47706,-4.47914,4.51861,-4.51857,0.304708
1534,4.40631,-4.40831,4.52072,-4.52072,0.304698
1535,4.40631,-4.40831,4.52123,-4.52127,0.304705
1536,4.17398,-4.17595,4.52168,-4.52174,0.304717
1537,4.17398,-4.17595,4.51804,-4.51813,0.304721
1538,4.47398,-4.47595,4.515,-4.5151,0.30469
1539,4.47398,-4.47595,4.5176,-4.51772,0.304648
1540,4.40342,-4.40531,4.51969,-4.51983,0.304637
1541,4.40342,-4.40531,4.52019,-4.52034,0.304643
1542,4.18081,-4.18267,4.52062,-4.52078,0.304654
1543,4.18081,-4.18267,4.51714,-4.5173,0.304657
1544,4.48081,-4.48267,4.51422,-4.51439,0.304626
1545,4.48081,-4.48267,4.51693,-4.5171,0.304586
1546,4.40047,-4.40225,4.51912,-4.51929,0.304577
1547,4.40047,-4.40225,4.51953,-4.51971,0.304586
1548,4.17799,-4.17973,4.5199,-4.52008,0.304598
1549,4.17799,-4.17973,4.51636,-4.51654,0.304601
1550,4.47799,-4.47973,4.5134,-4.51358,0.30457
1551,4.47799,-4.47973,4.51608,-4.51626,0.30453
1552,4.40738,-4.39945,4.51823,-4.51841,0.30452
1553,4.40738,-4.39945,4.51879,-4.5188,0.304528
1554,4.17524,-4.17704,4.51927,-4.51914,0.30454
1555,4.17524,-4.17704,4.51566,-4.51559,0.304543
1556,4.47524,-4.47704,4.51265,-4.51262,0.304512
1557,4.47524,-4.47704,4.51527,-4.51528,0.304471
1558,4.4048,-4.40653,4.51738,-4.51742,0.30446
1559,4.4048,-4.40653,4.5179,-4.51796,0.304467
1560,4.18234,-4.17446,4.51836,-4.51844,0.304479
1561,4.18234,-4.17446,4.51489,-4.51482,0.304483
1562,4.48234,-4.47446,4.51199,-4.5118,0.304452
1563,4.48234,-4.47446,4.51472,-4.51442,0.304412
1564,4.4021,-4.40411,4.51692,-4.51653,0.304402
1565,4.4021,-4.40411,4.51734,-4.51706,0.304411
1566,4.17976,-4.18175,4.51772,-4.51751,0.304423
1567,4.17976,-4.18175,4.51419,-4.51405,0.304427
1568,4.47976,-4.48175,4.51124,-4.51116,0.304397
1569,4.47976,-4.48175,4.51393,-4.5139,0.304357
1570,4.40926,-4.4016,4.51609,-4.5161,0.304349
1571,4.40926,-4.4016,4.51666,-4.51654,0.304358
1572,4.17724,-4.17933,4.51716,-4.51692,0.304372
1573,4.17724,-4.17933,4.51357,-4.51341,0.304377
1574,4.47724,-4.47933,4.51057,-4.51047,0.304347
1575,4.47724,-4.47933,4.51321,-4.51317,0.304308
1576,4.4069,-4.40892,4.51534,-4.51534,0.304299
1577,4.4069,-4.40892,4.51589,-4.51592,0.304308
1578,4.18457,-4.18656,4.51636,-4.51643,0.304321
1579,4.18457,-4.18656,4.51292,-4.51301,0.304327
1580,4.48456,-4.48656,4.51005,-4.51016,0.3043
1581,4.48456,-4.48656,4.5128,-4.51293,0.304263
1582,4.40439,-4.40631,4.51503,-4.51517,0.304257
1583,4.40439,-4.40631,4.51549,-4.51564,0.304269
1584,4.18214,-4.18402,4.51591,-4.51606,0.304284
1585,4.18214,-4.18402,4.51242,-4.51258,0.304291
1586,4.48214,-4.48402,4.50951,-4.50968,0.304264
1587,4.48214,-4.48402,4.51223,-4.51241,0.304226
1588,4.41169,-4.41348,4.51443,-4.51461,0.30422
1589,4.41169,-4.41348,4.51504,-4.51522,0.304232
1590,4.17976,-4.18149,4.51558,-4.51575,0.304248
1591,4.17976,-4.18149,4.51202,-4.5122,0.304256
1592,4.47976,-4.48149,4.50906,-4.50924,0.30423
1593,4.47976,-4.48149,4.51174,-4.51192,0.304193
1594,4.40943,-4.4111,4.51391,-4.51409,0.304186
1595,4.40943,-4.4111,4.51449,-4.51467,0.304197
1596,4.18715,-4.18877,4.515,-4.51518,0.304213
1597,4.18715,-4.18877,4.5116,-4.51177,0.304221
1598,4.48715,-4.48877,4.50876,-4.50893,0.304195
1599,4.48715,-4.48877,4.51154,-4.51172,0.30416
1600,4.41659,-4.40854,4.5138,-4.51398,0.304156
1601,4.41659,-4.40854,4.51446,-4.51446,0.30417
1602,4.18462,-4.1863,4.51504,-4.5149,0.304188
1603,4.18462,-4.1863,4.51153,-4.51145,0.304198
1604,4.48462,-4.4863,4.50861,-4.50857,0.304173
1605,4.48462,-4.4863,4.51133,-4.51132,0.304139
1606,4.41416,-4.41577,4.51353,-4.51356,0.304135
1607,4.41416,-4.41577,4.51415,-4.51419,0.304149
1608,4.19184,-4.18383,4.51469,-4.51476,0.304167
1609,4.19184,-4.18383,4.51132,-4.51123,0.304177
1610,4.49184,-4.48383,4.50851,-4.5083,0.304153
1611,4.49184,-4.48383,4.51133,-4.51101,0.30412
1612,4.41152,-4.41341,4.51362,-4.51322,0.304117
1613,4.41152,-4.41341,4.51413,-4.51383,0.304132
1614,4.18928,-4.19113,4.51459,-4.51438,0.30415
1615,4.18928,-4.19113,4.51115,-4.51101,0.30416
1616,4.48928,-4.49113,4.50829,-4.5082,0.304137
1617,4.48928,-4.49113,4.51107,-4.51102,0.304104
1618,4.41864,-4.42046,4.51332,-4.51332,0.304102
1619,4.41864,-4.42046,4.51398,-4.51401,0.304118
1620,4.18667,-4.18846,4.51456,-4.51462,0.304139
1621,4.18667,-4.18846,4.51106,-4.51114,0.304152
1622,4.48667,-4.48846,4.50815,-4.50825,0.30413
1623,4.48667,-4.48846,4.51089,-4.511,0.304097
1624,4.41616,-4.41788,4.51311,-4.51323,0.304095
1625,4.41616,-4.41788,4.51374,-4.51387,0.304111
1626,4.19383,-4.19551,4.51431,-4.51445,0.30413
1627,4.19383,-4.19551,4.51095,-4.5111,0.304143
1628,4.49383,-4.49551,4.50817,-4.50832,0.304121
1629,4.49383,-4.49551,4.51101,-4.51116,0.304091
1630,4.42305,-4.41508,4.51332,-4.51348,0.304091
1631,4.42305,-4.41508,4.51403,-4.51402,0.304109
1632,4.191,-4.19277,4.51466,-4.51452,0.304131
1633,4.191,-4.19277,4.5112,-4.51112,0.304145
1634,4.491,-4.49277,4.50833,-4.50829,0.304125
1635,4.491,-4.49277,4.51111,-4.5111,0.304094
1636,4.42033,-4.42201,4.51336,-4.51339,0.304094
1637,4.42033,-4.42201,4.51402,-4.51407,0.304112
1638,4.1979,-4.18997,4.51462,-4.51469,0.304134
1639,4.1979,-4.18997,4.51129,-4.51121,0.304148
1640,4.4979,-4.48997,4.50853,-4.50833,0.304128
1641,4.4979,-4.48997,4.5114,-4.51109,0.304099
1642,4.41737,-4.41934,4.51374,-4.51334,0.304099
1643,4.41737,-4.41934,4.5143,-4.514,0.304118
1644,4.195,-4.19693,4.51481,-4.51459,0.30414
1645,4.195,-4.19693,4.51141,-4.51127,0.304154
1646,4.495,-4.49693,4.5086,-4.50851,0.304134
1647,4.495,-4.49693,4.51141,-4.51138,0.304105
1648,4.42414,-4.42602,4.51371,-4.51372,0.304106
1649,4.42414,-4.42602,4.51441,-4.51445,0.304126
1650,4.19203,-4.19391,4.51504,-4.5151,0.30415
1651,4.19203,-4.19391,4.51158,-4.51166,0.304166
1652,4.49203,-4.49391,4.50871,-4.50881,0.304147
1653,4.49203,-4.49391,4.51148,-4.5116,0.304118
1654,4.42127,-4.42308,4.51375,-4.51388,0.304119
1655,4.42127,-4.42308,4.51442,-4.51456,0.304138
1656,4.1988,-4.20056,4.51502,-4.51517,0.304161
1657,4.1988,-4.20056,4.5117,-4.51185,0.304176
1658,4.4988,-4.50056,4.50895,-4.50911,0.304158
1659,4.4988,-4.50056,4.51183,-4.51199,0.30413
1660,4.42779,-4.41987,4.51418,-4.51435,0.304133
1661,4.42779,-4.41987,4.51492,-4.51492,0.304154
1662,4.1956,-4.19742,4.51559,-4.51545,0.304179
1663,4.1956,-4.19742,4.51216,-4.51208,0.304196
1664,4.4956,-4.49742,4.50933,-4.50929,0.304178
1665,4.4956,-4.49742,4.51213,-4.51213,0.30415
1666,4.42468,-4.42641,4.51442,-4.51445,0.304153
1667,4.42468,-4.42641,4.51511,-4.51517,0.304173
1668,4.20209,-4.19421,4.51573,-4.51581,0.304198
1669,4.20209,-4.19421,4.51244,-4.51236,0.304214
1670,4.50209,-4.49421,4.50971,-4.50951,0.304197
1671,4.50209,-4.49421,4.5126,-4.5123,0.304169
1672,4.42132,-4.42332,4.51497,-4.51458,0.304172
1673,4.42132,-4.42332,4.51555,-4.51527,0.304193
1674,4.19879,-4.20076,4.51609,-4.51588,0.304218
1675,4.19879,-4.20076,4.51272,-4.51258,0.304234
1676,4.49879,-4.50076,4.50993,-4.50985,0.304216
1677,4.49879,-4.50076,4.51277,-4.51274,0.304189
1678,4.42768,-4.4296,4.5151,-4.5151,0.304192
1679,4.42768,-4.4296,4.51581,-4.51585,0.304214
1680,4.19542,-4.19731,4.51646,-4.51653,0.30424
1681,4.19542,-4.19731,4.51302,-4.51311,0.304258
1682,4.49542,-4.49731,4.51018,-4.51028,0.304241
1683,4.49542,-4.49731,4.51297,-4.5131,0.304214
1684,4.42445,-4.42625,4.51526,-4.51539,0.304216
1685,4.42445,-4.42625,4.51595,-4.51609,0.304237
1686,4.20179,-4.20357,4.51657,-4.51672,0.304261
1687,4.20179,-4.20357,4.51326,-4.51342,0.304278
1688,4.50179,-4.50357,4.51053,-4.51069,0.304262
1689,4.50179,-4.50357,4.51343,-4.51359,0.304235
1690,4.43054,-4.42266,4.5158,-4.51597,0.30424
1691,4.43054,-4.42266,4.51655,-4.51656,0.304263
1692,4.19817,-4.20003,4.51724,-4.5171,0.304289
1693,4.19817,-4.20003,4.51382,-4.51374,0.304307
1694,4.49817,-4.50003,4.511,-4.51096,0.304291
1695,4.49817,-4.50003,4.51382,-4.51382,0.304264
1696,4.42703,-4.4288,4.51612,-4.51616,0.304267
1697,4.42703,-4.4288,4.51682,-4.51688,0.304289
1698,4.20427,-4.19644,4.51746,-4.51754,0.304315
1699,4.20427,-4.19644,4.51417,-4.5141,0.304333
1700,4.50427,-4.49644,4.51145,-4.51126,0.304316
1701,4.50427,-4.49644,4.51436,-4.51406,0.30429
1702,4.42328,-4.42534,4.51673,-4.51635,0.304294
1703,4.42328,-4.42534,4.51732,-4.51704,0.304316
1704,4.20058,-4.20259,4.51787,-4.51767,0.304341
1705,4.20058,-4.20259,4.5145,-4.51437,0.304358
1706,4.50058,-4.50259,4.51172,-4.51164,0.304341
1707,4.50058,-4.50259,4.51457,-4.51454,0.304314
1708,4.42929,-4.42165,4.5169,-4.51691,0.304319
1709,4.42929,-4.42165,4.51762,-4.5175,0.304341
1710,4.19686,-4.19898,4.51828,-4.51804,0.304366
1711,4.19686,-4.19898,4.51484,-4.51468,0.304384
1712,4.49686,-4.49898,4.51199,-4.51189,0.304366
1713,4.49686,-4.49898,4.51478,-4.51474,0.304339
1714,4.42568,-4.42772,4.51707,-4.51707,0.304341
1715,4.42568,-4.42772,4.51775,-4.51779,0.304362
1716,4.20288,-4.1953,4.51837,-4.51843,0.304387
1717,4.20288,-4.1953,4.51506,-4.51498,0.304404
1718,4.50288,-4.4953,4.51232,-4.51213,0.304386
1719,4.50288,-4.4953,4.51521,-4.51492,0.304359
1720,4.42188,-4.42418,4.51757,-4.5172,0.304362
1721,4.42188,-4.42418,4.51815,-4.51788,0.304383
1722,4.19913,-4.2014,4.51868,-4.51849,0.304407
1723,4.19913,-4.2014,4.5153,-4.51518,0.304423
1724,4.49914,-4.5014,4.5125,-4.51244,0.304405
1725,4.49914,-4.5014,4.51534,-4.51533,0.304378
1726,4.42781,-4.42044,4.51765,-4.51769,0.304381
1727,4.42781,-4.42044,4.51836,-4.51826,0.304402
1728,4.19534,-4.19771,4.519,-4.51879,0.304427
1729,4.19534,-4.19771,4.51554,-4.51541,0.304443
1730,4.49534,-4.49771,4.51268,-4.51261,0.304424
1731,4.49534,-4.49771,4.51546,-4.51545,0.304396
1732,4.42418,-4.42645,4.51773,-4.51776,0.304397
1733,4.42418,-4.42645,4.5184,-4.51846,0.304417
1734,4.20134,-4.19401,4.519,-4.51909,0.304441
1735,4.20134,-4.19401,4.51568,-4.51563,0.304457
1736,4.50134,-4.49401,4.51293,-4.51276,0.304439
1737,4.50134,-4.49401,4.51581,-4.51554,0.30441
1738,4.42034,-4.42288,4.51816,-4.5178,0.304412
1739,4.42034,-4.42288,4.51872,-4.51847,0.304432
1740,4.19756,-4.20007,4.51923,-4.51907,0.304455
1741,4.19756,-4.20007,4.51584,-4.51575,0.30447
1742,4.49756,-4.50007,4.51303,-4.51299,0.304451
1743,4.49756,-4.50007,4.51585,-4.51586,0.304423
1744,4.42628,-4.4287,4.51815,-4.51821,0.304425
1745,4.42628,-4.4287,4.51885,-4.51894,0.304445
1746,4.1938,-4.19618,4.51947,-4.51959,0.30447
1747,4.1938,-4.19618,4.51601,-4.51615,0.304486
1748,4.4938,-4.49618,4.51314,-4.51329,0.304468
1749,4.4938,-4.49618,4.51591,-4.51608,0.304439
1750,4.42266,-4.42492,4.51817,-4.51836,0.30444
1751,4.42266,-4.42492,4.51884,-4.51903,0.304459
1752,4.19983,-4.19245,4.51943,-4.51963,0.304482
1753,4.19983,-4.19245,4.5161,-4.51614,0.304497
1754,4.49983,-4.49245,4.51334,-4.51325,0.304478
1755,4.49983,-4.49245,4.51621,-4.516,0.304448
1756,4.41886,-4.42133,4.51855,-4.51825,0.304449
1757,4.41886,-4.42133,4.5191,-4.51889,0.304468
1758,4.1961,-4.19851,4.5196,-4.51947,0.30449
1759,4.1961,-4.19851,4.5162,-4.51613,0.304504
1760,4.4961,-4.49852,4.51338,-4.51336,0.304484
1761,4.4961,-4.49852,4.51619,-4.51622,0.304455
1762,4.42483,-4.41759,4.51848,-4.51855,0.304456
1763,4.42483,-4.41759,4.51916,-4.51909,0.304475
1764,4.19234,-4.19484,4.51978,-4.51959,0.304498
1765,4.19234,-4.19484,4.51629,-4.51618,0.304512
1766,4.49234,-4.49484,4.51341,-4.51336,0.304492
1767,4.49234,-4.49484,4.51616,-4.51616,0.304461
1768,4.42123,-4.42362,4.5184,-4.51845,0.304461
1769,4.42123,-4.42362,4.51905,-4.51913,0.304479
1770,4.1984,-4.19116,4.51963,-4.51973,0.3045
1771,4.1984,-4.19116,4.51628,-4.51624,0.304514
1772,4.4984,-4.49116,4.5135,-4.51335,0.304494
1773,4.4984,-4.49116,4.51635,-4.5161,0.304463
1774,4.41746,-4.4201,4.51868,-4.51834,0.304463
1775,4.41746,-4.4201,4.51921,-4.51898,0.304482
1776,4.1947,-4.19729,4.5197,-4.51955,0.304503
1777,4.1947,-4.19729,4.51629,-4.51621,0.304516
1778,4.4947,-4.49729,4.51345,-4.51343,0.304495
1779,4.4947,-4.49729,4.51625,-4.51627,0.304465
1780,4.4235,-4.4164,4.51853,-4.51859,0.304465
1781,4.4235,-4.4164,4.5192,-4.51913,0.304484
1782,4.19104,-4.19369,4.5198,-4.51962,0.304505
1783,4.19104,-4.19369,4.51631,-4.5162,0.304519
1784,4.49104,-4.49369,4.51341,-4.51337,0.304498
1785,4.49104,-4.49369,4.51615,-4.51617,0.304466
1786,4.41997,-4.42251,4.51839,-4.51844,0.304465
1787,4.41997,-4.42251,4.51902,-4.51911,0.304482
1788,4.19717,-4.19008,4.51959,-4.51971,0.304503
1789,4.19717,-4.19008,4.51623,-4.51621,0.304517
1790,4.49717,-4.49008,4.51345,-4.51331,0.304495
1791,4.49717,-4.49008,4.51629,-4.51605,0.304464
1792,4.41628,-4.41904,4.5186,-4.51828,0.304464
1793,4.41628,-4.41904,4.51913,-4.51891,0.304481
1794,4.19355,-4.19627,4.51961,-4.51948,0.304502
1795,4.19355,-4.19627,4.51619,-4.51612,0.304514
1796,4.49355,-4.49627,4.51334,-4.51333,0.304493
1797,4.49355,-4.49627,4.51613,-4.51617,0.304462
1798,4.42238,-4.41542,4.5184,-4.51848,0.304461
1799,4.42238,-4.41542,4.51907,-4.51901,0.304479
1800,4.18994,-4.19273,4.51966,-4.5195,0.3045
1801,4.18994,-4.19273,4.51616,-4.51607,0.304513
1802,4.48994,-4.49273,4.51326,-4.51323,0.304491
1803,4.48994,-4.49273,4.51599,-4.51602,0.304459
1804,4.41893,-4.42159,4.51822,-4.51829,0.304458
1805,4.41893,-4.42159,4.51884,-4.51895,0.304474
1806,4.19615,-4.18919,4.5194,-4.51954,0.304495
1807,4.19615,-4.18919,4.51604,-4.51603,0.304507
1808,4.49615,-4.48919,4.51325,-4.51312,0.304486
1809,4.49615,-4.48919,4.51608,-4.51586,0.304454
1810,4.41531,-4.41822,4.51839,-4.51808,0.304453
1811,4.41531,-4.41822,4.51891,-4.51871,0.304469
1812,4.19262,-4.19548,4.51939,-4.51927,0.30449
1813,4.19262,-4.19548,4.51596,-4.51591,0.304502
1814,4.49262,-4.49548,4.51311,-4.51311,0.30448
1815,4.49262,-4.49548,4.51589,-4.51595,0.304448
1816,4.42152,-4.41468,4.51816,-4.51825,0.304447
1817,4.42152,-4.41468,4.51881,-4.51878,0.304464
1818,4.18913,-4.19202,4.5194,-4.51925,0.304485
1819,4.18913,-4.19202,4.5159,-4.51582,0.304498
1820,4.48913,-4.49202,4.51299,-4.51298,0.304475
1821,4.48913,-4.49202,4.51572,-4.51576,0.304443
1822,4.41817,-4.42093,4.51794,-4.51803,0.304441
1823,4.41817,-4.42093,4.51856,-4.51868,0.304457
1824,4.19543,-4.18855,4.51912,-4.51927,0.304477
1825,4.19543,-4.18855,4.51576,-4.51576,0.304489
1826,4.49543,-4.48855,4.51296,-4.51284,0.304467
1827,4.49543,-4.48855,4.51579,-4.51557,0.304435
1828,4.41465,-4.41762,4.51809,-4.51779,0.304434
1829,4.41465,-4.41762,4.51861,-4.51841,0.30445
1830,4.192,-4.19492,4.51908,-4.51897,0.30447
1831,4.192,-4.19492,4.51565,-4.5156,0.304482
1832,4.492,-4.49492,4.51279,-4.51281,0.304459
1833,4.492,-4.49492,4.51557,-4.51564,0.304428
1834,4.42092,-4.41416,4.51784,-4.51794,0.304426
1835,4.42092,-4.41416,4.51849,-4.51846,0.304443
1836,4.18856,-4.19153,4.51908,-4.51893,0.304464
1837,4.18856,-4.19153,4.51557,-4.5155,0.304476
1838,4.48856,-4.49153,4.51266,-4.51265,0.304453
1839,4.48856,-4.49153,4.51539,-4.51543,0.304421
1840,4.41765,-4.42049,4.5176,-4.51769,0.304418
1841,4.41765,-4.42049,4.51823,-4.51835,0.304434
1842,4.19494,-4.18815,4.51878,-4.51893,0.304454
1843,4.19494,-4.18815,4.51541,-4.51542,0.304466
1844,4.49494,-4.48815,4.51261,-4.5125,0.304444
1845,4.49494,-4.48815,4.51544,-4.51523,0.304412
1846,4.4142,-4.41726,4.51774,-4.51745,0.30441
1847,4.4142,-4.41726,4.51826,-4.51807,0.304426
1848,4.19158,-4.19457,4.51873,-4.51862,0.304446
1849,4.19158,-4.19457,4.51529,-4.51526,0.304457
1850,4.49158,-4.49457,4.51244,-4.51246,0.304435
1851,4.49158,-4.49457,4.51522,-4.51529,0.304403
1852,4.42057,-4.41385,4.51748,-4.51759,0.304402
1853,4.42057,-4.41385,4.51813,-4.51811,0.304418
1854,4.18825,-4.19124,4.51872,-4.51858,0.304439
1855,4.18825,-4.19124,4.51521,-4.51515,0.304451
1856,4.48825,-4.49124,4.51229,-4.51229,0.304428
1857,4.48825,-4.49124,4.51502,-4.51508,0.304395
1858,4.41735,-4.42024,4.51724,-4.51734,0.304393
1859,4.41735,-4.42024,4.51786,-4.51799,0.304409
1860,4.19468,-4.18793,4.51841,-4.51857,0.304429
1861,4.19468,-4.18793,4.51505,-4.51506,0.30444
1862,4.49468,-4.48793,4.51225,-4.51214,0.304418
1863,4.49468,-4.48793,4.51507,-4.51487,0.304386
1864,4.41397,-4.41708,4.51737,-4.51709,0.304384
1865,4.41397,-4.41708,4.51789,-4.51771,0.3044
1866,4.1914,-4.19444,4.51836,-4.51826,0.30442
1867,4.1914,-4.19444,4.51493,-4.5149,0.304431
1868,4.4914,-4.49444,4.51207,-4.5121,0.304409
1869,4.4914,-4.49444,4.51485,-4.51493,0.304377
1870,4.42041,-4.41376,4.51711,-4.51723,0.304375
1871,4.42041,-4.41376,4.51777,-4.51775,0.304392
1872,4.18811,-4.19119,4.51835,-4.51822,0.304413
1873,4.18811,-4.19119,4.51485,-4.51479,0.304424
1874,4.48811,-4.49119,4.51193,-4.51194,0.304402
1875,4.48811,-4.49119,4.51466,-4.51472,0.304369
1876,4.41727,-4.4202,4.51688,-4.51698,0.304367
1877,4.41727,-4.4202,4.5175,-4.51764,0.304383
1878,4.19461,-4.18792,4.51805,-4.51822,0.304402
1879,4.19461,-4.18792,4.51469,-4.51471,0.304414
1880,4.49461,-4.48792,4.51189,-4.51179,0.304392
1881,4.49461,-4.48792,4.51472,-4.51452,0.30436
1882,4.41394,-4.4171,4.51702,-4.51674,0.304358
1883,4.41394,-4.4171,4.51754,-4.51736,0.304374
1884,4.19137,-4.19448,4.51801,-4.51792,0.304394
1885,4.19137,-4.19448,4.51458,-4.51455,0.304406
1886,4.49137,-4.49448,4.51172,-4.51176,0.304383
1887,4.49137,-4.49448,4.5145,-4.51459,0.304351
1888,4.42042,-4.42341,4.51676,-4.51689,0.30435
1889,4.42042,-4.42341,4.51742,-4.51758,0.304367
1890,4.18816,-4.19109,4.51801,-4.51819,0.304389
1891,4.18816,-4.19109,4.51451,-4.51471,0.304402
1892,4.48816,-4.49109,4.5116,-4.51182,0.30438
1893,4.48816,-4.49109,4.51434,-4.51457,0.304348
1894,4.41733,-4.42016,4.51657,-4.51681,0.304346
1895,4.41733,-4.42016,4.5172,-4.51745,0.304363
1896,4.19471,-4.19747,4.51776,-4.51802,0.304383
1897,4.19471,-4.19747,4.5144,-4.51467,0.304395
1898,4.49471,-4.49747,4.51161,-4.51188,0.304374
1899,4.49471,-4.49747,4.51445,-4.51472,0.304344
1900,4.41405,-4.41668,4.51676,-4.51704,0.304344
1901,4.41405,-4.41668,4.5173,-4.51757,0.304362
1902,4.19152,-4.19409,4.51779,-4.51806,0.304383
1903,4.19152,-4.19409,4.51437,-4.51464,0.304396
1904,4.49152,-4.49409,4.51153,-4.5118,0.304374
1905,4.49152,-4.49409,4.51433,-4.5146,0.304343
1906,4.42057,-4.42301,4.5166,-4.51687,0.304342
1907,4.42057,-4.42301,4.51727,-4.51754,0.304359
1908,4.18832,-4.19069,4.51787,-4.51814,0.304381
1909,4.18832,-4.19069,4.51438,-4.51464,0.304394
1910,4.48832,-4.49069,4.51148,-4.51174,0.304373
1911,4.48832,-4.49069,4.51422,-4.51448,0.304341
1912,4.4175,-4.41975,4.51646,-4.51671,0.304339
1913,4.4175,-4.41975,4.51709,-4.51734,0.304355
1914,4.1949,-4.19708,4.51766,-4.5179,0.304375
1915,4.1949,-4.19708,4.5143,-4.51455,0.304387
1916,4.4949,-4.49708,4.51152,-4.51176,0.304366
1917,4.4949,-4.49708,4.51435,-4.51459,0.304336
1918,4.41423,-4.41632,4.51667,-4.51691,0.304336
1919,4.41423,-4.41632,4.51721,-4.51744,0.304354
1920,4.19168,-4.19373,4.51769,-4.51793,0.304375
1921,4.19168,-4.19373,4.51428,-4.51451,0.304388
1922,4.49168,-4.49372,4.51144,-4.51167,0.304366
1923,4.49168,-4.49372,4.51424,-4.51446,0.304335
1924,4.42074,-4.42268,4.51651,-4.51673,0.304334
1925,4.42074,-4.42268,4.51718,-4.5174,0.304351
1926,4.18848,-4.19037,4.51778,-4.518,0.304373
1927,4.18848,-4.19037,4.51429,-4.5145,0.304386
1928,4.48848,-4.49037,4.51139,-4.5116,0.304365
1929,4.48848,-4.49037,4.51413,-4.51434,0.304332
1930,4.41765,-4.41948,4.51637,-4.51657,0.304331
1931,4.41765,-4.41948,4.517,-4.5172,0.304347
1932,4.19504,-4.19682,4.51756,-4.51777,0.304367
1933,4.19504,-4.19682,4.51421,-4.51441,0.304379
1934,4.49504,-4.49681,4.51142,-4.51162,0.304358
1935,4.49504,-4.49681,4.51426,-4.51446,0.304327
1936,4.42398,-4.41607,4.51658,-4.51677,0.304328
1937,4.42398,-4.41607,4.51728,-4.5173,0.304346
1938,4.19168,-4.19349,4.51791,-4.51779,0.304368
1939,4.19168,-4.19349,4.51444,-4.51437,0.304382
1940,4.49168,-4.49349,4.51156,-4.51154,0.304361
1941,4.49168,-4.49349,4.51433,-4.51434,0.30433
1942,4.42072,-4.42248,4.51658,-4.51662,0.30433
1943,4.42072,-4.42248,4.51723,-4.51729,0.304348
1944,4.19805,-4.19018,4.51781,-4.5179,0.304369
1945,4.19805,-4.19018,4.51447,-4.51441,0.304383
1946,4.49805,-4.49018,4.5117,-4.51151,0.304363
1947,4.49805,-4.49018,4.51456,-4.51426,0.304332
1948,4.41725,-4.41929,4.51688,-4.5165,0.304332
1949,4.41725,-4.41929,4.51743,-4.51714,0.30435
1950,4.19466,-4.19665,4.51792,-4.51772,0.304372
1951,4.19466,-4.19665,4.51451,-4.51438,0.304385
1952,4.49466,-4.49665,4.51168,-4.51161,0.304364
1953,4.49466,-4.49665,4.51448,-4.51446,0.304334
1954,4.42358,-4.41591,4.51677,-4.51678,0.304334
1955,4.42358,-4.41591,4.51745,-4.51732,0.304353
1956,4.19125,-4.19334,4.51806,-4.51782,0.304375
1957,4.19125,-4.19334,4.51457,-4.51441,0.304389
1958,4.49125,-4.49334,4.51168,-4.51158,0.304368
1959,4.49125,-4.49334,4.51443,-4.51439,0.304337
1960,4.42031,-4.42232,4.51667,-4.51667,0.304336
1961,4.42031,-4.42232,4.51731,-4.51735,0.304354
1962,4.19762,-4.19002,4.51789,-4.51795,0.304375
1963,4.19762,-4.19002,4.51454,-4.51446,0.304389
1964,4.49762,-4.49002,4.51177,-4.51157,0.304368
1965,4.49762,-4.49002,4.51462,-4.51432,0.304337
1966,4.41685,-4.41915,4.51694,-4.51656,0.304337
1967,4.41685,-4.41915,4.51748,-4.5172,0.304355
1968,4.19424,-4.19651,4.51797,-4.51778,0.304376
1969,4.19424,-4.19651,4.51455,-4.51444,0.30439
1970,4.49424,-4.4965,4.51172,-4.51166,0.304369
1971,4.49424,-4.4965,4.51452,-4.51451,0.304338
1972,4.42317,-4.41577,4.5168,-4.51683,0.304339
1973,4.42317,-4.41577,4.51748,-4.51737,0.304357
1974,4.19085,-4.1932,4.51808,-4.51787,0.304379
1975,4.19085,-4.1932,4.51459,-4.51446,0.304392
1976,4.49085,-4.4932,4.5117,-4.51163,0.304371
1977,4.49085,-4.4932,4.51445,-4.51443,0.30434
1978,4.41992,-4.42218,4.51669,-4.51671,0.304339
1979,4.41992,-4.42218,4.51733,-4.51739,0.304357
1980,4.19724,-4.1899,4.5179,-4.51799,0.304378
1981,4.19724,-4.1899,4.51455,-4.5145,0.304391
1982,4.49724,-4.4899,4.51177,-4.5116,0.304371
1983,4.49724,-4.4899,4.51462,-4.51435,0.30434
1984,4.41648,-4.41901,4.51694,-4.51659,0.30434
1985,4.41648,-4.41901,4.51748,-4.51723,0.304357
1986,4.19389,-4.19637,4.51797,-4.5178,0.304378
1987,4.19389,-4.19637,4.51455,-4.51446,0.304391
1988,4.49389,-4.49637,4.51171,-4.51168,0.30437
1989,4.49389,-4.49637,4.51451,-4.51453,0.30434
1990,4.42282,-4.42523,4.51679,-4.51685,0.30434
1991,4.42282,-4.42523,4.51746,-4.51755,0.304358
1992,4.19051,-4.19289,4.51807,-4.51818,0.304381
1993,4.19051,-4.19289,4.51458,-4.51472,0.304396
1994,4.49051,-4.49289,4.51169,-4.51185,0.304376
1995,4.49051,-4.49289,4.51445,-4.51462,0.304345
1996,4.41959,-4.42187,4.51669,-4.51687,0.304344
1997,4.41959,-4.42187,4.51733,-4.51753,0.304362
1998,4.19693,-4.19916,4.51791,-4.51811,0.304383
1999,4.19693,-4.19916,4.51457,-4.51477,0.304397
2000,4.49693,-4.49916,4.51179,-4.512,0.304377
2001,4.49693,-4.49916,4.51465,-4.51486,0.304347
2002,4.41618,-4.4183,4.51697,-4.51719,0.304349
2003,4.41618,-4.4183,4.51752,-4.51774,0.304368
2004,4.19358,-4.19564,4.51802,-4.51824,0.304391
2005,4.19358,-4.19564,4.51462,-4.51484,0.304404
2006,4.49358,-4.49564,4.51179,-4.51201,0.304384
2007,4.49358,-4.49564,4.5146,-4.51482,0.304353
2008,4.42254,-4.42449,4.51689,-4.51711,0.304353
2009,4.42254,-4.42449,4.51757,-4.51779,0.304372
2010,4.19023,-4.19212,4.51818,-4.5184,0.304394
2011,4.19023,-4.19212,4.5147,-4.51491,0.304409
2012,4.49023,-4.49212,4.51182,-4.51202,0.304388
2013,4.49023,-4.49212,4.51457,-4.51478,0.304357
2014,4.41931,-4.42113,4.51682,-4.51702,0.304356
2015,4.41931,-4.42113,4.51746,-4.51766,0.304374
2016,4.19665,-4.1984,4.51804,-4.51824,0.304395
2017,4.19665,-4.1984,4.51469,-4.51489,0.304408
2018,4.49665,-4.4984,4.51192,-4.51211,0.304388
2019,4.49665,-4.4984,4.51477,-4.51496,0.304358
2020,4.41588,-4.41757,4.51709,-4.51728,0.304359
2021,4.41588,-4.41757,4.51764,-4.51783,0.304378
2022,4.1933,-4.19492,4.51814,-4.51832,0.3044
2023,4.1933,-4.19492,4.51473,-4.51491,0.304413
2024,4.4933,-4.49492,4.5119,-4.51208,0.304393
2025,4.4933,-4.49492,4.51471,-4.51488,0.304362
2026,4.42224,-4.4238,4.51699,-4.51717,0.304362
2027,4.42224,-4.4238,4.51767,-4.51784,0.30438
2028,4.18993,-4.19144,4.51828,-4.51845,0.304402
2029,4.18993,-4.19144,4.51479,-4.51496,0.304416
2030,4.48993,-4.49144,4.5119,-4.51207,0.304395
2031,4.48993,-4.49144,4.51465,-4.51482,0.304364
2032,4.41902,-4.42045,4.51689,-4.51706,0.304363
2033,4.41902,-4.42045,4.51753,-4.51769,0.304379
2034,4.19635,-4.19775,4.51811,-4.51826,0.3044
2035,4.19635,-4.19775,4.51476,-4.51491,0.304413
2036,4.49635,-4.49775,4.51198,-4.51213,0.304393
2037,4.49635,-4.49775,4.51482,-4.51498,0.304363
2038,4.42519,-4.41695,4.51714,-4.5173,0.304363
2039,4.42519,-4.41695,4.51785,-4.51784,0.304382
2040,4.19281,-4.19431,4.51849,-4.51833,0.304405
2041,4.19281,-4.19431,4.51502,-4.51492,0.304419
2042,4.49281,-4.49431,4.51215,-4.51209,0.304399
2043,4.49281,-4.49431,4.51492,-4.5149,0.304369
2044,4.42178,-4.42321,4.51718,-4.51718,0.304369
2045,4.42178,-4.42321,4.51783,-4.51786,0.304387
2046,4.19904,-4.19085,4.51842,-4.51847,0.304409
2047,4.19904,-4.19085,4.51508,-4.51498,0.304423
2048,4.49904,-4.49085,4.51232,-4.51209,0.304403
2049,4.49904,-4.49085,4.51518,-4.51485,0.304373
2050,4.41817,-4.41991,4.51751,-4.51709,0.304373
2051,4.41817,-4.41991,4.51805,-4.51774,0.304392
2052,4.1955,-4.1972,4.51855,-4.51832,0.304413
2053,4.1955,-4.1972,4.51514,-4.51498,0.304427
2054,4.4955,-4.4972,4.51232,-4.51221,0.304407
2055,4.4955,-4.4972,4.51512,-4.51506,0.304377
2056,4.42434,-4.41641,4.51741,-4.51739,0.304378
2057,4.42434,-4.41641,4.51809,-4.51793,0.304397
2058,4.19195,-4.19377,4.5187,-4.51843,0.304419
2059,4.19195,-4.19377,4.51522,-4.51503,0.304433
2060,4.49195,-4.49377,4.51233,-4.5122,0.304412
2061,4.49195,-4.49377,4.51508,-4.51501,0.304381
2062,4.42093,-4.4227,4.51732,-4.51729,0.304381
2063,4.42093,-4.4227,4.51796,-4.51797,0.304399
2064,4.19817,-4.19035,4.51854,-4.51858,0.30442
2065,4.19817,-4.19035,4.5152,-4.51509,0.304434
2066,4.49817,-4.49035,4.51242,-4.5122,0.304414
2067,4.49817,-4.49035,4.51527,-4.51495,0.304383
2068,4.41732,-4.4194,4.51759,-4.51719,0.304383
2069,4.41732,-4.4194,4.51813,-4.51783,0.304401
2070,4.19466,-4.19672,4.51862,-4.51841,0.304422
2071,4.19466,-4.19672,4.51521,-4.51506,0.304435
2072,4.49466,-4.49672,4.51237,-4.51229,0.304415
2073,4.49466,-4.49672,4.51517,-4.51514,0.304384
2074,4.42352,-4.41594,4.51745,-4.51746,0.304385
2075,4.42352,-4.41594,4.51813,-4.518,0.304403
2076,4.19113,-4.19332,4.51873,-4.51849,0.304425
2077,4.19113,-4.19332,4.51524,-4.51508,0.304439
2078,4.49113,-4.49332,4.51235,-4.51225,0.304418
2079,4.49113,-4.49332,4.51509,-4.51505,0.304386
2080,4.42014,-4.42225,4.51733,-4.51733,0.304385
2081,4.42014,-4.42225,4.51797,-4.51801,0.304403
2082,4.19742,-4.18991,4.51854,-4.51861,0.304424
2083,4.19742,-4.18991,4.51519,-4.51512,0.304437
2084,4.49742,-4.48991,4.51241,-4.51222,0.304417
2085,4.49742,-4.48991,4.51525,-4.51496,0.304386
2086,4.41659,-4.41899,4.51757,-4.5172,0.304385
2087,4.41659,-4.41899,4.51811,-4.51784,0.304403
2088,4.19394,-4.1963,4.51859,-4.51841,0.304424
2089,4.19394,-4.1963,4.51517,-4.51506,0.304437
2090,4.49394,-4.4963,4.51233,-4.51228,0.304416
2091,4.49394,-4.4963,4.51513,-4.51513,0.304385
2092,4.42284,-4.41554,4.5174,-4.51745,0.304385
2093,4.42284,-4.41554,4.51807,-4.51798,0.304403
2094,4.19047,-4.19292,4.51868,-4.51847,0.304425
2095,4.19047,-4.19292,4.51518,-4.51506,0.304438
2096,4.49047,-4.49292,4.51228,-4.51222,0.304416
2097,4.49047,-4.49292,4.51503,-4.51502,0.304385
2098,4.4195,-4.42188,4.51726,-4.51729,0.304384
2099,4.4195,-4.42188,4.51789,-4.51796,0.304401
2100,4.19678,-4.18955,4.51846,-4.51856,0.304422
2101,4.19678,-4.18955,4.51511,-4.51506,0.304435
2102,4.49678,-4.48955,4.51232,-4.51216,0.304414
2103,4.49678,-4.48955,4.51516,-4.5149,0.304382
2104,4.41599,-4.41863,4.51748,-4.51714,0.304382
2105,4.41599,-4.41863,4.51801,-4.51777,0.304399
2106,4.19337,-4.19596,4.51849,-4.51834,0.30442
2107,4.19337,-4.19596,4.51507,-4.51499,0.304432
2108,4.49337,-4.49596,4.51223,-4.51221,0.304411
2109,4.49337,-4.49596,4.51502,-4.51505,0.30438
2110,4.42229,-4.41522,4.51729,-4.51736,0.30438
2111,4.42229,-4.41522,4.51796,-4.51789,0.304397
2112,4.18996,-4.1926,4.51856,-4.51838,0.304419
2113,4.18996,-4.1926,4.51506,-4.51496,0.304432
2114,4.48996,-4.4926,4.51216,-4.51212,0.30441
2115,4.48996,-4.4926,4.5149,-4.51492,0.304378
2116,4.41902,-4.42157,4.51713,-4.51719,0.304377
2117,4.41902,-4.42157,4.51777,-4.51786,0.304394
2118,4.19634,-4.18924,4.51833,-4.51845,0.304414
2119,4.19634,-4.18924,4.51498,-4.51495,0.304427
2120,4.49634,-4.48924,4.51219,-4.51205,0.304406
2121,4.49634,-4.48924,4.51503,-4.51479,0.304375
2122,4.41558,-4.41836,4.51734,-4.51701,0.304374
2123,4.41558,-4.41836,4.51787,-4.51765,0.304391
2124,4.19296,-4.19568,4.51835,-4.51822,0.304411
2125,4.19296,-4.19568,4.51493,-4.51486,0.304424
2126,4.49296,-4.49568,4.51208,-4.51207,0.304402
2127,4.49296,-4.49568,4.51487,-4.51491,0.304371
2128,4.42192,-4.42455,4.51714,-4.51722,0.30437
2129,4.42192,-4.42455,4.51781,-4.51792,0.304388
2130,4.18959,-4.19217,4.51841,-4.51855,0.304411
2131,4.18959,-4.19217,4.51491,-4.51508,0.304425
2132,4.48959,-4.49217,4.51202,-4.5122,0.304404
2133,4.48959,-4.49217,4.51476,-4.51496,0.304372
2134,4.41871,-4.42116,4.517,-4.5172,0.304371
2135,4.41871,-4.42116,4.51763,-4.51785,0.304388
2136,4.19604,-4.19844,4.5182,-4.51842,0.304409
2137,4.19604,-4.19844,4.51485,-4.51508,0.304422
2138,4.49604,-4.49844,4.51207,-4.5123,0.304402
2139,4.49604,-4.49844,4.51491,-4.51515,0.304372
2140,4.41529,-4.4176,4.51723,-4.51747,0.304372
2141,4.41529,-4.4176,4.51778,-4.51801,0.304391
2142,4.19269,-4.19495,4.51827,-4.51851,0.304413
2143,4.19269,-4.19495,4.51486,-4.51509,0.304426
2144,4.49269,-4.49495,4.51203,-4.51226,0.304405
2145,4.49269,-4.49495,4.51483,-4.51506,0.304374
2146,4.42168,-4.42378,4.51711,-4.51734,0.304374
2147,4.42168,-4.42378,4.51779,-4.51802,0.304392
2148,4.18935,-4.19142,4.51839,-4.51862,0.304414
2149,4.18935,-4.19142,4.5149,-4.51513,0.304428
2150,4.48935,-4.49142,4.51201,-4.51223,0.304407
2151,4.48935,-4.49142,4.51476,-4.51498,0.304375
2152,4.41847,-4.42044,4.51699,-4.51722,0.304374
2153,4.41847,-4.42044,4.51763,-4.51785,0.30439
2154,4.19579,-4.19772,4.5182,-4.51842,0.304411
2155,4.19579,-4.19772,4.51485,-4.51506,0.304423
2156,4.49578,-4.49772,4.51207,-4.51228,0.304403
2157,4.49578,-4.49772,4.51491,-4.51512,0.304372
2158,4.41507,-4.41693,4.51723,-4.51744,0.304373
2159,4.41507,-4.41693,4.51777,-4.51797,0.304392
2160,4.19247,-4.19427,4.51826,-4.51846,0.304413
2161,4.19247,-4.19427,4.51485,-4.51505,0.304426
2162,4.49247,-4.49427,4.51201,-4.51221,0.304405
2163,4.49247,-4.49427,4.51481,-4.51501,0.304373
2164,4.42145,-4.42315,4.51709,-4.51728,0.304373
2165,4.42145,-4.42315,4.51776,-4.51795,0.30439
2166,4.18914,-4.19081,4.51836,-4.51855,0.304412
2167,4.18914,-4.19081,4.51487,-4.51506,0.304426
2168,4.48914,-4.49081,4.51197,-4.51216,0.304404
2169,4.48914,-4.49081,4.51472,-4.5149,0.304373
2170,4.41825,-4.41983,4.51695,-4.51713,0.304371
2171,4.41825,-4.41983,4.51759,-4.51777,0.304387
2172,4.19559,-4.19714,4.51816,-4.51833,0.304407
2173,4.19559,-4.19714,4.5148,-4.51497,0.30442
2174,4.49559,-4.49714,4.51202,-4.51219,0.304399
2175,4.49559,-4.49714,4.51486,-4.51502,0.304369
2176,4.41489,-4.41637,4.51717,-4.51734,0.304369
2177,4.41489,-4.41637,4.51771,-4.51787,0.304387
2178,4.19227,-4.19373,4.5182,-4.51836,0.304409
2179,4.19227,-4.19373,4.51478,-4.51494,0.304421
2180,4.49227,-4.49372,4.51194,-4.5121,0.3044
2181,4.49227,-4.49372,4.51474,-4.5149,0.304368
2182,4.42128,-4.42265,4.51701,-4.51717,0.304367
2183,4.42128,-4.42265,4.51768,-4.51784,0.304385
2184,4.18898,-4.1903,4.51828,-4.51843,0.304406
2185,4.18898,-4.1903,4.51479,-4.51494,0.30442
2186,4.48898,-4.4903,4.51189,-4.51204,0.304398
2187,4.48898,-4.4903,4.51463,-4.51478,0.304366
2188,4.41809,-4.41939,4.51686,-4.51701,0.304364
2189,4.41809,-4.41939,4.5175,-4.51764,0.304381
2190,4.19544,-4.1967,4.51806,-4.5182,0.304401
2191,4.19544,-4.1967,4.5147,-4.51484,0.304413
2192,4.49544,-4.4967,4.51192,-4.51206,0.304392
2193,4.49544,-4.4967,4.51476,-4.51489,0.304361
2194,4.41471,-4.41593,4.51707,-4.5172,0.304361
2195,4.41471,-4.41593,4.5176,-4.51774,0.30438
2196,4.19215,-4.19332,4.51809,-4.51822,0.304401
2197,4.19215,-4.19332,4.51467,-4.5148,0.304413
2198,4.49215,-4.49331,4.51183,-4.51196,0.304392
2199,4.49215,-4.49331,4.51463,-4.51475,0.30436
2200,4.42116,-4.42229,4.5169,-4.51703,0.304359
2201,4.42116,-4.42229,4.51757,-4.51769,0.304376
2202,4.19842,-4.18993,4.51817,-4.51829,0.304398
2203,4.19842,-4.18993,4.51484,-4.51479,0.304411
2204,4.49842,-4.48993,4.51208,-4.51189,0.304391
2205,4.49842,-4.48993,4.51494,-4.51463,0.30436
2206,4.41762,-4.41904,4.51727,-4.51687,0.30436
2207,4.41762,-4.41904,4.51782,-4.51751,0.304378
2208,4.19498,-4.19634,4.51831,-4.51808,0.304399
2209,4.19498,-4.19634,4.5149,-4.51474,0.304412
2210,4.49498,-4.49634,4.51207,-4.51196,0.304392
2211,4.49498,-4.49634,4.51488,-4.5148,0.304361
2212,4.42386,-4.4156,4.51716,-4.51712,0.304362
2213,4.42386,-4.4156,4.51784,-4.51767,0.30438
2214,4.1915,-4.19302,4.51845,-4.51816,0.304402
2215,4.1915,-4.19302,4.51496,-4.51475,0.304416
2216,4.4915,-4.49302,4.51207,-4.51192,0.304395
2217,4.4915,-4.49302,4.51482,-4.51472,0.304364
2218,4.42052,-4.42198,4.51706,-4.517,0.304363
2219,4.42052,-4.42198,4.5177,-4.51768,0.30438
2220,4.19781,-4.18966,4.51827,-4.51828,0.304402
2221,4.19781,-4.18966,4.51492,-4.51479,0.304415
2222,4.49781,-4.48966,4.51215,-4.51189,0.304395
2223,4.49781,-4.48966,4.51499,-4.51464,0.304364
2224,4.41702,-4.41877,4.51731,-4.51688,0.304363
2225,4.41702,-4.41877,4.51785,-4.51752,0.304381
2226,4.19436,-4.19608,4.51834,-4.51809,0.304402
2227,4.19436,-4.19608,4.51492,-4.51475,0.304415
2228,4.49436,-4.49608,4.51208,-4.51197,0.304394
2229,4.49436,-4.49608,4.51488,-4.51481,0.304364
2230,4.42326,-4.41535,4.51716,-4.51713,0.304364
2231,4.42326,-4.41535,4.51783,-4.51767,0.304382
2232,4.19092,-4.19275,4.51843,-4.51816,0.304404
2233,4.19092,-4.19275,4.51494,-4.51475,0.304417
2234,4.49092,-4.49275,4.51205,-4.51192,0.304396
2235,4.49092,-4.49275,4.51479,-4.51472,0.304364
2236,4.41996,-4.42174,4.51703,-4.517,0.304363
2237,4.41996,-4.42174,4.51766,-4.51767,0.304381
2238,4.19726,-4.18943,4.51823,-4.51827,0.304402
2239,4.19726,-4.18943,4.51488,-4.51478,0.304415
2240,4.49726,-4.48943,4.5121,-4.51188,0.304394
2241,4.49726,-4.48943,4.51494,-4.51462,0.304363
2242,4.41647,-4.41853,4.51726,-4.51685,0.304362
2243,4.41647,-4.41853,4.51779,-4.51749,0.30438
2244,4.19384,-4.19586,4.51828,-4.51806,0.304401
2245,4.19384,-4.19586,4.51486,-4.51472,0.304413
2246,4.49384,-4.49586,4.51202,-4.51193,0.304392
2247,4.49384,-4.49586,4.51481,-4.51478,0.304361
2248,4.42279,-4.41514,4.51709,-4.51709,0.304361
2249,4.42279,-4.41514,4.51776,-4.51763,0.304379
2250,4.19043,-4.19254,4.51836,-4.51812,0.304401
2251,4.19043,-4.19254,4.51487,-4.5147,0.304414
2252,4.49043,-4.49254,4.51197,-4.51187,0.304393
2253,4.49043,-4.49254,4.51471,-4.51467,0.304361
2254,4.41951,-4.42154,4.51694,-4.51694,0.30436
2255,4.41951,-4.42154,4.51758,-4.51761,0.304377
2256,4.19683,-4.18921,4.51815,-4.51821,0.304398
2257,4.19683,-4.18921,4.51479,-4.51471,0.304411
2258,4.49683,-4.48921,4.51201,-4.51181,0.30439
2259,4.49683,-4.48921,4.51485,-4.51455,0.304358
2260,4.41605,-4.41834,4.51716,-4.51678,0.304358
2261,4.41605,-4.41834,4.5177,-4.51742,0.304375
2262,4.19343,-4.19568,4.51818,-4.51799,0.304396
2263,4.19343,-4.19568,4.51476,-4.51464,0.304408
2264,4.49343,-4.49568,4.51192,-4.51186,0.304387
2265,4.49343,-4.49568,4.51471,-4.5147,0.304356
2266,4.42237,-4.41497,4.51698,-4.51701,0.304356
2267,4.42237,-4.41497,4.51765,-4.51755,0.304373
2268,4.19004,-4.1924,4.51825,-4.51803,0.304395
2269,4.19004,-4.1924,4.51475,-4.51462,0.304408
2270,4.49004,-4.4924,4.51185,-4.51178,0.304386
2271,4.49004,-4.4924,4.51459,-4.51457,0.304354
2272,4.41914,-4.4214,4.51682,-4.51685,0.304353
2273,4.41914,-4.4214,4.51746,-4.51752,0.30437
2274,4.19644,-4.19868,4.51802,-4.51811,0.304391
2275,4.19644,-4.19868,4.51467,-4.51478,0.304404
2276,4.49644,-4.49868,4.51189,-4.51202,0.304384
2277,4.49644,-4.49868,4.51473,-4.51488,0.304354
2278,4.4157,-4.41787,4.51705,-4.51721,0.304355
2279,4.4157,-4.41787,4.51759,-4.51776,0.304374
2280,4.19311,-4.19522,4.51808,-4.51826,0.304396
2281,4.19311,-4.19522,4.51467,-4.51486,0.304409
2282,4.49311,-4.49522,4.51184,-4.51203,0.304388
2283,4.49311,-4.49522,4.51464,-4.51484,0.304358
2284,4.42207,-4.42412,4.51693,-4.51713,0.304357
2285,4.42207,-4.42412,4.5176,-4.51781,0.304376
2286,4.18975,-4.19175,4.51821,-4.51841,0.304398
2287,4.18975,-4.19175,4.51472,-4.51493,0.304412
2288,4.48975,-4.49175,4.51183,-4.51204,0.304391
2289,4.48975,-4.49175,4.51459,-4.51479,0.30436
2290,4.41883,-4.42076,4.51682,-4.51703,0.304359
2291,4.41883,-4.42076,4.51746,-4.51767,0.304376
2292,4.19616,-4.19805,4.51804,-4.51824,0.304397
2293,4.19616,-4.19805,4.51469,-4.51489,0.30441
2294,4.49616,-4.49805,4.51191,-4.51211,0.304389
2295,4.49616,-4.49805,4.51476,-4.51496,0.304359
2296,4.41543,-4.41725,4.51708,-4.51728,0.30436
2297,4.41543,-4.41725,4.51762,-4.51782,0.304379
2298,4.19283,-4.19458,4.51811,-4.51831,0.3044
2299,4.19283,-4.19458,4.5147,-4.5149,0.304413
2300,4.49283,-4.49458,4.51187,-4.51206,0.304392
2301,4.49283,-4.49458,4.51467,-4.51486,0.304361
2302,4.42182,-4.4235,4.51695,-4.51714,0.304361
2303,4.42182,-4.4235,4.51763,-4.51782,0.304379
2304,4.1895,-4.19113,4.51823,-4.51842,0.304401
2305,4.1895,-4.19113,4.51475,-4.51493,0.304415
2306,4.4895,-4.49113,4.51185,-4.51203,0.304394
2307,4.4895,-4.49113,4.5146,-4.51478,0.304362
2308,4.4186,-4.42018,4.51684,-4.51702,0.304361
2309,4.4186,-4.42018,4.51748,-4.51765,0.304377
2310,4.19593,-4.19748,4.51805,-4.51822,0.304398
2311,4.19593,-4.19748,4.5147,-4.51487,0.304411
2312,4.49593,-4.49749,4.51191,-4.51208,0.30439
2313,4.49593,-4.49749,4.51476,-4.51492,0.30436
2314,4.41519,-4.41668,4.51707,-4.51724,0.30436
2315,4.41519,-4.41668,4.51761,-4.51778,0.304379
2316,4.19261,-4.19405,4.51811,-4.51827,0.3044
2317,4.19261,-4.19405,4.51469,-4.51485,0.304413
2318,4.49261,-4.49405,4.51186,-4.51202,0.304392
2319,4.49261,-4.49405,4.51466,-4.51481,0.304361
2320,4.42161,-4.42299,4.51693,-4.51709,0.30436
2321,4.42161,-4.42299,4.51761,-4.51776,0.304378
2322,4.18927,-4.19063,4.51821,-4.51836,0.304399
2323,4.18927,-4.19063,4.51472,-4.51487,0.304413
2324,4.48927,-4.49063,4.51182,-4.51197,0.304392
2325,4.48927,-4.49063,4.51457,-4.51472,0.30436
2326,4.4184,-4.4197,4.5168,-4.51695,0.304358
2327,4.4184,-4.4197,4.51744,-4.51758,0.304375
2328,4.19574,-4.19699,4.518,-4.51815,0.304395
2329,4.19574,-4.19699,4.51465,-4.51479,0.304408
2330,4.49574,-4.49699,4.51187,-4.512,0.304387
2331,4.49574,-4.49699,4.51471,-4.51484,0.304356
2332,4.41503,-4.41623,4.51702,-4.51716,0.304357
2333,4.41503,-4.41623,4.51756,-4.51769,0.304375
2334,4.19245,-4.19361,4.51805,-4.51818,0.304396
2335,4.19245,-4.19361,4.51463,-4.51476,0.304409
2336,4.49245,-4.49361,4.5118,-4.51193,0.304388
2337,4.49245,-4.49361,4.51459,-4.51472,0.304356
2338,4.42143,-4.42254,4.51687,-4.517,0.304355
2339,4.42143,-4.42254,4.51754,-4.51766,0.304373
2340,4.19871,-4.19021,4.51814,-4.51826,0.304394
2341,4.19871,-4.19021,4.51481,-4.51477,0.304408
2342,4.49871,-4.49021,4.51205,-4.51187,0.304388
2343,4.49871,-4.49021,4.51492,-4.51461,0.304357
2344,4.4179,-4.4193,4.51725,-4.51685,0.304357
2345,4.4179,-4.4193,4.5178,-4.51749,0.304376
2346,4.19525,-4.1966,4.5183,-4.51807,0.304397
2347,4.19525,-4.1966,4.51489,-4.51472,0.30441
2348,4.49525,-4.4966,4.51207,-4.51195,0.30439
2349,4.49525,-4.4966,4.51487,-4.5148,0.30436
2350,4.42414,-4.41585,4.51716,-4.51712,0.30436
2351,4.42414,-4.41585,4.51784,-4.51766,0.304379
2352,4.19178,-4.19324,4.51845,-4.51816,0.304401
2353,4.19178,-4.19324,4.51497,-4.51475,0.304415
2354,4.49178,-4.49324,4.51208,-4.51192,0.304394
2355,4.49178,-4.49324,4.51483,-4.51473,0.304363
2356,4.42078,-4.42221,4.51707,-4.51701,0.304362
2357,4.42078,-4.42221,4.51771,-4.51769,0.30438
2358,4.19807,-4.18989,4.51829,-4.51829,0.304402
2359,4.19807,-4.18989,4.51494,-4.5148,0.304415
2360,4.49807,-4.48989,4.51216,-4.51191,0.304395
2361,4.49807,-4.48989,4.51501,-4.51466,0.304364
2362,4.41724,-4.41897,4.51733,-4.51689,0.304364
2363,4.41724,-4.41897,4.51787,-4.51754,0.304382
2364,4.1946,-4.19629,4.51836,-4.51811,0.304403
2365,4.1946,-4.19629,4.51495,-4.51477,0.304416
2366,4.49461,-4.49629,4.51211,-4.51199,0.304395
2367,4.49461,-4.49629,4.51491,-4.51484,0.304365
2368,4.4235,-4.41556,4.51719,-4.51716,0.304365
2369,4.4235,-4.41556,4.51786,-4.5177,0.304383
2370,4.19113,-4.19296,4.51847,-4.5182,0.304405
2371,4.19113,-4.19296,4.51498,-4.51479,0.304419
2372,4.49113,-4.49296,4.51208,-4.51195,0.304398
2373,4.49113,-4.49296,4.51483,-4.51476,0.304366
2374,4.42018,-4.42194,4.51707,-4.51704,0.304365
2375,4.42018,-4.42194,4.5177,-4.51771,0.304383
2376,4.19748,-4.1896,4.51828,-4.51831,0.304404
2377,4.19748,-4.1896,4.51493,-4.51482,0.304417
2378,4.49748,-4.4896,4.51215,-4.51192,0.304396
2379,4.49748,-4.4896,4.51499,-4.51467,0.304365
2380,4.41668,-4.41871,4.51731,-4.5169,0.304365
2381,4.41668,-4.41871,4.51785,-4.51754,0.304383
2382,4.19405,-4.19604,4.51833,-4.51812,0.304404
2383,4.19405,-4.19604,4.51491,-4.51477,0.304416
2384,4.49405,-4.49604,4.51207,-4.51199,0.304395
2385,4.49405,-4.49604,4.51487,-4.51483,0.304365
2386,4.42294,-4.41529,4.51715,-4.51715,0.304365
2387,4.42294,-4.41529,4.51782,-4.51769,0.304383
2388,4.1906,-4.19272,4.51842,-4.51818,0.304404
2389,4.1906,-4.19272,4.51493,-4.51476,0.304418
2390,4.4906,-4.49272,4.51203,-4.51193,0.304396
2391,4.4906,-4.49272,4.51477,-4.51473,0.304365
2392,4.41968,-4.42171,4.51701,-4.517,0.304364
2393,4.41968,-4.42171,4.51764,-4.51768,0.304381
2394,4.19697,-4.18937,4.51821,-4.51827,0.304402
2395,4.19697,-4.18937,4.51486,-4.51478,0.304415
2396,4.49697,-4.48937,4.51208,-4.51188,0.304394
2397,4.49697,-4.48937,4.51492,-4.51462,0.304363
2398,4.41621,-4.4185,4.51723,-4.51685,0.304362
2399,4.41621,-4.4185,4.51777,-4.51749,0.30438
2400,4.19358,-4.19581,4.51825,-4.51806,0.3044
2401,4.19358,-4.19581,4.51483,-4.51471,0.304413
2402,4.49358,-4.49581,4.51199,-4.51193,0.304392
2403,4.49358,-4.49581,4.51478,-4.51477,0.304361
2404,4.42252,-4.42468,4.51706,-4.51709,0.30436
2405,4.42252,-4.42468,4.51773,-4.51779,0.304379
2406,4.19019,-4.19233,4.51833,-4.51841,0.304401
2407,4.19019,-4.19233,4.51484,-4.51495,0.304415
2408,4.49019,-4.49233,4.51194,-4.51207,0.304395
2409,4.49019,-4.49233,4.51469,-4.51483,0.304364
2410,4.41926,-4.42131,4.51693,-4.51709,0.304363
2411,4.41926,-4.42131,4.51757,-4.51773,0.30438
2412,4.19658,-4.19859,4.51814,-4.51831,0.304401
2413,4.19658,-4.19859,4.51479,-4.51497,0.304414
2414,4.49658,-4.49859,4.51201,-4.5122,0.304394
2415,4.49658,-4.49859,4.51486,-4.51505,0.304364
2416,4.41583,-4.41776,4.51718,-4.51737,0.304365
2417,4.41583,-4.41776,4.51773,-4.51792,0.304385
2418,4.1932,-4.19509,4.51822,-4.51842,0.304407
2419,4.1932,-4.19509,4.51481,-4.51501,0.30442
2420,4.4932,-4.49509,4.51198,-4.51218,0.304399
2421,4.4932,-4.49509,4.51479,-4.51498,0.304368
2422,4.42217,-4.42396,4.51707,-4.51727,0.304368
2423,4.42217,-4.42396,4.51775,-4.51794,0.304386
2424,4.18985,-4.19158,4.51836,-4.51855,0.304408
2425,4.18985,-4.19158,4.51487,-4.51506,0.304422
2426,4.48985,-4.49158,4.51198,-4.51217,0.304402
2427,4.48985,-4.49158,4.51473,-4.51492,0.30437
2428,4.41893,-4.42059,4.51697,-4.51716,0.304369
2429,4.41893,-4.42059,4.51761,-4.51779,0.304386
2430,4.19625,-4.19789,4.51818,-4.51837,0.304407
2431,4.19625,-4.19789,4.51483,-4.51501,0.30442
2432,4.49625,-4.49789,4.51205,-4.51223,0.304399
2433,4.49625,-4.49789,4.5149,-4.51508,0.304369
2434,4.4155,-4.41707,4.51722,-4.5174,0.30437
2435,4.4155,-4.41707,4.51776,-4.51794,0.304389
2436,4.19289,-4.19443,4.51826,-4.51843,0.30441
2437,4.19289,-4.19443,4.51484,-4.51501,0.304423
2438,4.49289,-4.49443,4.51201,-4.51218,0.304402
2439,4.49289,-4.49443,4.51481,-4.51498,0.304371
2440,4.42188,-4.42333,4.51709,-4.51726,0.304371
2441,4.42188,-4.42333,4.51777,-4.51793,0.304388
2442,4.18954,-4.19096,4.51837,-4.51853,0.30441
2443,4.18954,-4.19096,4.51488,-4.51504,0.304424
2444,4.48954,-4.49096,4.51199,-4.51214,0.304403
2445,4.48954,-4.49096,4.51473,-4.51489,0.304371
2446,4.41866,-4.42,4.51697,-4.51712,0.30437
2447,4.41866,-4.42,4.51761,-4.51776,0.304386
2448,4.19599,-4.19728,4.51818,-4.51833,0.304407
2449,4.19599,-4.19728,4.51482,-4.51497,0.30442
2450,4.49599,-4.49728,4.51204,-4.51219,0.304399
2451,4.49599,-4.49728,4.51488,-4.51503,0.304368
2452,4.41524,-4.41651,4.5172,-4.51734,0.304369
2453,4.41524,-4.41651,4.51774,-4.51788,0.304388
2454,4.19264,-4.19388,4.51823,-4.51837,0.304409
2455,4.19264,-4.19388,4.51481,-4.51495,0.304422
2456,4.49264,-4.49388,4.51198,-4.51211,0.3044
2457,4.49264,-4.49388,4.51478,-4.51491,0.304369
2458,4.42162,-4.42278,4.51705,-4.51719,0.304368
2459,4.42162,-4.42278,4.51772,-4.51786,0.304386
2460,4.1893,-4.19044,4.51833,-4.51845,0.304408
2461,4.1893,-4.19044,4.51483,-4.51496,0.304421
2462,4.4893,-4.49044,4.51194,-4.51206,0.3044
2463,4.4893,-4.49044,4.51468,-4.51481,0.304368
2464,4.41843,-4.41953,4.51691,-4.51704,0.304366
2465,4.41843,-4.41953,4.51755,-4.51767,0.304383
2466,4.19574,-4.19682,4.51811,-4.51824,0.304403
2467,4.19574,-4.19682,4.51476,-4.51488,0.304415
2468,4.49574,-4.49682,4.51197,-4.51209,0.304394
2469,4.49574,-4.49682,4.51481,-4.51493,0.304364
2470,4.41503,-4.41606,4.51713,-4.51724,0.304364
2471,4.41503,-4.41606,4.51766,-4.51778,0.304383
2472,4.19246,-4.19342,4.51815,-4.51826,0.304404
2473,4.19246,-4.19342,4.51473,-4.51485,0.304416
2474,4.49246,-4.49342,4.5119,-4.51201,0.304395
2475,4.49246,-4.49342,4.51469,-4.5148,0.304363
2476,4.42144,-4.42239,4.51697,-4.51707,0.304362
2477,4.42144,-4.42239,4.51764,-4.51774,0.30438
2478,4.19871,-4.19006,4.51823,-4.51834,0.304401
2479,4.19871,-4.19006,4.51491,-4.51484,0.304415
2480,4.49871,-4.49006,4.51215,-4.51194,0.304394
2481,4.49871,-4.49006,4.51501,-4.51469,0.304364
2482,4.41786,-4.41913,4.51734,-4.51693,0.304364
2483,4.41786,-4.41913,4.51789,-4.51757,0.304382
2484,4.19521,-4.19646,4.51839,-4.51814,0.304403
2485,4.19521,-4.19646,4.51498,-4.5148,0.304417
2486,4.49521,-4.49646,4.51215,-4.51202,0.304396
2487,4.49521,-4.49646,4.51496,-4.51487,0.304366
2488,4.42408,-4.41569,4.51724,-4.51719,0.304366
2489,4.42408,-4.41569,4.51792,-4.51773,0.304385
2490,4.19169,-4.19308,4.51853,-4.51823,0.304407
2491,4.19169,-4.19308,4.51504,-4.51482,0.304421
2492,4.49169,-4.49308,4.51215,-4.51199,0.3044
2493,4.49169,-4.49308,4.5149,-4.51479,0.304369
2494,4.4207,-4.42206,4.51714,-4.51707,0.304368
2495,4.4207,-4.42206,4.51778,-4.51775,0.304385
2496,4.19799,-4.18971,4.51836,-4.51835,0.304407
2497,4.19799,-4.18971,4.51501,-4.51486,0.30442
2498,4.49799,-4.48971,4.51223,-4.51196,0.3044
2499,4.49799,-4.48971,4.51508,-4.51471,0.304369
2500,4.41717,-4.41883,4.5174,-4.51695,0.304369
2501,4.41717,-4.41883,4.51794,-4.51759,0.304387
2502,4.19453,-4.19615,4.51842,-4.51817,0.304408
2503,4.19453,-4.19615,4.51501,-4.51482,0.304421
2504,4.49453,-4.49615,4.51217,-4.51204,0.3044
2505,4.49453,-4.49615,4.51497,-4.51489,0.304369
2506,4.4234,-4.4154,4.51725,-4.51721,0.304369
2507,4.4234,-4.4154,4.51792,-4.51775,0.304388
2508,4.19105,-4.1928,4.51852,-4.51824,0.304409
2509,4.19105,-4.1928,4.51503,-4.51483,0.304423
2510,4.49105,-4.4928,4.51214,-4.512,0.304402
2511,4.49105,-4.4928,4.51488,-4.5148,0.30437
2512,4.42009,-4.42179,4.51712,-4.51708,0.304369
2513,4.42009,-4.42179,4.51775,-4.51775,0.304386
2514,4.19737,-4.18945,4.51832,-4.51835,0.304408
2515,4.19737,-4.18945,4.51497,-4.51486,0.304421
2516,4.49737,-4.48945,4.51219,-4.51196,0.3044
2517,4.49737,-4.48945,4.51503,-4.5147,0.304369
2518,4.41659,-4.41857,4.51735,-4.51694,0.304368
2519,4.41659,-4.41857,4.51789,-4.51758,0.304386
2520,4.19396,-4.19588,4.51837,-4.51815,0.304407
2521,4.19396,-4.19588,4.51495,-4.5148,0.30442
2522,4.49396,-4.49588,4.51211,-4.51202,0.304399
2523,4.49396,-4.49588,4.51491,-4.51486,0.304368
2524,4.42286,-4.41516,4.51718,-4.51718,0.304368
2525,4.42286,-4.41516,4.51785,-4.51771,0.304386
2526,4.19052,-4.19257,4.51845,-4.5182,0.304407
2527,4.19052,-4.19257,4.51496,-4.51479,0.30442
2528,4.49052,-4.49257,4.51206,-4.51195,0.304399
2529,4.49052,-4.49257,4.5148,-4.51475,0.304367
2530,4.41958,-4.42154,4.51704,-4.51703,0.304366
2531,4.41958,-4.42154,4.51767,-4.5177,0.304383
2532,4.19689,-4.18923,4.51824,-4.51829,0.304404
2533,4.19689,-4.18923,4.51488,-4.5148,0.304417
2534,4.49689,-4.48923,4.5121,-4.5119,0.304396
2535,4.49689,-4.48923,4.51494,-4.51464,0.304365
2536,4.41613,-4.41836,4.51726,-4.51687,0.304364
2537,4.41613,-4.41836,4.51779,-4.51751,0.304381
2538,4.19349,-4.19567,4.51827,-4.51808,0.304402
2539,4.19349,-4.19567,4.51485,-4.51472,0.304415
2540,4.49349,-4.49567,4.51201,-4.51194,0.304393
2541,4.49349,-4.49567,4.5148,-4.51478,0.304362
2542,4.42245,-4.41497,4.51707,-4.5171,0.304362
2543,4.42245,-4.41497,4.51774,-4.51763,0.30438
2544,4.1901,-4.19237,4.51834,-4.51812,0.304401
2545,4.1901,-4.19237,4.51485,-4.5147,0.304414
2546,4.4901,-4.49237,4.51194,-4.51186,0.304393
2547,4.4901,-4.49237,4.51469,-4.51466,0.304361
2548,4.4192,-4.42138,4.51692,-4.51693,0.304359
2549,4.4192,-4.42138,4.51755,-4.5176,0.304376
2550,4.19651,-4.19866,4.51811,-4.51819,0.304397
2551,4.19651,-4.19866,4.51476,-4.51486,0.30441
2552,4.49651,-4.49866,4.51198,-4.5121,0.30439
2553,4.49651,-4.49866,4.51482,-4.51496,0.30436
2554,4.41575,-4.41781,4.51714,-4.51729,0.304361
2555,4.41575,-4.41781,4.51768,-4.51784,0.30438
2556,4.19316,-4.19515,4.51817,-4.51834,0.304402
2557,4.19316,-4.19515,4.51476,-4.51494,0.304415
2558,4.49316,-4.49515,4.51193,-4.51211,0.304395
2559,4.49316,-4.49515,4.51473,-4.51492,0.304364
2560,4.42213,-4.42403,4.51701,-4.5172,0.304364
2561,4.42213,-4.42403,4.51769,-4.51788,0.304382
2562,4.18979,-4.19164,4.5183,-4.51849,0.304404
2563,4.18979,-4.19164,4.51481,-4.515,0.304418
2564,4.48979,-4.49164,4.51192,-4.51211,0.304397
2565,4.48979,-4.49164,4.51467,-4.51486,0.304366
2566,4.4189,-4.42068,4.51691,-4.5171,0.304365
2567,4.4189,-4.42068,4.51755,-4.51774,0.304382
2568,4.19623,-4.19795,4.51812,-4.51831,0.304402
2569,4.19623,-4.19795,4.51477,-4.51496,0.304415
2570,4.49623,-4.49794,4.51199,-4.51218,0.304395
2571,4.49623,-4.49794,4.51484,-4.51502,0.304365
2572,4.41547,-4.41715,4.51716,-4.51734,0.304366
2573,4.41547,-4.41715,4.5177,-4.51788,0.304385
2574,4.19289,-4.19451,4.5182,-4.51838,0.304406
2575,4.19289,-4.19451,4.51479,-4.51496,0.304419
2576,4.49289,-4.49451,4.51195,-4.51213,0.304398
2577,4.49289,-4.49451,4.51476,-4.51493,0.304367
2578,4.42185,-4.42338,4.51704,-4.51721,0.304367
2579,4.42185,-4.42338,4.51771,-4.51788,0.304384
2580,4.18953,-4.19104,4.51832,-4.51848,0.304406
2581,4.18953,-4.19104,4.51483,-4.51499,0.30442
2582,4.48953,-4.49104,4.51193,-4.5121,0.304399
2583,4.48953,-4.49104,4.51468,-4.51484,0.304368
2584,4.41865,-4.42007,4.51692,-4.51708,0.304366
2585,4.41865,-4.42007,4.51756,-4.51771,0.304383
2586,4.19596,-4.19735,4.51812,-4.51828,0.304403
2587,4.19596,-4.19735,4.51477,-4.51493,0.304416
2588,4.49596,-4.49735,4.51199,-4.51214,0.304395
2589,4.49596,-4.49735,4.51483,-4.51498,0.304365
2590,4.41524,-4.41657,4.51715,-4.5173,0.304365
2591,4.41524,-4.41657,4.51769,-4.51784,0.304384
2592,4.19266,-4.19392,4.51818,-4.51833,0.304405
2593,4.19266,-4.19392,4.51477,-4.51491,0.304418
2594,4.49266,-4.49392,4.51193,-4.51207,0.304397
2595,4.49266,-4.49392,4.51473,-4.51487,0.304366
2596,4.42163,-4.42284,4.51701,-4.51715,0.304365
2597,4.42163,-4.42284,4.51768,-4.51782,0.304382
2598,4.18932,-4.19051,4.51828,-4.51841,0.304404
2599,4.18932,-4.19051,4.51479,-4.51492,0.304418
2600,4.48932,-4.49051,4.51189,-4.51202,0.304397
2601,4.48932,-4.49051,4.51464,-4.51477,0.304365
2602,4.41842,-4.41956,4.51687,-4.517,0.304363
2603,4.41842,-4.41956,4.51751,-4.51763,0.304379
2604,4.19576,-4.19688,4.51807,-4.5182,0.3044
2605,4.19576,-4.19688,4.51472,-4.51484,0.304412
2606,4.49576,-4.49688,4.51193,-4.51205,0.304391
2607,4.49576,-4.49688,4.51477,-4.51489,0.304361
2608,4.41505,-4.4161,4.51709,-4.51721,0.304361
2609,4.41505,-4.4161,4.51762,-4.51774,0.30438
2610,4.19245,-4.19348,4.51811,-4.51823,0.304401
2611,4.19245,-4.19348,4.51469,-4.51481,0.304413
2612,4.49245,-4.49348,4.51186,-4.51197,0.304392
2613,4.49245,-4.49348,4.51465,-4.51477,0.30436
2614,4.42145,-4.42244,4.51693,-4.51704,0.304359
2615,4.42145,-4.42244,4.5176,-4.51771,0.304377
2616,4.19873,-4.19009,4.5182,-4.51831,0.304398
2617,4.19873,-4.19009,4.51487,-4.51481,0.304412
2618,4.49873,-4.49009,4.51211,-4.51191,0.304392
2619,4.49873,-4.49009,4.51497,-4.51466,0.304361
2620,4.41788,-4.41919,4.51731,-4.51689,0.304361
2621,4.41788,-4.41919,4.51786,-4.51753,0.304379
2622,4.19522,-4.19651,4.51835,-4.51811,0.304401
2623,4.19522,-4.19651,4.51495,-4.51476,0.304414
2624,4.49522,-4.49651,4.51212,-4.51199,0.304394
2625,4.49522,-4.49651,4.51492,-4.51484,0.304363
2626,4.42407,-4.41574,4.51721,-4.51716,0.304364
2627,4.42407,-4.41574,4.51789,-4.5177,0.304382
2628,4.19171,-4.19315,4.5185,-4.5182,0.304404
2629,4.19171,-4.19315,4.51501,-4.51479,0.304418
2630,4.49171,-4.49315,4.51212,-4.51196,0.304397
2631,4.49171,-4.49315,4.51487,-4.51476,0.304366
2632,4.42072,-4.42213,4.51711,-4.51704,0.304366
2633,4.42072,-4.42213,4.51775,-4.51772,0.304383
2634,4.19798,-4.18978,4.51832,-4.51832,0.304405
2635,4.19798,-4.18978,4.51498,-4.51483,0.304418
2636,4.49798,-4.48978,4.5122,-4.51194,0.304398
2637,4.49798,-4.48978,4.51505,-4.51469,0.304367
2638,4.41718,-4.41889,4.51737,-4.51693,0.304367
2639,4.41718,-4.41889,4.51791,-4.51757,0.304384
2640,4.19454,-4.1962,4.5184,-4.51814,0.304406
2641,4.19454,-4.1962,4.51498,-4.5148,0.304419
2642,4.49454,-4.49619,4.51214,-4.51202,0.304398
2643,4.49454,-4.49619,4.51494,-4.51487,0.304367
2644,4.42342,-4.41546,4.51722,-4.51719,0.304367
2645,4.42342,-4.41546,4.51789,-4.51773,0.304386
2646,4.19107,-4.19286,4.5185,-4.51822,0.304408
2647,4.19107,-4.19286,4.51501,-4.51481,0.304421
2648,4.49107,-4.49286,4.51211,-4.51198,0.3044
2649,4.49107,-4.49286,4.51486,-4.51478,0.304369
2650,4.42008,-4.42182,4.51709,-4.51706,0.304368
2651,4.42008,-4.42182,4.51773,-4.51773,0.304385
2652,4.19738,-4.18951,4.5183,-4.51833,0.304406
2653,4.19738,-4.18951,4.51495,-4.51484,0.304419
2654,4.49738,-4.48951,4.51217,-4.51194,0.304398
2655,4.49738,-4.48951,4.51501,-4.51468,0.304367
2656,4.41661,-4.4186,4.51733,-4.51692,0.304367
2657,4.41661,-4.4186,4.51786,-4.51756,0.304384
2658,4.19395,-4.19594,4.51835,-4.51813,0.304405
2659,4.19395,-4.19594,4.51493,-4.51478,0.304418
2660,4.49395,-4.49594,4.51209,-4.512,0.304397
2661,4.49395,-4.49594,4.51488,-4.51484,0.304366
2662,4.42287,-4.41522,4.51716,-4.51716,0.304366
2663,4.42287,-4.41522,4.51783,-4.5177,0.304384
2664,4.19051,-4.19259,4.51843,-4.51819,0.304406
2665,4.19051,-4.19259,4.51494,-4.51477,0.304419
2666,4.49051,-4.49259,4.51204,-4.51194,0.304398
2667,4.49051,-4.49259,4.51478,-4.51473,0.304366
2668,4.41959,-4.42159,4.51702,-4.51701,0.304365
2669,4.41959,-4.42159,4.51765,-4.51768,0.304382
2670,4.19691,-4.18928,4.51822,-4.51828,0.304403
2671,4.19691,-4.18928,4.51487,-4.51478,0.304416
2672,4.49691,-4.48928,4.51208,-4.51188,0.304395
2673,4.49691,-4.48928,4.51492,-4.51463,0.304363
2674,4.41612,-4.41838,4.51724,-4.51686,0.304363
2675,4.41612,-4.41838,4.51777,-4.51749,0.30438
2676,4.19351,-4.19572,4.51826,-4.51806,0.304401
2677,4.19351,-4.19572,4.51483,-4.51471,0.304413
2678,4.49351,-4.49572,4.51199,-4.51193,0.304392
2679,4.49351,-4.49572,4.51478,-4.51477,0.304361
2680,4.42247,-4.41498,4.51706,-4.51708,0.304361
2681,4.42247,-4.41498,4.51773,-4.51762,0.304379
2682,4.19011,-4.19241,4.51833,-4.51811,0.3044
2683,4.19011,-4.19241,4.51483,-4.51469,0.304413
2684,4.49011,-4.49241,4.51193,-4.51185,0.304392
2685,4.49011,-4.49241,4.51467,-4.51465,0.30436
2686,4.41921,-4.42142,4.5169,-4.51692,0.304358
2687,4.41921,-4.42142,4.51754,-4.51759,0.304375
2688,4.19653,-4.19867,4.5181,-4.51819,0.304396
2689,4.19653,-4.19867,4.51475,-4.51485,0.304409
2690,4.49653,-4.49867,4.51196,-4.51209,0.304389
2691,4.49653,-4.49867,4.51481,-4.51495,0.304359
2692,4.41576,-4.41784,4.51713,-4.51728,0.30436
2693,4.41576,-4.41784,4.51767,-4.51783,0.304379
2694,4.19318,-4.19519,4.51816,-4.51833,0.304401
2695,4.19318,-4.19519,4.51475,-4.51493,0.304415
2696,4.49318,-4.49519,4.51192,-4.5121,0.304394
2697,4.49318,-4.49519,4.51472,-4.51491,0.304363
2698,4.42213,-4.42404,4.51701,-4.5172,0.304363
2699,4.42213,-4.42404,4.51768,-4.51788,0.304381
2700,4.18981,-4.19168,4.51829,-4.51848,0.304403
2701,4.18981,-4.19168,4.5148,-4.515,0.304417
2702,4.48981,-4.49168,4.51191,-4.51211,0.304397
2703,4.48981,-4.49168,4.51466,-4.51486,0.304365
2704,4.41891,-4.42071,4.5169,-4.5171,0.304364
2705,4.41891,-4.42071,4.51754,-4.51774,0.304381
2706,4.19622,-4.19798,4.51812,-4.51831,0.304402
2707,4.19622,-4.19798,4.51477,-4.51496,0.304415
2708,4.49622,-4.49798,4.51199,-4.51218,0.304394
2709,4.49622,-4.49798,4.51483,-4.51502,0.304364
2710,4.41549,-4.41718,4.51715,-4.51734,0.304365
2711,4.41549,-4.41718,4.51769,-4.51788,0.304384
2712,4.19288,-4.19451,4.51819,-4.51837,0.304406
2713,4.19288,-4.19451,4.51478,-4.51496,0.304419
2714,4.49288,-4.49451,4.51195,-4.51213,0.304398
2715,4.49288,-4.49451,4.51475,-4.51492,0.304366
2716,4.42187,-4.42341,4.51703,-4.5172,0.304366
2717,4.42187,-4.42341,4.5177,-4.51788,0.304384
2718,4.18955,-4.19106,4.51831,-4.51848,0.304406
2719,4.18955,-4.19106,4.51482,-4.51499,0.30442
2720,4.48955,-4.49106,4.51193,-4.51209,0.304399
2721,4.48955,-4.49106,4.51467,-4.51484,0.304367
2722,4.41864,-4.4201,4.51691,-4.51707,0.304366
2723,4.41864,-4.4201,4.51755,-4.51771,0.304382
2724,4.19598,-4.1974,4.51812,-4.51828,0.304403
2725,4.19598,-4.1974,4.51477,-4.51492,0.304415
2726,4.49598,-4.4974,4.51198,-4.51214,0.304395
2727,4.49598,-4.4974,4.51483,-4.51498,0.304364
2728,4.41525,-4.4166,4.51714,-4.5173,0.304365
2729,4.41525,-4.4166,4.51768,-4.51783,0.304384
2730,4.19265,-4.19397,4.51817,-4.51832,0.304405
2731,4.19265,-4.19397,4.51476,-4.51491,0.304418
2732,4.49265,-4.49397,4.51193,-4.51207,0.304397
2733,4.49265,-4.49397,4.51472,-4.51487,0.304365
2734,4.42165,-4.42289,4.517,-4.51714,0.304365
2735,4.42165,-4.42289,4.51767,-4.51782,0.304382
2736,4.18931,-4.19053,4.51828,-4.51841,0.304404
2737,4.18931,-4.19053,4.51478,-4.51492,0.304418
2738,4.48931,-4.49053,4.51189,-4.51202,0.304396
2739,4.48931,-4.49053,4.51463,-4.51477,0.304364
2740,4.41844,-4.41961,4.51687,-4.517,0.304363
2741,4.41844,-4.41961,4.5175,-4.51763,0.304379
2742,4.19578,-4.19692,4.51807,-4.5182,0.304399
2743,4.19578,-4.19692,4.51471,-4.51484,0.304412
2744,4.49578,-4.49692,4.51193,-4.51205,0.304391
2745,4.49578,-4.49692,4.51477,-4.51489,0.304361
2746,4.41504,-4.41614,4.51708,-4.51721,0.304361
2747,4.41504,-4.41614,4.51762,-4.51774,0.304379
2748,4.19247,-4.19352,4.51811,-4.51823,0.304401
2749,4.19247,-4.19352,4.51469,-4.51481,0.304413
2750,4.49247,-4.49352,4.51186,-4.51197,0.304392
2751,4.49247,-4.49352,4.51465,-4.51477,0.30436
2752,4.42147,-4.42248,4.51693,-4.51704,0.304359
2753,4.42147,-4.42248,4.5176,-4.51771,0.304377
2754,4.18914,-4.19013,4.5182,-4.51831,0.304398
2755,4.18914,-4.19013,4.5147,-4.51481,0.304412
2756,4.48914,-4.49013,4.51181,-4.51191,0.30439
2757,4.48914,-4.49013,4.51455,-4.51466,0.304358
2758,4.41827,-4.41922,4.51678,-4.51689,0.304357
2759,4.41827,-4.41922,4.51741,-4.51752,0.304373
2760,4.19561,-4.19652,4.51798,-4.51808,0.304393
2761,4.19561,-4.19652,4.51462,-4.51472,0.304405
2762,4.49561,-4.49652,4.51183,-4.51193,0.304384
2763,4.49561,-4.49652,4.51467,-4.51477,0.304354
2764,4.42449,-4.41578,4.51698,-4.51708,0.304354
2765,4.42449,-4.41578,4.51769,-4.51762,0.304372
2766,4.19214,-4.19319,4.51831,-4.5181,0.304394
2767,4.19214,-4.19319,4.51484,-4.51469,0.304408
2768,4.49214,-4.49319,4.51197,-4.51186,0.304387
2769,4.49214,-4.49319,4.51473,-4.51465,0.304356
2770,4.42114,-4.42214,4.51698,-4.51693,0.304356
2771,4.42114,-4.42214,4.51763,-4.51761,0.304374
2772,4.19842,-4.18982,4.51821,-4.51821,0.304395
2773,4.19842,-4.18982,4.51487,-4.51472,0.304409
2774,4.49842,-4.48982,4.5121,-4.51182,0.304388
2775,4.49842,-4.48982,4.51495,-4.51457,0.304358
2776,4.4176,-4.4189,4.51727,-4.51681,0.304358
2777,4.4176,-4.4189,4.51781,-4.51745,0.304376
2778,4.19493,-4.19623,4.51831,-4.51803,0.304397
2779,4.19493,-4.19623,4.51489,-4.51468,0.30441
2780,4.49493,-4.49623,4.51206,-4.51191,0.30439
2781,4.49493,-4.49623,4.51486,-4.51476,0.304359
2782,4.42383,-4.41552,4.51714,-4.51708,0.304359
2783,4.42383,-4.41552,4.51782,-4.51762,0.304378
2784,4.19145,-4.19292,4.51842,-4.51812,0.3044
2785,4.19145,-4.19292,4.51494,-4.51471,0.304414
2786,4.49145,-4.49292,4.51204,-4.51188,0.304393
2787,4.49145,-4.49292,4.51479,-4.51468,0.304361
2788,4.42049,-4.4219,4.51703,-4.51696,0.304361
2789,4.42049,-4.4219,4.51767,-4.51763,0.304378
2790,4.19779,-4.18958,4.51824,-4.51824,0.304399
2791,4.19779,-4.18958,4.51489,-4.51475,0.304413
2792,4.49779,-4.48958,4.51211,-4.51185,0.304392
2793,4.49779,-4.48958,4.51496,-4.5146,0.304361
2794,4.41697,-4.41868,4.51728,-4.51683,0.304361
2795,4.41697,-4.41868,4.51782,-4.51748,0.304379
2796,4.19434,-4.19601,4.5183,-4.51805,0.3044
2797,4.19434,-4.19601,4.51488,-4.5147,0.304413
2798,4.49434,-4.49601,4.51205,-4.51193,0.304392
2799,4.49434,-4.49601,4.51484,-4.51477,0.304361
2800,4.42327,-4.41526,4.51712,-4.51709,0.304361
2801,4.42327,-4.41526,4.51779,-4.51763,0.304379
2802,4.1909,-4.19269,4.5184,-4.51812,0.304401
2803,4.1909,-4.19269,4.51491,-4.51471,0.304414
2804,4.4909,-4.49269,4.51201,-4.51187,0.304393
2805,4.4909,-4.49269,4.51475,-4.51467,0.304362
2806,4.41996,-4.42168,4.51699,-4.51695,0.304361
2807,4.41996,-4.42168,4.51763,-4.51762,0.304378
2808,4.19727,-4.18934,4.5182,-4.51822,0.304399
2809,4.19727,-4.18934,4.51484,-4.51473,0.304412
2810,4.49727,-4.48934,4.51206,-4.51183,0.304391
2811,4.49727,-4.48934,4.51491,-4.51458,0.30436
2812,4.41647,-4.41847,4.51722,-4.51681,0.304359
2813,4.41647,-4.41847,4.51776,-4.51745,0.304377
2814,4.19385,-4.1958,4.51824,-4.51802,0.304398
2815,4.19385,-4.1958,4.51482,-4.51467,0.30441
2816,4.49385,-4.4958,4.51198,-4.51189,0.304389
2817,4.49385,-4.4958,4.51477,-4.51473,0.304358
2818,4.42277,-4.41509,4.51705,-4.51705,0.304358
2819,4.42277,-4.41509,4.51772,-4.51759,0.304376
2820,4.19043,-4.19252,4.51832,-4.51808,0.304398
2821,4.19043,-4.19252,4.51483,-4.51466,0.304411
2822,4.49043,-4.49252,4.51193,-4.51183,0.30439
2823,4.49043,-4.49252,4.51467,-4.51462,0.304358
2824,4.41952,-4.42151,4.5169,-4.5169,0.304357
2825,4.41952,-4.42151,4.51754,-4.51757,0.304374
2826,4.19681,-4.19877,4.51811,-4.51817,0.304395
2827,4.19681,-4.19877,4.51475,-4.51484,0.304408
2828,4.49681,-4.49876,4.51197,-4.51207,0.304388
2829,4.49681,-4.49876,4.51482,-4.51494,0.304358
2830,4.41605,-4.41796,4.51714,-4.51727,0.304359
2831,4.41605,-4.41796,4.51768,-4.51782,0.304379
2832,4.19344,-4.19528,4.51817,-4.51833,0.304401
2833,4.19344,-4.19528,4.51476,-4.51492,0.304414
2834,4.49344,-4.49528,4.51193,-4.5121,0.304393
2835,4.49344,-4.49528,4.51474,-4.51491,0.304363
2836,4.4224,-4.42417,4.51702,-4.5172,0.304363
2837,4.4224,-4.42417,4.5177,-4.51788,0.304381
2838,4.19007,-4.19181,4.51831,-4.51848,0.304403
2839,4.19007,-4.19181,4.51482,-4.515,0.304418
2840,4.49008,-4.49181,4.51193,-4.51211,0.304397
2841,4.49008,-4.49181,4.51469,-4.51486,0.304366
2842,4.41915,-4.42081,4.51693,-4.51711,0.304365
2843,4.41915,-4.42081,4.51757,-4.51775,0.304382
2844,4.19647,-4.1981,4.51814,-4.51832,0.304402
2845,4.19647,-4.1981,4.51479,-4.51497,0.304416
2846,4.49647,-4.4981,4.51202,-4.51219,0.304395
2847,4.49647,-4.4981,4.51486,-4.51504,0.304365
2848,4.41573,-4.41727,4.51718,-4.51736,0.304366
2849,4.41573,-4.41727,4.51773,-4.5179,0.304385
2850,4.1931,-4.19463,4.51822,-4.51839,0.304407
2851,4.1931,-4.19463,4.51481,-4.51498,0.30442
2852,4.4931,-4.49463,4.51198,-4.51215,0.304399
2853,4.4931,-4.49463,4.51479,-4.51495,0.304368
2854,4.42207,-4.42352,4.51707,-4.51723,0.304368
2855,4.42207,-4.42352,4.51774,-4.5179,0.304386
2856,4.18973,-4.19115,4.51835,-4.51851,0.304408
2857,4.18973,-4.19115,4.51486,-4.51502,0.304422
2858,4.48973,-4.49115,4.51197,-4.51212,0.304401
2859,4.48973,-4.49115,4.51472,-4.51487,0.304369
2860,4.41884,-4.42018,4.51695,-4.51711,0.304368
2861,4.41884,-4.42018,4.51759,-4.51774,0.304385
2862,4.19617,-4.19748,4.51816,-4.51831,0.304405
2863,4.19617,-4.19748,4.51481,-4.51496,0.304418
2864,4.49617,-4.49748,4.51203,-4.51218,0.304397
2865,4.49617,-4.49748,4.51487,-4.51502,0.304367
2866,4.41541,-4.41668,4.51719,-4.51733,0.304368
2867,4.41541,-4.41668,4.51773,-4.51787,0.304386
2868,4.19281,-4.19405,4.51823,-4.51836,0.304408
2869,4.19281,-4.19405,4.51481,-4.51495,0.304421
2870,4.49281,-4.49405,4.51198,-4.51211,0.304399
2871,4.49281,-4.49405,4.51478,-4.51491,0.304368
2872,4.4218,-4.42296,4.51705,-4.51719,0.304368
2873,4.4218,-4.42296,4.51773,-4.51786,0.304385
2874,4.18946,-4.1906,4.51833,-4.51846,0.304407
2875,4.18946,-4.1906,4.51484,-4.51497,0.304421
2876,4.48946,-4.4906,4.51194,-4.51207,0.3044
2877,4.48946,-4.4906,4.51469,-4.51481,0.304368
2878,4.41858,-4.41967,4.51692,-4.51705,0.304366
2879,4.41858,-4.41967,4.51756,-4.51768,0.304383
2880,4.19592,-4.19696,4.51813,-4.51825,0.304403
2881,4.19592,-4.19696,4.51477,-4.51489,0.304416
2882,4.49592,-4.49696,4.51199,-4.5121,0.304395
2883,4.49592,-4.49696,4.51483,-4.51494,0.304364
2884,4.41517,-4.4162,4.51714,-4.51726,0.304365
2885,4.41517,-4.4162,4.51768,-4.51779,0.304383
2886,4.19258,-4.19358,4.51817,-4.51828,0.304404
2887,4.19258,-4.19358,4.51475,-4.51486,0.304417
2888,4.49258,-4.49358,4.51192,-4.51203,0.304395
2889,4.49258,-4.49358,4.51471,-4.51482,0.304364
2890,4.42155,-4.42252,4.51699,-4.5171,0.304363
2891,4.42155,-4.42252,4.51766,-4.51777,0.304381
2892,4.19882,-4.19019,4.51826,-4.51836,0.304402
2893,4.19882,-4.19019,4.51493,-4.51487,0.304416
2894,4.49882,-4.49019,4.51217,-4.51197,0.304396
2895,4.49882,-4.49019,4.51503,-4.51472,0.304365
2896,4.41799,-4.41925,4.51737,-4.51695,0.304365
2897,4.41799,-4.41925,4.51792,-4.51759,0.304384
2898,4.19531,-4.19657,4.51842,-4.51817,0.304405
2899,4.19531,-4.19657,4.51501,-4.51483,0.304418
2900,4.49531,-4.49657,4.51218,-4.51205,0.304398
2901,4.49531,-4.49657,4.51499,-4.5149,0.304368
2902,4.42418,-4.41583,4.51727,-4.51722,0.304368
2903,4.42418,-4.41583,4.51795,-4.51776,0.304387
2904,4.19179,-4.19319,4.51856,-4.51826,0.304409
2905,4.19179,-4.19319,4.51508,-4.51485,0.304423
2906,4.49179,-4.49319,4.51219,-4.51202,0.304402
2907,4.49179,-4.49319,4.51494,-4.51482,0.304371
2908,4.42079,-4.42217,4.51718,-4.51711,0.30437
2909,4.42079,-4.42217,4.51782,-4.51778,0.304388
2910,4.19808,-4.18984,4.51839,-4.51839,0.304409
2911,4.19808,-4.18984,4.51505,-4.5149,0.304423
2912,4.49808,-4.48984,4.51227,-4.512,0.304402
2913,4.49808,-4.48984,4.51512,-4.51475,0.304371
2914,4.41725,-4.41893,4.51744,-4.51699,0.304371
2915,4.41725,-4.41893,4.51798,-4.51763,0.304389
2916,4.19461,-4.19625,4.51847,-4.51821,0.30441
2917,4.19461,-4.19625,4.51505,-4.51486,0.304423
2918,4.49461,-4.49625,4.51221,-4.51209,0.304403
2919,4.49461,-4.49625,4.51501,-4.51493,0.304372
2920,4.42348,-4.41549,4.51729,-4.51726,0.304372
2921,4.42348,-4.41549,4.51796,-4.5178,0.304391
2922,4.19111,-4.19289,4.51857,-4.51829,0.304412
2923,4.19111,-4.19289,4.51508,-4.51488,0.304426
2924,4.49111,-4.49289,4.51218,-4.51204,0.304405
2925,4.49111,-4.49289,4.51493,-4.51484,0.304373
2926,4.42014,-4.42188,4.51716,-4.51712,0.304372
2927,4.42014,-4.42188,4.5178,-4.5178,0.30439
2928,4.19745,-4.18954,4.51837,-4.5184,0.304411
2929,4.19745,-4.18954,4.51502,-4.51491,0.304424
2930,4.49745,-4.48954,4.51224,-4.51201,0.304403
2931,4.49745,-4.48954,4.51508,-4.51475,0.304372
2932,4.41664,-4.41865,4.5174,-4.51699,0.304372
2933,4.41664,-4.41865,4.51793,-4.51763,0.304389
2934,4.19402,-4.19599,4.51842,-4.5182,0.30441
2935,4.19402,-4.19599,4.515,-4.51485,0.304423
2936,4.49402,-4.49599,4.51216,-4.51207,0.304402
2937,4.49402,-4.49599,4.51496,-4.51491,0.304371
2938,4.42291,-4.41524,4.51723,-4.51723,0.304371
2939,4.42291,-4.41524,4.5179,-4.51777,0.304389
2940,4.19057,-4.19264,4.5185,-4.51826,0.304411
2941,4.19057,-4.19264,4.51501,-4.51484,0.304424
2942,4.49057,-4.49264,4.51211,-4.51201,0.304403
2943,4.49057,-4.49264,4.51486,-4.51481,0.304371
2944,4.41962,-4.42161,4.51709,-4.51708,0.30437
2945,4.41962,-4.42161,4.51772,-4.51775,0.304387
2946,4.19691,-4.1893,4.51829,-4.51835,0.304408
2947,4.19691,-4.1893,4.51494,-4.51485,0.304421
2948,4.49691,-4.4893,4.51215,-4.51195,0.3044
2949,4.49691,-4.4893,4.515,-4.5147,0.304369
2950,4.41616,-4.41843,4.51731,-4.51693,0.304368
2951,4.41616,-4.41843,4.51784,-4.51756,0.304385
2952,4.19351,-4.19574,4.51833,-4.51813,0.304406
2953,4.19351,-4.19574,4.5149,-4.51478,0.304418
2954,4.49351,-4.49574,4.51206,-4.512,0.304397
2955,4.49351,-4.49574,4.51485,-4.51484,0.304366
2956,4.42245,-4.41503,4.51713,-4.51715,0.304366
2957,4.42245,-4.41503,4.5178,-4.51769,0.304384
2958,4.19012,-4.19243,4.51839,-4.51818,0.304405
2959,4.19012,-4.19243,4.5149,-4.51476,0.304418
2960,4.49012,-4.49243,4.512,-4.51192,0.304397
2961,4.49012,-4.49243,4.51474,-4.51472,0.304365
2962,4.41919,-4.42141,4.51697,-4.51699,0.304364
2963,4.41919,-4.42141,4.5176,-4.51766,0.30438
2964,4.19651,-4.1891,4.51817,-4.51825,0.304401
2965,4.19651,-4.1891,4.51481,-4.51476,0.304414
2966,4.49651,-4.4891,4.51203,-4.51185,0.304393
2967,4.49651,-4.4891,4.51487,-4.51459,0.304361
2968,4.41577,-4.41822,4.51718,-4.51682,0.304361
2969,4.41577,-4.41822,4.51771,-4.51746,0.304378
2970,4.19314,-4.19556,4.51819,-4.51802,0.304398
2971,4.19314,-4.19556,4.51477,-4.51467,0.304411
2972,4.49314,-4.49556,4.51193,-4.51189,0.304389
2973,4.49314,-4.49556,4.51472,-4.51473,0.304358
2974,4.42211,-4.42443,4.51699,-4.51704,0.304358
2975,4.42211,-4.42443,4.51766,-4.51774,0.304376
2976,4.18976,-4.19207,4.51826,-4.51836,0.304398
2977,4.18976,-4.19207,4.51476,-4.51489,0.304412
2978,4.48977,-4.49207,4.51187,-4.51201,0.304391
2979,4.48977,-4.49207,4.51461,-4.51477,0.30436
2980,4.41887,-4.42108,4.51685,-4.51702,0.304359
2981,4.41887,-4.42108,4.51748,-4.51767,0.304376
2982,4.1962,-4.19836,4.51805,-4.51825,0.304397
2983,4.1962,-4.19836,4.5147,-4.5149,0.30441
2984,4.4962,-4.49836,4.51192,-4.51213,0.304389
2985,4.4962,-4.49836,4.51477,-4.51497,0.304359
2986,4.41545,-4.41753,4.51709,-4.5173,0.30436
2987,4.41545,-4.41753,4.51763,-4.51784,0.30438
2988,4.19286,-4.19488,4.51813,-4.51834,0.304401
2989,4.19286,-4.19488,4.51472,-4.51493,0.304414
2990,4.49286,-4.49488,4.51188,-4.51209,0.304393
2991,4.49286,-4.49488,4.51469,-4.5149,0.304362
2992,4.42185,-4.42376,4.51697,-4.51718,0.304362
2993,4.42185,-4.42376,4.51764,-4.51785,0.30438
2994,4.18951,-4.19138,4.51825,-4.51846,0.304402
2995,4.18951,-4.19138,4.51476,-4.51497,0.304416
2996,4.48951,-4.49138,4.51187,-4.51207,0.304395
2997,4.48951,-4.49138,4.51462,-4.51482,0.304364
2998,4.41863,-4.42043,4.51686,-4.51706,0.304362
2999,4.41863,-4.42043,4.5175,-4.51769,0.304379
3000,4.19594,-4.1977,4.51807,-4.51826,0.3044
3001,4.19594,-4.1977,4.51472,-4.51491,0.304412
3002,4.49594,-4.4977,4.51193,-4.51213,0.304392
3003,4.49594,-4.4977,4.51478,-4.51497,0.304362
3004,4.41522,-4.41691,4.5171,-4.51729,0.304362
3005,4.41522,-4.41691,4.51764,-4.51782,0.304381
3006,4.19264,-4.19428,4.51813,-4.51832,0.304403
3007,4.19264,-4.19428,4.51472,-4.5149,0.304415
3008,4.49264,-4.49428,4.51189,-4.51207,0.304394
3009,4.49264,-4.49428,4.51469,-4.51486,0.304363
3010,4.42162,-4.42316,4.51696,-4.51714,0.304362
3011,4.42162,-4.42316,4.51764,-4.51781,0.30438
3012,4.1893,-4.19082,4.51824,-4.51841,0.304402
3013,4.1893,-4.19082,4.51475,-4.51492,0.304416
3014,4.4893,-4.49082,4.51186,-4.51202,0.304395
3015,4.4893,-4.49082,4.5146,-4.51477,0.304363
3016,4.41843,-4.41986,4.51684,-4.517,0.304361
3017,4.41843,-4.41986,4.51747,-4.51763,0.304378
3018,4.19574,-4.19717,4.51804,-4.5182,0.304398
3019,4.19574,-4.19717,4.51469,-4.51484,0.304411
3020,4.49574,-4.49717,4.5119,-4.51206,0.30439
3021,4.49574,-4.49717,4.51474,-4.5149,0.304359
3022,4.41503,-4.4164,4.51706,-4.51721,0.30436
3023,4.41503,-4.4164,4.5176,-4.51775,0.304378
3024,4.19244,-4.19375,4.51809,-4.51824,0.3044
3025,4.19244,-4.19375,4.51467,-4.51482,0.304412
3026,4.49244,-4.49375,4.51184,-4.51198,0.304391
3027,4.49244,-4.49375,4.51463,-4.51478,0.304359
3028,4.42144,-4.4227,4.51691,-4.51705,0.304359
3029,4.42144,-4.4227,4.51758,-4.51772,0.304376
3030,4.18913,-4.19037,4.51818,-4.51832,0.304398
3031,4.18913,-4.19037,4.51469,-4.51483,0.304411
3032,4.48913,-4.49037,4.51179,-4.51193,0.30439
3033,4.48913,-4.49037,4.51454,-4.51467,0.304358
3034,4.41824,-4.41943,4.51677,-4.5169,0.304356
3035,4.41824,-4.41943,4.5174,-4.51753,0.304373
3036,4.19558,-4.19675,4.51797,-4.5181,0.304393
3037,4.19558,-4.19675,4.51461,-4.51474,0.304405
3038,4.49558,-4.49675,4.51183,-4.51195,0.304384
3039,4.49558,-4.49675,4.51466,-4.51479,0.304354
3040,4.42448,-4.41597,4.51698,-4.5171,0.304354
3041,4.42448,-4.41597,4.51768,-4.51764,0.304373
3042,4.19212,-4.19338,4.51831,-4.51812,0.304395
3043,4.19212,-4.19338,4.51484,-4.51471,0.304408
3044,4.49212,-4.49338,4.51196,-4.51188,0.304388
3045,4.49212,-4.49338,4.51473,-4.51468,0.304357
3046,4.42116,-4.42235,4.51698,-4.51696,0.304356
3047,4.42116,-4.42235,4.51763,-4.51763,0.304374
3048,4.19844,-4.19,4.51821,-4.51823,0.304396
3049,4.19844,-4.19,4.51487,-4.51474,0.304409
3050,4.49844,-4.49,4.5121,-4.51185,0.304389
3051,4.49844,-4.49,4.51495,-4.5146,0.304358
3052,4.4176,-4.4191,4.51728,-4.51683,0.304359
3053,4.4176,-4.4191,4.51782,-4.51748,0.304377
3054,4.19495,-4.19642,4.51831,-4.51806,0.304398
3055,4.19495,-4.19642,4.5149,-4.51471,0.304411
3056,4.49495,-4.49642,4.51207,-4.51194,0.304391
3057,4.49495,-4.49642,4.51487,-4.51479,0.30436
3058,4.4238,-4.41565,4.51715,-4.51711,0.304361
3059,4.4238,-4.41565,4.51783,-4.51765,0.304379
3060,4.19145,-4.19307,4.51844,-4.51815,0.304401
3061,4.19145,-4.19307,4.51495,-4.51474,0.304415
3062,4.49145,-4.49307,4.51206,-4.51191,0.304394
3063,4.49145,-4.49307,4.5148,-4.51471,0.304363
3064,4.42049,-4.42203,4.51704,-4.51699,0.304362
3065,4.42049,-4.42203,4.51768,-4.51767,0.304379
3066,4.19776,-4.18971,4.51826,-4.51827,0.304401
3067,4.19776,-4.18971,4.51491,-4.51478,0.304414
3068,4.49776,-4.48971,4.51213,-4.51188,0.304393
3069,4.49776,-4.48971,4.51498,-4.51463,0.304363
3070,4.41697,-4.41882,4.51729,-4.51687,0.304362
3071,4.41697,-4.41882,4.51783,-4.51751,0.30438
3072,4.19431,-4.19612,4.51832,-4.51808,0.304401
3073,4.19431,-4.19612,4.5149,-4.51474,0.304414
3074,4.49431,-4.49612,4.51207,-4.51196,0.304393
3075,4.49431,-4.49612,4.51486,-4.5148,0.304363
3076,4.42321,-4.41539,4.51714,-4.51712,0.304363
3077,4.42321,-4.41539,4.51781,-4.51766,0.304381
3078,4.19087,-4.19281,4.51842,-4.51816,0.304403
3079,4.19087,-4.19281,4.51493,-4.51474,0.304416
3080,4.49087,-4.49281,4.51203,-4.51191,0.304395
3081,4.49087,-4.49281,4.51477,-4.51471,0.304363
3082,4.41991,-4.42178,4.51701,-4.51699,0.304362
3083,4.41991,-4.42178,4.51765,-4.51766,0.30438
3084,4.19722,-4.18946,4.51822,-4.51826,0.304401
3085,4.19722,-4.18946,4.51486,-4.51477,0.304414
3086,4.49722,-4.48946,4.51208,-4.51187,0.304393
3087,4.49722,-4.48946,4.51493,-4.51461,0.304362
3088,4.41645,-4.41856,4.51724,-4.51685,0.304361
3089,4.41645,-4.41856,4.51778,-4.51748,0.304379
3090,4.1938,-4.19589,4.51826,-4.51806,0.3044
3091,4.1938,-4.19589,4.51484,-4.51471,0.304413
3092,4.4938,-4.49589,4.512,-4.51193,0.304391
3093,4.4938,-4.49589,4.5148,-4.51477,0.304361
3094,4.42275,-4.41518,4.51707,-4.51709,0.30436
3095,4.42275,-4.41518,4.51774,-4.51762,0.304379
3096,4.19039,-4.19258,4.51834,-4.51811,0.3044
3097,4.19039,-4.19258,4.51485,-4.5147,0.304413
3098,4.49039,-4.49258,4.51195,-4.51186,0.304392
3099,4.49039,-4.49258,4.5147,-4.51466,0.30436
3100,4.41948,-4.42158,4.51693,-4.51693,0.304359
3101,4.41948,-4.42158,4.51756,-4.5176,0.304376
3102,4.19679,-4.18926,4.51813,-4.5182,0.304397
3103,4.19679,-4.18926,4.51478,-4.51471,0.30441
3104,4.49679,-4.48926,4.51199,-4.5118,0.304389
3105,4.49679,-4.48926,4.51484,-4.51455,0.304357
3106,4.41601,-4.41837,4.51715,-4.51678,0.304357
3107,4.41601,-4.41837,4.51768,-4.51741,0.304374
3108,4.1934,-4.19571,4.51817,-4.51798,0.304395
3109,4.1934,-4.19571,4.51474,-4.51463,0.304407
3110,4.4934,-4.49571,4.5119,-4.51185,0.304386
3111,4.4934,-4.49571,4.51469,-4.51469,0.304355
3112,4.42236,-4.42458,4.51697,-4.517,0.304355
3113,4.42236,-4.42458,4.51764,-4.51771,0.304373
3114,4.19002,-4.19223,4.51824,-4.51833,0.304395
3115,4.19002,-4.19223,4.51475,-4.51486,0.304409
3116,4.49002,-4.49223,4.51185,-4.51199,0.304389
3117,4.49002,-4.49223,4.5146,-4.51475,0.304358
3118,4.41911,-4.42125,4.51683,-4.517,0.304357
3119,4.41911,-4.42125,4.51747,-4.51765,0.304374
3120,4.19641,-4.1985,4.51805,-4.51823,0.304395
3121,4.19641,-4.1985,4.5147,-4.51488,0.304408
3122,4.49641,-4.4985,4.51192,-4.51211,0.304388
3123,4.49641,-4.4985,4.51476,-4.51496,0.304358
3124,4.41567,-4.41768,4.51708,-4.51729,0.304359
3125,4.41567,-4.41768,4.51763,-4.51783,0.304378
3126,4.19309,-4.19503,4.51813,-4.51833,0.3044
3127,4.19309,-4.19503,4.51472,-4.51492,0.304413
3128,4.49309,-4.49503,4.51189,-4.51209,0.304392
3129,4.49309,-4.49503,4.51469,-4.51489,0.304362
3130,4.42204,-4.42388,4.51697,-4.51718,0.304361
3131,4.42204,-4.42388,4.51765,-4.51785,0.304379
3132,4.18972,-4.19153,4.51826,-4.51846,0.304402
3133,4.18972,-4.19153,4.51477,-4.51497,0.304416
3134,4.48972,-4.49153,4.51188,-4.51208,0.304395
3135,4.48972,-4.49153,4.51463,-4.51483,0.304364
3136,4.41883,-4.42054,4.51687,-4.51706,0.304362
3137,4.41883,-4.42054,4.51751,-4.5177,0.304379
3138,4.19614,-4.19784,4.51808,-4.51827,0.3044
3139,4.19614,-4.19784,4.51473,-4.51492,0.304413
3140,4.49614,-4.49784,4.51195,-4.51214,0.304392
3141,4.49614,-4.49784,4.5148,-4.51498,0.304362
3142,4.41541,-4.41704,4.51712,-4.5173,0.304363
3143,4.41541,-4.41704,4.51766,-4.51784,0.304382
3144,4.19281,-4.19438,4.51815,-4.51833,0.304403
3145,4.19281,-4.19438,4.51474,-4.51492,0.304416
3146,4.49281,-4.49438,4.51191,-4.51208,0.304395
3147,4.49281,-4.49438,4.51471,-4.51488,0.304364
3148,4.4218,-4.42328,4.51699,-4.51716,0.304363
3149,4.4218,-4.42328,4.51767,-4.51783,0.304381
3150,4.18948,-4.19094,4.51827,-4.51843,0.304403
3151,4.18948,-4.19094,4.51478,-4.51494,0.304417
3152,4.48948,-4.49094,4.51189,-4.51205,0.304396
3153,4.48948,-4.49094,4.51463,-4.51479,0.304364
3154,4.41858,-4.41998,4.51687,-4.51703,0.304363
3155,4.41858,-4.41998,4.51751,-4.51766,0.304379
3156,4.19591,-4.19728,4.51808,-4.51823,0.3044
3157,4.19591,-4.19728,4.51472,-4.51487,0.304412
3158,4.49591,-4.49728,4.51194,-4.51209,0.304392
3159,4.49591,-4.49728,4.51478,-4.51493,0.304361
3160,4.41517,-4.41649,4.5171,-4.51725,0.304362
3161,4.41517,-4.41649,4.51764,-4.51778,0.304381
3162,4.19259,-4.19386,4.51813,-4.51827,0.304402
3163,4.19259,-4.19386,4.51471,-4.51486,0.304415
3164,4.49259,-4.49386,4.51188,-4.51202,0.304393
3165,4.49259,-4.49386,4.51468,-4.51481,0.304362
3166,4.42159,-4.42281,4.51695,-4.51709,0.304361
3167,4.42159,-4.42281,4.51763,-4.51776,0.304379
3168,4.18925,-4.19045,4.51823,-4.51836,0.3044
3169,4.18925,-4.19045,4.51474,-4.51487,0.304414
3170,4.48925,-4.49045,4.51184,-4.51197,0.304393
3171,4.48925,-4.49045,4.51458,-4.51471,0.304361
3172,4.41838,-4.41953,4.51681,-4.51694,0.304359
3173,4.41838,-4.41953,4.51745,-4.51758,0.304375
3174,4.19572,-4.19685,4.51801,-4.51814,0.304396
3175,4.19572,-4.19685,4.51466,-4.51479,0.304408
3176,4.49572,-4.49685,4.51188,-4.512,0.304387
3177,4.49572,-4.49685,4.51472,-4.51484,0.304357
3178,4.42457,-4.41607,4.51703,-4.51715,0.304357
3179,4.42457,-4.41607,4.51773,-4.51769,0.304376
3180,4.19222,-4.19345,4.51836,-4.51817,0.304398
3181,4.19222,-4.19345,4.51489,-4.51476,0.304412
3182,4.49222,-4.49345,4.51202,-4.51193,0.304391
3183,4.49222,-4.49345,4.51478,-4.51473,0.30436
3184,4.42123,-4.42239,4.51703,-4.51701,0.30436
3185,4.42123,-4.42239,4.51768,-4.51768,0.304378
3186,4.19849,-4.19006,4.51826,-4.51828,0.304399
3187,4.19849,-4.19006,4.51492,-4.51479,0.304413
3188,4.49849,-4.49006,4.51215,-4.5119,0.304393
3189,4.49849,-4.49006,4.51501,-4.51465,0.304362
3190,4.41767,-4.41916,4.51733,-4.51689,0.304362
3191,4.41767,-4.41916,4.51787,-4.51753,0.30438
3192,4.195,-4.19646,4.51837,-4.51811,0.304402
3193,4.195,-4.19646,4.51496,-4.51476,0.304415
3194,4.495,-4.49646,4.51212,-4.51199,0.304394
3195,4.495,-4.49646,4.51492,-4.51484,0.304364
3196,4.42387,-4.41572,4.51721,-4.51716,0.304364
3197,4.42387,-4.41572,4.51788,-4.5177,0.304383
3198,4.19152,-4.19313,4.51849,-4.5182,0.304405
3199,4.19152,-4.19313,4.51501,-4.51479,0.304419
3200,4.49152,-4.49313,4.51211,-4.51196,0.304398
3201,4.49152,-4.49313,4.51486,-4.51476,0.304367
3202,4.42051,-4.42208,4.5171,-4.51705,0.304366
3203,4.42051,-4.42208,4.51774,-4.51772,0.304383
3204,4.1978,-4.18976,4.51831,-4.51832,0.304405
3205,4.1978,-4.18976,4.51496,-4.51483,0.304418
3206,4.4978,-4.48976,4.51219,-4.51194,0.304397
3207,4.4978,-4.48976,4.51503,-4.51469,0.304367
3208,4.41701,-4.41885,4.51735,-4.51692,0.304366
3209,4.41701,-4.41885,4.51789,-4.51757,0.304384
3210,4.19435,-4.19617,4.51838,-4.51814,0.304405
3211,4.19435,-4.19617,4.51496,-4.51479,0.304418
3212,4.49435,-4.49617,4.51212,-4.51202,0.304397
3213,4.49435,-4.49617,4.51492,-4.51486,0.304367
3214,4.42326,-4.41544,4.5172,-4.51718,0.304367
3215,4.42326,-4.41544,4.51787,-4.51772,0.304385
3216,4.19089,-4.19282,4.51847,-4.51821,0.304407
3217,4.19089,-4.19282,4.51498,-4.5148,0.30442
3218,4.49089,-4.49282,4.51209,-4.51197,0.304399
3219,4.49089,-4.49282,4.51483,-4.51477,0.304368
3220,4.41995,-4.42181,4.51707,-4.51705,0.304367
3221,4.41995,-4.42181,4.5177,-4.51772,0.304384
3222,4.19726,-4.18946,4.51827,-4.51832,0.304405
3223,4.19726,-4.18946,4.51492,-4.51482,0.304418
3224,4.49726,-4.48946,4.51214,-4.51192,0.304397
3225,4.49726,-4.48946,4.51499,-4.51467,0.304366
3226,4.41646,-4.41859,4.5173,-4.5169,0.304366
3227,4.41646,-4.41859,4.51784,-4.51754,0.304383
3228,4.19384,-4.19592,4.51832,-4.51811,0.304404
3229,4.19384,-4.19592,4.5149,-4.51476,0.304417
3230,4.49384,-4.49592,4.51206,-4.51198,0.304396
3231,4.49384,-4.49592,4.51486,-4.51483,0.304365
3232,4.42276,-4.41518,4.51713,-4.51714,0.304365
3233,4.42276,-4.41518,4.5178,-4.51768,0.304383
3234,4.1904,-4.1926,4.5184,-4.51817,0.304404
3235,4.1904,-4.1926,4.51491,-4.51475,0.304417
3236,4.4904,-4.4926,4.51201,-4.51192,0.304396
3237,4.4904,-4.4926,4.51475,-4.51471,0.304364
3238,4.41949,-4.4216,4.51698,-4.51699,0.304363
3239,4.41949,-4.4216,4.51762,-4.51766,0.30438
3240,4.19678,-4.18926,4.51819,-4.51826,0.304401
3241,4.19678,-4.18926,4.51483,-4.51476,0.304414
3242,4.49678,-4.48926,4.51205,-4.51186,0.304393
3243,4.49678,-4.48926,4.51489,-4.5146,0.304362
3244,4.41602,-4.41839,4.5172,-4.51683,0.304361
3245,4.41602,-4.41839,4.51774,-4.51747,0.304378
3246,4.19341,-4.19573,4.51822,-4.51804,0.304399
3247,4.19341,-4.19573,4.5148,-4.51469,0.304411
3248,4.49341,-4.49573,4.51196,-4.5119,0.30439
3249,4.49341,-4.49573,4.51475,-4.51475,0.304359
3250,4.42235,-4.42458,4.51702,-4.51706,0.304359
3251,4.42235,-4.42458,4.51769,-4.51776,0.304377
3252,4.19002,-4.19223,4.51829,-4.51839,0.304399
3253,4.19002,-4.19223,4.5148,-4.51492,0.304413
3254,4.49002,-4.49223,4.5119,-4.51204,0.304393
3255,4.49002,-4.49223,4.51465,-4.5148,0.304362
3256,4.41912,-4.42122,4.51689,-4.51705,0.304361
3257,4.41912,-4.42122,4.51753,-4.5177,0.304378
3258,4.19642,-4.1985,4.5181,-4.51828,0.304399
3259,4.19642,-4.1985,4.51475,-4.51494,0.304412
3260,4.49642,-4.4985,4.51197,-4.51216,0.304392
3261,4.49642,-4.4985,4.51482,-4.51501,0.304362
3262,4.41568,-4.41768,4.51714,-4.51734,0.304363
3263,4.41568,-4.41768,4.51768,-4.51788,0.304382
3264,4.19307,-4.19501,4.51818,-4.51838,0.304404
3265,4.19307,-4.19501,4.51477,-4.51497,0.304417
3266,4.49307,-4.49501,4.51194,-4.51214,0.304396
3267,4.49307,-4.49501,4.51474,-4.51494,0.304365
3268,4.42205,-4.42388,4.51702,-4.51722,0.304365
3269,4.42205,-4.42388,4.5177,-4.5179,0.304383
3270,4.18973,-4.19153,4.51831,-4.51851,0.304405
3271,4.18973,-4.19153,4.51482,-4.51502,0.304419
3272,4.48973,-4.49153,4.51193,-4.51213,0.304399
3273,4.48973,-4.49153,4.51468,-4.51487,0.304367
3274,4.41882,-4.42052,4.51692,-4.51711,0.304366
3275,4.41882,-4.42052,4.51756,-4.51775,0.304383
3276,4.19615,-4.19781,4.51813,-4.51832,0.304403
3277,4.19615,-4.19781,4.51478,-4.51497,0.304416
3278,4.49615,-4.49781,4.512,-4.51218,0.304396
3279,4.49615,-4.49781,4.51485,-4.51503,0.304366
3280,4.41539,-4.417,4.51717,-4.51735,0.304366
3281,4.41539,-4.417,4.51771,-4.51789,0.304385
3282,4.19279,-4.19436,4.5182,-4.51838,0.304407
3283,4.19279,-4.19436,4.51479,-4.51496,0.30442
3284,4.49279,-4.49436,4.51196,-4.51213,0.304399
3285,4.49279,-4.49436,4.51476,-4.51493,0.304367
3286,4.42178,-4.42326,4.51704,-4.5172,0.304367
3287,4.42178,-4.42326,4.51771,-4.51788,0.304385
3288,4.18944,-4.1909,4.51831,-4.51848,0.304407
3289,4.18944,-4.1909,4.51482,-4.51499,0.30442
3290,4.48944,-4.4909,4.51193,-4.51209,0.304399
3291,4.48944,-4.4909,4.51468,-4.51484,0.304368
3292,4.41857,-4.41996,4.51691,-4.51707,0.304366
3293,4.41857,-4.41996,4.51755,-4.5177,0.304383
3294,4.1959,-4.19727,4.51812,-4.51827,0.304403
3295,4.1959,-4.19727,4.51477,-4.51492,0.304416
3296,4.4959,-4.49727,4.51198,-4.51213,0.304395
3297,4.4959,-4.49727,4.51482,-4.51497,0.304364
3298,4.41516,-4.41647,4.51714,-4.51729,0.304365
3299,4.41516,-4.41647,4.51768,-4.51782,0.304384
3300,4.19258,-4.19384,4.51817,-4.51831,0.304405
3301,4.19258,-4.19384,4.51475,-4.5149,0.304418
3302,4.49258,-4.49384,4.51192,-4.51206,0.304396
3303,4.49258,-4.49384,4.51472,-4.51485,0.304365
3304,4.42158,-4.42275,4.51699,-4.51713,0.304364
3305,4.42158,-4.42275,4.51767,-4.5178,0.304382
3306,4.18925,-4.19041,4.51827,-4.5184,0.304403
3307,4.18925,-4.19041,4.51477,-4.5149,0.304417
3308,4.48925,-4.49041,4.51188,-4.512,0.304396
3309,4.48925,-4.49041,4.51462,-4.51475,0.304364
3310,4.41837,-4.4195,4.51685,-4.51698,0.304362
3311,4.41837,-4.4195,4.51749,-4.51761,0.304378
3312,4.19569,-4.19678,4.51805,-4.51818,0.304399
3313,4.19569,-4.19678,4.5147,-4.51482,0.304411
3314,4.49569,-4.49678,4.51191,-4.51203,0.30439
3315,4.49569,-4.49678,4.51475,-4.51487,0.304359
3316,4.42456,-4.41603,4.51707,-4.51718,0.30436
3317,4.42456,-4.41603,4.51777,-4.51772,0.304378
3318,4.19222,-4.19342,4.5184,-4.51821,0.304401
3319,4.19222,-4.19342,4.51493,-4.51479,0.304414
3320,4.49222,-4.49342,4.51205,-4.51196,0.304394
3321,4.49222,-4.49342,4.51481,-4.51476,0.304363
3322,4.4212,-4.42236,4.51706,-4.51704,0.304362
3323,4.4212,-4.42236,4.51771,-4.51771,0.30438
3324,4.19848,-4.19003,4.5183,-4.51831,0.304402
3325,4.19848,-4.19003,4.51496,-4.51482,0.304415
3326,4.49848,-4.49003,4.51219,-4.51193,0.304395
3327,4.49848,-4.49003,4.51504,-4.51468,0.304365
3328,4.41766,-4.4191,4.51736,-4.51692,0.304365
3329,4.41766,-4.4191,4.51791,-4.51756,0.304383
3330,4.19499,-4.19643,4.5184,-4.51814,0.304404
3331,4.19499,-4.19643,4.51499,-4.51479,0.304417
3332,4.49499,-4.49643,4.51216,-4.51202,0.304397
3333,4.49499,-4.49643,4.51496,-4.51487,0.304366
3334,4.42387,-4.41569,4.51724,-4.51719,0.304367
3335,4.42387,-4.41569,4.51792,-4.51773,0.304385
3336,4.19149,-4.19306,4.51852,-4.51823,0.304407
3337,4.19149,-4.19306,4.51503,-4.51482,0.304421
3338,4.49149,-4.49306,4.51214,-4.51199,0.3044
3339,4.49149,-4.49306,4.51489,-4.51479,0.304369
3340,4.42051,-4.42203,4.51713,-4.51707,0.304368
3341,4.42051,-4.42203,4.51777,-4.51775,0.304385
3342,4.1978,-4.18969,4.51834,-4.51835,0.304407
3343,4.1978,-4.18969,4.51499,-4.51486,0.30442
3344,4.4978,-4.48969,4.51221,-4.51196,0.3044
3345,4.4978,-4.48969,4.51506,-4.51471,0.304369
3346,4.41699,-4.4188,4.51738,-4.51695,0.304368
3347,4.41699,-4.4188,4.51792,-4.51759,0.304386
3348,4.19435,-4.19613,4.5184,-4.51816,0.304407
3349,4.19435,-4.19613,4.51499,-4.51481,0.30442
3350,4.49435,-4.49613,4.51215,-4.51204,0.304399
3351,4.49435,-4.49613,4.51494,-4.51488,0.304369
3352,4.42325,-4.41538,4.51722,-4.5172,0.304369
3353,4.42325,-4.41538,4.5179,-4.51774,0.304387
3354,4.19089,-4.19278,4.5185,-4.51823,0.304409
3355,4.19089,-4.19278,4.51501,-4.51482,0.304422
3356,4.49089,-4.49278,4.51211,-4.51199,0.304401
3357,4.49089,-4.49278,4.51485,-4.51479,0.304369
3358,4.41992,-4.42177,4.51709,-4.51707,0.304368
3359,4.41992,-4.42177,4.51772,-4.51774,0.304385
3360,4.19721,-4.18943,4.51829,-4.51834,0.304406
3361,4.19721,-4.18943,4.51494,-4.51484,0.30442
3362,4.49721,-4.48943,4.51216,-4.51194,0.304399
3363,4.49721,-4.48943,4.515,-4.51469,0.304368
3364,4.41644,-4.41855,4.51732,-4.51692,0.304367
3365,4.41644,-4.41855,4.51785,-4.51756,0.304385
3366,4.19381,-4.19589,4.51834,-4.51813,0.304405
3367,4.19381,-4.19589,4.51492,-4.51478,0.304418
3368,4.49381,-4.49588,4.51208,-4.512,0.304397
3369,4.49381,-4.49588,4.51487,-4.51484,0.304366
3370,4.42272,-4.41514,4.51715,-4.51716,0.304366
3371,4.42272,-4.41514,4.51782,-4.51769,0.304384
3372,4.19038,-4.19254,4.51842,-4.51818,0.304405
3373,4.19038,-4.19254,4.51492,-4.51477,0.304419
3374,4.49038,-4.49255,4.51202,-4.51193,0.304397
3375,4.49038,-4.49255,4.51477,-4.51473,0.304365
3376,4.41947,-4.42152,4.517,-4.517,0.304364
3377,4.41947,-4.42152,4.51763,-4.51767,0.304381
3378,4.19676,-4.18921,4.5182,-4.51827,0.304402
3379,4.19676,-4.18921,4.51485,-4.51477,0.304415
3380,4.49676,-4.48921,4.51206,-4.51187,0.304394
3381,4.49676,-4.48921,4.5149,-4.51461,0.304363
3382,4.41601,-4.41834,4.51722,-4.51684,0.304362
3383,4.41601,-4.41834,4.51775,-4.51748,0.304379
3384,4.19337,-4.19566,4.51823,-4.51805,0.3044
3385,4.19337,-4.19566,4.51481,-4.5147,0.304412
3386,4.49337,-4.49566,4.51197,-4.51191,0.304391
3387,4.49337,-4.49566,4.51476,-4.51475,0.30436
3388,4.42234,-4.42453,4.51703,-4.51707,0.30436
3389,4.42234,-4.42453,4.5177,-4.51777,0.304378
3390,4.19001,-4.19216,4.5183,-4.51839,0.3044
3391,4.19001,-4.19216,4.51481,-4.51492,0.304414
3392,4.49001,-4.49216,4.51191,-4.51205,0.304394
3393,4.49001,-4.49216,4.51466,-4.51481,0.304362
3394,4.41908,-4.42118,4.5169,-4.51706,0.304361
3395,4.41908,-4.42118,4.51753,-4.5177,0.304378
3396,4.19641,-4.19846,4.51811,-4.51828,0.304399
3397,4.19641,-4.19846,4.51476,-4.51494,0.304413
3398,4.49641,-4.49846,4.51198,-4.51217,0.304392
3399,4.49641,-4.49846,4.51482,-4.51502,0.304362
3400,4.41565,-4.41761,4.51714,-4.51734,0.304363
3401,4.41565,-4.41761,4.51769,-4.51788,0.304383
3402,4.19306,-4.19497,4.51818,-4.51838,0.304404
3403,4.19306,-4.19497,4.51477,-4.51497,0.304418
3404,4.49306,-4.49497,4.51194,-4.51214,0.304397
3405,4.49306,-4.49497,4.51475,-4.51494,0.304366
3406,4.42204,-4.42384,4.51703,-4.51723,0.304366
3407,4.42204,-4.42384,4.51771,-4.5179,0.304384
3408,4.18969,-4.19146,4.51831,-4.51851,0.304406
3409,4.18969,-4.19146,4.51483,-4.51502,0.30442
3410,4.48969,-4.49146,4.51193,-4.51212,0.304399
3411,4.48969,-4.49146,4.51468,-4.51487,0.304367
3412,4.41881,-4.42048,4.51692,-4.51711,0.304366
3413,4.41881,-4.42048,4.51756,-4.51775,0.304383
3414,4.19614,-4.19778,4.51813,-4.51832,0.304404
3415,4.19614,-4.19778,4.51478,-4.51497,0.304417
3416,4.49614,-4.49778,4.512,-4.51218,0.304396
3417,4.49614,-4.49778,4.51485,-4.51503,0.304366
3418,4.41538,-4.41696,4.51717,-4.51734,0.304367
3419,4.41538,-4.41696,4.51771,-4.51788,0.304385
3420,4.19278,-4.19433,4.5182,-4.51837,0.304407
3421,4.19278,-4.19433,4.51479,-4.51496,0.30442
3422,4.49278,-4.49433,4.51196,-4.51213,0.304399
3423,4.49278,-4.49433,4.51476,-4.51492,0.304367
3424,4.42177,-4.42321,4.51704,-4.5172,0.304367
3425,4.42177,-4.42321,4.51771,-4.51787,0.304385
3426,4.18943,-4.19086,4.51831,-4.51847,0.304407
3427,4.18943,-4.19086,4.51482,-4.51498,0.30442
3428,4.48943,-4.49086,4.51193,-4.51209,0.304399
3429,4.48943,-4.49086,4.51468,-4.51483,0.304367
3430,4.41855,-4.41993,4.51691,-4.51706,0.304366
3431,4.41855,-4.41993,4.51755,-4.5177,0.304382
3432,4.19586,-4.19721,4.51812,-4.51827,0.304403
3433,4.19586,-4.19721,4.51476,-4.51491,0.304415
3434,4.49586,-4.49721,4.51198,-4.51213,0.304395
3435,4.49586,-4.49721,4.51482,-4.51497,0.304364
3436,4.41515,-4.41644,4.51714,-4.51728,0.304365
3437,4.41515,-4.41644,4.51767,-4.51782,0.304383
3438,4.19257,-4.19382,4.51816,-4.51831,0.304405
3439,4.19257,-4.19382,4.51475,-4.51489,0.304417
3440,4.49257,-4.49382,4.51191,-4.51205,0.304396
3441,4.49257,-4.49382,4.51471,-4.51485,0.304365
3442,4.42155,-4.42272,4.51699,-4.51712,0.304364
3443,4.42155,-4.42272,4.51766,-4.51779,0.304381
3444,4.18924,-4.19039,4.51826,-4.51839,0.304403
3445,4.18924,-4.19039,4.51477,-4.5149,0.304417
3446,4.48924,-4.49039,4.51187,-4.512,0.304395
3447,4.48924,-4.49039,4.51462,-4.51474,0.304363
3448,4.41834,-4.41945,4.51685,-4.51697,0.304362
3449,4.41834,-4.41945,4.51748,-4.5176,0.304378
3450,4.19568,-4.19676,4.51805,-4.51817,0.304398
3451,4.19568,-4.19676,4.51469,-4.51481,0.304411
3452,4.49568,-4.49676,4.51191,-4.51202,0.30439
3453,4.49568,-4.49676,4.51474,-4.51486,0.304359
3454,4.42455,-4.41601,4.51706,-4.51718,0.304359
3455,4.42455,-4.41601,4.51776,-4.51771,0.304378
3456,4.19218,-4.19337,4.51839,-4.5182,0.3044
3457,4.19218,-4.19337,4.51492,-4.51478,0.304414
3458,4.49218,-4.49337,4.51204,-4.51195,0.304393
3459,4.49218,-4.49337,4.51481,-4.51475,0.304362
3460,4.4212,-4.42234,4.51706,-4.51703,0.304362
3461,4.4212,-4.42234,4.51771,-4.5177,0.304379
3462,4.19848,-4.18999,4.51829,-4.51831,0.304401
3463,4.19848,-4.18999,4.51495,-4.51481,0.304415
3464,4.49848,-4.48999,4.51218,-4.51192,0.304394
3465,4.49848,-4.48999,4.51503,-4.51467,0.304364
3466,4.41764,-4.41909,4.51736,-4.51691,0.304364
3467,4.41764,-4.41909,4.5179,-4.51755,0.304382
3468,4.19499,-4.19641,4.51839,-4.51813,0.304403
3469,4.19499,-4.19641,4.51498,-4.51478,0.304417
3470,4.49499,-4.49641,4.51215,-4.51201,0.304396
3471,4.49499,-4.49641,4.51495,-4.51486,0.304366
3472,4.42387,-4.41565,4.51723,-4.51718,0.304366
3473,4.42387,-4.41565,4.51791,-4.51772,0.304385
3474,4.19149,-4.19306,4.51851,-4.51822,0.304406
3475,4.19149,-4.19306,4.51503,-4.51481,0.30442
3476,4.49149,-4.49306,4.51213,-4.51198,0.304399
3477,4.49149,-4.49306,4.51488,-4.51478,0.304368
3478,4.42051,-4.42204,4.51712,-4.51706,0.304367
3479,4.42051,-4.42204,4.51776,-4.51774,0.304385
3480,4.19778,-4.1897,4.51833,-4.51834,0.304406
3481,4.19778,-4.1897,4.51498,-4.51485,0.30442
3482,4.49778,-4.4897,4.5122,-4.51195,0.304399
3483,4.49778,-4.4897,4.51505,-4.5147,0.304368
3484,4.41699,-4.41881,4.51737,-4.51694,0.304368
3485,4.41699,-4.41881,4.51791,-4.51758,0.304385
3486,4.19435,-4.19614,4.51839,-4.51815,0.304407
3487,4.19435,-4.19614,4.51498,-4.51481,0.304419
3488,4.49435,-4.49614,4.51214,-4.51203,0.304399
3489,4.49435,-4.49614,4.51494,-4.51487,0.304368
3490,4.42323,-4.41539,4.51721,-4.51719,0.304368
3491,4.42323,-4.41539,4.51789,-4.51773,0.304386
3492,4.19089,-4.19279,4.51849,-4.51823,0.304408
3493,4.19089,-4.19279,4.515,-4.51481,0.304421
3494,4.49089,-4.49279,4.5121,-4.51198,0.3044
3495,4.49089,-4.49279,4.51485,-4.51478,0.304369
3496,4.41993,-4.42175,4.51708,-4.51706,0.304368
3497,4.41993,-4.42175,4.51772,-4.51773,0.304385
3498,4.19721,-4.18944,4.51829,-4.51833,0.304406
3499,4.19721,-4.18944,4.51494,-4.51483,0.304419
3500,4.49721,-4.48944,4.51215,-4.51193,0.304398
3501,4.49721,-4.48944,4.515,-4.51468,0.304367
3502,4.41644,-4.41856,4.51731,-4.51691,0.304366
3503,4.41644,-4.41856,4.51785,-4.51755,0.304384
3504,4.19379,-4.19587,4.51833,-4.51812,0.304405
3505,4.19379,-4.19587,4.51491,-4.51477,0.304417
3506,4.49379,-4.49587,4.51207,-4.51199,0.304396
3507,4.49379,-4.49587,4.51486,-4.51483,0.304365
3508,4.42272,-4.41515,4.51714,-4.51715,0.304365
3509,4.42272,-4.41515,4.51781,-4.51769,0.304383
3510,4.19038,-4.19255,4.51841,-4.51818,0.304405
3511,4.19038,-4.19255,4.51491,-4.51476,0.304418
3512,4.49039,-4.49255,4.51201,-4.51192,0.304397
3513,4.49039,-4.49255,4.51476,-4.51472,0.304365
3514,4.41944,-4.42155,4.51699,-4.517,0.304364
3515,4.41944,-4.42155,4.51762,-4.51767,0.304381
3516,4.19676,-4.18924,4.51819,-4.51826,0.304401
3517,4.19676,-4.18924,4.51484,-4.51477,0.304414
3518,4.49676,-4.48924,4.51205,-4.51186,0.304393
3519,4.49676,-4.48924,4.51489,-4.51461,0.304362
3520,4.41599,-4.41835,4.51721,-4.51684,0.304361
3521,4.41599,-4.41835,4.51774,-4.51747,0.304379
3522,4.19337,-4.19568,4.51822,-4.51804,0.304399
3523,4.19337,-4.19568,4.5148,-4.51469,0.304412
3524,4.49337,-4.49568,4.51196,-4.51191,0.30439
3525,4.49337,-4.49568,4.51475,-4.51475,0.304359
3526,4.42234,-4.42456,4.51702,-4.51706,0.304359
3527,4.42234,-4.42456,4.51769,-4.51776,0.304377
3528,4.18999,-4.19219,4.51829,-4.51839,0.304399
3529,4.18999,-4.19219,4.5148,-4.51492,0.304414
3530,4.48999,-4.49219,4.5119,-4.51204,0.304393
3531,4.48999,-4.49219,4.51465,-4.5148,0.304362
3532,4.41909,-4.42121,4.51689,-4.51705,0.304361
3533,4.41909,-4.42121,4.51753,-4.5177,0.304378
3534,4.19641,-4.19849,4.5181,-4.51828,0.304399
3535,4.19641,-4.19849,4.51475,-4.51494,0.304412
3536,4.49641,-4.49849,4.51197,-4.51216,0.304392
3537,4.49641,-4.49849,4.51482,-4.51501,0.304362
3538,4.41565,-4.41764,4.51714,-4.51734,0.304363
3539,4.41565,-4.41764,4.51768,-4.51788,0.304382
3540,4.19306,-4.19499,4.51818,-4.51838,0.304404
3541,4.19306,-4.19499,4.51477,-4.51497,0.304417
3542,4.49306,-4.49499,4.51194,-4.51214,0.304396
3543,4.49306,-4.49499,4.51474,-4.51494,0.304365
3544,4.42204,-4.42385,4.51702,-4.51722,0.304365
3545,4.42204,-4.42385,4.5177,-4.5179,0.304383
3546,4.1897,-4.19149,4.51831,-4.5185,0.304405
3547,4.1897,-4.19149,4.51482,-4.51502,0.304419
3548,4.4897,-4.49149,4.51193,-4.51212,0.304399
3549,4.4897,-4.49149,4.51468,-4.51487,0.304367
3550,4.41881,-4.42051,4.51692,-4.51711,0.304366
3551,4.41881,-4.42051,4.51756,-4.51775,0.304383
3552,4.19611,-4.19778,4.51813,-4.51832,0.304403
3553,4.19611,-4.19778,4.51478,-4.51496,0.304416
3554,4.49611,-4.49778,4.512,-4.51218,0.304396
3555,4.49611,-4.49778,4.51484,-4.51502,0.304365
3556,4.41539,-4.41699,4.51716,-4.51734,0.304366
3557,4.41539,-4.41699,4.5177,-4.51788,0.304385
3558,4.19278,-4.19433,4.5182,-4.51837,0.304407
3559,4.19278,-4.19433,4.51478,-4.51496,0.304419
3560,4.49278,-4.49433,4.51195,-4.51212,0.304398
3561,4.49278,-4.49433,4.51475,-4.51492,0.304367
3562,4.42175,-4.42323,4.51703,-4.5172,0.304367
3563,4.42175,-4.42323,4.5177,-4.51787,0.304384
3564,4.18944,-4.19089,4.51831,-4.51847,0.304406
3565,4.18944,-4.19089,4.51482,-4.51498,0.30442
3566,4.48944,-4.49089,4.51192,-4.51208,0.304399
3567,4.48944,-4.49089,4.51467,-4.51483,0.304367
3568,4.41853,-4.41993,4.51691,-4.51706,0.304366
3569,4.41853,-4.41993,4.51754,-4.5177,0.304382
3570,4.19587,-4.19723,4.51811,-4.51826,0.304403
3571,4.19587,-4.19723,4.51476,-4.51491,0.304415
3572,4.49587,-4.49723,4.51197,-4.51212,0.304394
3573,4.49587,-4.49723,4.51482,-4.51496,0.304364
3574,4.41515,-4.41647,4.51713,-4.51728,0.304365
3575,4.41515,-4.41647,4.51767,-4.51782,0.304383
3576,4.19255,-4.19382,4.51816,-4.5183,0.304404
3577,4.19255,-4.19382,4.51475,-4.51489,0.304417
3578,4.49255,-4.49382,4.51191,-4.51205,0.304396
3579,4.49255,-4.49382,4.51471,-4.51485,0.304364
3580,4.42155,-4.42276,4.51698,-4.51712,0.304364
3581,4.42155,-4.42276,4.51766,-4.51779,0.304381
3582,4.18924,-4.19041,4.51826,-4.51839,0.304403
3583,4.18924,-4.19041,4.51476,-4.5149,0.304416
3584,4.48924,-4.49041,4.51187,-4.512,0.304395
3585,4.48924,-4.49041,4.51461,-4.51474,0.304363
3586,4.41835,-4.41949,4.51684,-4.51697,0.304361
3587,4.41835,-4.41949,4.51748,-4.5176,0.304378
3588,4.19568,-4.19681,4.51804,-4.51817,0.304398
3589,4.19568,-4.19681,4.51469,-4.51481,0.30441
3590,4.49568,-4.49681,4.5119,-4.51202,0.304389
3591,4.49568,-4.49681,4.51474,-4.51486,0.304359
3592,4.41495,-4.41603,4.51706,-4.51718,0.304359
3593,4.41495,-4.41603,4.51759,-4.51771,0.304378
3594,4.19238,-4.19341,4.51808,-4.5182,0.304399
3595,4.19238,-4.19341,4.51466,-4.51478,0.304411
3596,4.49238,-4.49341,4.51183,-4.51194,0.30439
3597,4.49238,-4.49341,4.51462,-4.51473,0.304358
3598,4.42139,-4.42238,4.5169,-4.51701,0.304357
3599,4.42139,-4.42238,4.51757,-4.51768,0.304375
3600,4.19864,-4.19002,4.51816,-4.51827,0.304396
3601,4.19864,-4.19002,4.51484,-4.51478,0.30441
3602,4.49864,-4.49002,4.51208,-4.51188,0.304389
3603,4.49864,-4.49002,4.51494,-4.51462,0.304359
3604,4.41783,-4.41912,4.51727,-4.51686,0.304359
3605,4.41783,-4.41912,4.51782,-4.5175,0.304377
3606,4.19518,-4.19645,4.51832,-4.51807,0.304398
3607,4.19518,-4.19645,4.51491,-4.51473,0.304412
3608,4.49518,-4.49645,4.51208,-4.51195,0.304391
3609,4.49518,-4.49645,4.51489,-4.5148,0.304361
3610,4.42405,-4.41568,4.51717,-4.51712,0.304361
3611,4.42405,-4.41568,4.51785,-4.51766,0.30438
3612,4.19169,-4.1931,4.51846,-4.51816,0.304402
3613,4.19169,-4.1931,4.51498,-4.51475,0.304416
3614,4.49169,-4.4931,4.51208,-4.51192,0.304395
3615,4.49169,-4.4931,4.51483,-4.51472,0.304364
3616,4.4207,-4.42205,4.51707,-4.51701,0.304363
3617,4.4207,-4.42205,4.51771,-4.51768,0.304381
3618,4.19799,-4.18973,4.51829,-4.51829,0.304402
3619,4.19799,-4.18973,4.51494,-4.5148,0.304416
3620,4.49799,-4.48973,4.51217,-4.5119,0.304395
3621,4.49799,-4.48973,4.51501,-4.51465,0.304364
3622,4.41719,-4.41884,4.51733,-4.51689,0.304364
3623,4.41719,-4.41884,4.51787,-4.51753,0.304382
3624,4.19453,-4.19615,4.51836,-4.5181,0.304403
3625,4.19453,-4.19615,4.51494,-4.51476,0.304416
3626,4.49453,-4.49615,4.51211,-4.51198,0.304395
3627,4.49453,-4.49615,4.5149,-4.51483,0.304365
3628,4.42342,-4.41542,4.51718,-4.51715,0.304365
3629,4.42342,-4.41542,4.51786,-4.51769,0.304383
3630,4.19108,-4.19282,4.51846,-4.51818,0.304405
3631,4.19108,-4.19282,4.51497,-4.51477,0.304418
3632,4.49108,-4.49282,4.51208,-4.51194,0.304397
3633,4.49108,-4.49282,4.51482,-4.51474,0.304366
3634,4.42011,-4.42181,4.51706,-4.51702,0.304365
3635,4.42011,-4.42181,4.51769,-4.51769,0.304382
3636,4.19741,-4.18949,4.51827,-4.51829,0.304403
3637,4.19741,-4.18949,4.51491,-4.5148,0.304417
3638,4.49741,-4.48949,4.51214,-4.5119,0.304396
3639,4.49741,-4.48949,4.51498,-4.51465,0.304365
3640,4.41661,-4.41858,4.51729,-4.51688,0.304364
3641,4.41661,-4.41858,4.51783,-4.51752,0.304382
3642,4.19398,-4.19592,4.51832,-4.51809,0.304403
3643,4.19398,-4.19592,4.5149,-4.51474,0.304415
3644,4.49398,-4.49592,4.51206,-4.51196,0.304394
3645,4.49398,-4.49592,4.51485,-4.51481,0.304363
3646,4.4229,-4.4152,4.51713,-4.51712,0.304363
3647,4.4229,-4.4152,4.5178,-4.51766,0.304382
3648,4.19054,-4.1926,4.5184,-4.51815,0.304403
3649,4.19054,-4.1926,4.51491,-4.51474,0.304416
3650,4.49054,-4.4926,4.51201,-4.5119,0.304395
3651,4.49054,-4.4926,4.51475,-4.5147,0.304363
3652,4.41962,-4.4216,4.51698,-4.51698,0.304362
3653,4.41962,-4.4216,4.51762,-4.51765,0.304379
3654,4.19693,-4.18926,4.51819,-4.51824,0.3044
3655,4.19693,-4.18926,4.51483,-4.51475,0.304413
3656,4.49693,-4.48926,4.51205,-4.51185,0.304392
3657,4.49693,-4.48926,4.51489,-4.51459,0.304361
3658,4.41615,-4.41839,4.51721,-4.51682,0.30436
3659,4.41615,-4.41839,4.51774,-4.51746,0.304378
3660,4.19353,-4.19573,4.51822,-4.51803,0.304398
3661,4.19353,-4.19573,4.5148,-4.51468,0.304411
3662,4.49353,-4.49573,4.51196,-4.5119,0.30439
3663,4.49353,-4.49573,4.51475,-4.51474,0.304359
3664,4.42249,-4.42458,4.51703,-4.51705,0.304358
3665,4.42249,-4.42458,4.5177,-4.51775,0.304377
3666,4.19014,-4.19223,4.5183,-4.51838,0.304399
3667,4.19014,-4.19223,4.51481,-4.51491,0.304413
3668,4.49014,-4.49223,4.51191,-4.51204,0.304393
3669,4.49014,-4.49223,4.51466,-4.5148,0.304362
3670,4.41923,-4.42124,4.5169,-4.51705,0.304361
3671,4.41923,-4.42124,4.51754,-4.5177,0.304378
3672,4.19653,-4.1985,4.51811,-4.51828,0.304399
3673,4.19653,-4.1985,4.51476,-4.51493,0.304412
3674,4.49653,-4.4985,4.51198,-4.51216,0.304392
3675,4.49653,-4.4985,4.51483,-4.51501,0.304362
3676,4.41579,-4.41768,4.51715,-4.51734,0.304363
3677,4.41579,-4.41768,4.51769,-4.51788,0.304382
3678,4.1932,-4.19501,4.51819,-4.51838,0.304404
3679,4.1932,-4.19501,4.51478,-4.51497,0.304417
3680,4.4932,-4.49501,4.51195,-4.51214,0.304397
3681,4.4932,-4.49501,4.51475,-4.51494,0.304366
3682,4.42215,-4.42388,4.51704,-4.51723,0.304365
3683,4.42215,-4.42388,4.51772,-4.5179,0.304384
3684,4.18982,-4.19152,4.51832,-4.51851,0.304406
3685,4.18982,-4.19152,4.51484,-4.51502,0.30442
3686,4.48982,-4.49152,4.51195,-4.51213,0.304399
3687,4.48982,-4.49152,4.5147,-4.51488,0.304368
3688,4.41891,-4.42052,4.51694,-4.51712,0.304366
3689,4.41891,-4.42052,4.51758,-4.51775,0.304383
3690,4.19624,-4.19781,4.51815,-4.51832,0.304404
3691,4.19624,-4.19781,4.5148,-4.51497,0.304417
3692,4.49624,-4.49781,4.51202,-4.51219,0.304396
3693,4.49624,-4.49781,4.51486,-4.51503,0.304366
3694,4.4155,-4.41702,4.51718,-4.51735,0.304367
3695,4.4155,-4.41702,4.51773,-4.51789,0.304386
3696,4.19287,-4.19436,4.51822,-4.51839,0.304408
3697,4.19287,-4.19436,4.51481,-4.51497,0.304421
3698,4.49287,-4.49436,4.51198,-4.51214,0.304399
3699,4.49287,-4.49436,4.51478,-4.51494,0.304368
3700,4.42186,-4.42326,4.51706,-4.51721,0.304368
3701,4.42186,-4.42326,4.51773,-4.51789,0.304386
3702,4.18955,-4.19089,4.51833,-4.51849,0.304407
3703,4.18955,-4.19089,4.51484,-4.515,0.304421
3704,4.48955,-4.49089,4.51195,-4.5121,0.3044
3705,4.48955,-4.49089,4.5147,-4.51485,0.304368
3706,4.41864,-4.41993,4.51693,-4.51708,0.304367
3707,4.41864,-4.41993,4.51757,-4.51771,0.304384
3708,4.19597,-4.19724,4.51814,-4.51828,0.304404
3709,4.19597,-4.19724,4.51479,-4.51493,0.304417
3710,4.49597,-4.49724,4.512,-4.51214,0.304396
3711,4.49597,-4.49724,4.51484,-4.51498,0.304366
3712,4.41523,-4.41644,4.51716,-4.5173,0.304366
3713,4.41523,-4.41644,4.5177,-4.51783,0.304385
3714,4.19263,-4.19382,4.51819,-4.51832,0.304406
3715,4.19263,-4.19382,4.51478,-4.51491,0.304419
3716,4.49263,-4.49382,4.51194,-4.51207,0.304397
3717,4.49263,-4.49382,4.51474,-4.51487,0.304366
3718,4.42162,-4.42275,4.51701,-4.51714,0.304365
3719,4.42162,-4.42275,4.51768,-4.51781,0.304383
3720,4.18929,-4.19039,4.51829,-4.51841,0.304404
3721,4.18929,-4.19039,4.51479,-4.51492,0.304418
3722,4.48929,-4.49039,4.5119,-4.51202,0.304397
3723,4.48929,-4.49039,4.51464,-4.51476,0.304365
3724,4.41841,-4.41947,4.51687,-4.51699,0.304363
3725,4.41841,-4.41947,4.51751,-4.51762,0.304379
3726,4.19575,-4.19679,4.51807,-4.51819,0.3044
3727,4.19575,-4.19679,4.51472,-4.51483,0.304412
3728,4.49575,-4.49679,4.51193,-4.51205,0.304391
3729,4.49575,-4.49679,4.51477,-4.51488,0.304361
3730,4.41502,-4.41601,4.51709,-4.5172,0.304361
3731,4.41502,-4.41601,4.51762,-4.51773,0.304379
3732,4.19244,-4.19339,4.51811,-4.51822,0.304401
3733,4.19244,-4.19339,4.51469,-4.5148,0.304413
3734,4.49244,-4.49339,4.51186,-4.51196,0.304392
3735,4.49244,-4.49339,4.51465,-4.51476,0.30436
3736,4.42142,-4.42234,4.51692,-4.51703,0.304359
3737,4.42142,-4.42234,4.51759,-4.5177,0.304377
3738,4.1987,-4.19001,4.51819,-4.51829,0.304398
3739,4.1987,-4.19001,4.51487,-4.5148,0.304412
3740,4.4987,-4.49001,4.51211,-4.5119,0.304391
3741,4.4987,-4.49001,4.51497,-4.51464,0.304361
3742,4.41787,-4.41911,4.5173,-4.51688,0.304361
3743,4.41787,-4.41911,4.51785,-4.51752,0.304379
3744,4.19519,-4.19641,4.51835,-4.5181,0.3044
3745,4.19519,-4.19641,4.51494,-4.51475,0.304413
3746,4.49519,-4.49641,4.51211,-4.51197,0.304393
3747,4.49519,-4.49641,4.51491,-4.51482,0.304363
3748,4.42406,-4.41567,4.5172,-4.51714,0.304363
3749,4.42406,-4.41567,4.51788,-4.51769,0.304382
3750,4.1917,-4.19306,4.51849,-4.51818,0.304404
3751,4.1917,-4.19306,4.515,-4.51477,0.304417
3752,4.4917,-4.49306,4.51211,-4.51194,0.304397
3753,4.4917,-4.49306,4.51486,-4.51474,0.304365
3754,4.42071,-4.42204,4.5171,-4.51703,0.304365
3755,4.42071,-4.42204,4.51774,-4.5177,0.304382
3756,4.198,-4.18972,4.51831,-4.51831,0.304404
3757,4.198,-4.18972,4.51497,-4.51482,0.304417
3758,4.498,-4.48972,4.51219,-4.51192,0.304397
3759,4.498,-4.48972,4.51504,-4.51467,0.304366
3760,4.41717,-4.4188,4.51736,-4.51691,0.304366
3761,4.41717,-4.4188,4.51789,-4.51755,0.304383
3762,4.19454,-4.19613,4.51838,-4.51812,0.304405
3763,4.19454,-4.19613,4.51497,-4.51478,0.304418
3764,4.49454,-4.49613,4.51213,-4.512,0.304397
3765,4.49454,-4.49613,4.51493,-4.51485,0.304366
3766,4.42343,-4.41541,4.51721,-4.51717,0.304366
3767,4.42343,-4.41541,4.51788,-4.51771,0.304385
3768,4.19106,-4.1928,4.51848,-4.5182,0.304406
3769,4.19106,-4.1928,4.51499,-4.51479,0.30442
3770,4.49106,-4.4928,4.5121,-4.51196,0.304399
3771,4.49106,-4.4928,4.51484,-4.51476,0.304367
3772,4.42012,-4.42179,4.51708,-4.51704,0.304366
3773,4.42012,-4.42179,4.51771,-4.51771,0.304384
3774,4.19742,-4.18945,4.51828,-4.51831,0.304405
3775,4.19742,-4.18945,4.51493,-4.51482,0.304418
3776,4.49742,-4.48945,4.51215,-4.51192,0.304397
3777,4.49742,-4.48945,4.515,-4.51466,0.304366
3778,4.41662,-4.41858,4.51731,-4.5169,0.304366
3779,4.41662,-4.41858,4.51785,-4.51754,0.304383
3780,4.19399,-4.19591,4.51834,-4.51811,0.304404
3781,4.19399,-4.19591,4.51492,-4.51476,0.304417
3782,4.49399,-4.49591,4.51208,-4.51198,0.304396
3783,4.49399,-4.49591,4.51487,-4.51482,0.304365
3784,4.42291,-4.41517,4.51715,-4.51714,0.304365
3785,4.42291,-4.41517,4.51782,-4.51768,0.304383
3786,4.19054,-4.19259,4.51842,-4.51817,0.304404
3787,4.19054,-4.19259,4.51493,-4.51475,0.304418
3788,4.49054,-4.49259,4.51203,-4.51192,0.304396
3789,4.49054,-4.49259,4.51477,-4.51472,0.304365
3790,4.41962,-4.42159,4.517,-4.51699,0.304363
3791,4.41962,-4.42159,4.51764,-4.51766,0.30438
3792,4.19691,-4.18925,4.5182,-4.51826,0.304401
3793,4.19691,-4.18925,4.51485,-4.51477,0.304415
3794,4.49691,-4.48925,4.51207,-4.51186,0.304393
3795,4.49691,-4.48925,4.51491,-4.51461,0.304362
3796,4.41616,-4.41838,4.51722,-4.51684,0.304362
3797,4.41616,-4.41838,4.51776,-4.51747,0.304379
3798,4.19354,-4.19569,4.51824,-4.51804,0.3044
3799,4.19354,-4.19569,4.51482,-4.51469,0.304412
3800,4.49354,-4.49569,4.51198,-4.51191,0.304391
3801,4.49354,-4.49569,4.51477,-4.51475,0.30436
3802,4.42247,-4.41498,4.51704,-4.51707,0.30436
3803,4.42247,-4.41498,4.51771,-4.5176,0.304378
3804,4.19014,-4.19241,4.51831,-4.51809,0.304399
3805,4.19014,-4.19241,4.51482,-4.51467,0.304412
3806,4.49014,-4.49241,4.51192,-4.51183,0.30439
3807,4.49014,-4.49241,4.51466,-4.51463,0.304359
3808,4.41921,-4.42139,4.51689,-4.5169,0.304357
3809,4.41921,-4.42139,4.51752,-4.51757,0.304374
3810,4.19653,-4.19867,4.51809,-4.51817,0.304395
3811,4.19653,-4.19867,4.51473,-4.51484,0.304408
3812,4.49653,-4.49867,4.51195,-4.51207,0.304388
3813,4.49653,-4.49867,4.51479,-4.51493,0.304358
3814,4.41579,-4.41784,4.51711,-4.51727,0.304359
3815,4.41579,-4.41784,4.51765,-4.51782,0.304378
3816,4.19318,-4.19517,4.51815,-4.51832,0.3044
3817,4.19318,-4.19517,4.51474,-4.51491,0.304413
3818,4.49318,-4.49517,4.51191,-4.51209,0.304393
3819,4.49318,-4.49517,4.51471,-4.5149,0.304362
3820,4.42216,-4.42406,4.51699,-4.51718,0.304362
3821,4.42216,-4.42406,4.51767,-4.51786,0.30438
3822,4.18983,-4.19168,4.51827,-4.51847,0.304402
3823,4.18983,-4.19168,4.51479,-4.51498,0.304416
3824,4.48983,-4.49168,4.5119,-4.51209,0.304396
3825,4.48983,-4.49168,4.51465,-4.51484,0.304364
3826,4.41891,-4.42071,4.51689,-4.51708,0.304363
3827,4.41891,-4.42071,4.51753,-4.51772,0.30438
3828,4.19624,-4.198,4.5181,-4.51829,0.304401
3829,4.19624,-4.198,4.51475,-4.51494,0.304414
3830,4.49624,-4.498,4.51197,-4.51216,0.304393
3831,4.49624,-4.498,4.51482,-4.51501,0.304363
3832,4.41549,-4.41717,4.51714,-4.51733,0.304364
3833,4.41549,-4.41717,4.51768,-4.51787,0.304383
3834,4.1929,-4.19454,4.51818,-4.51836,0.304405
3835,4.1929,-4.19454,4.51477,-4.51495,0.304418
3836,4.4929,-4.49454,4.51194,-4.51211,0.304397
3837,4.4929,-4.49454,4.51474,-4.51491,0.304366
3838,4.42189,-4.42343,4.51702,-4.51719,0.304365
3839,4.42189,-4.42343,4.51769,-4.51787,0.304383
3840,4.18955,-4.19106,4.5183,-4.51847,0.304405
3841,4.18955,-4.19106,4.51481,-4.51498,0.304419
3842,4.48955,-4.49106,4.51192,-4.51208,0.304398
3843,4.48955,-4.49106,4.51466,-4.51483,0.304366
3844,4.41867,-4.42012,4.5169,-4.51706,0.304365
3845,4.41867,-4.42012,4.51754,-4.5177,0.304381
3846,4.196,-4.19739,4.51811,-4.51827,0.304402
3847,4.196,-4.19739,4.51476,-4.51491,0.304415
3848,4.496,-4.49739,4.51197,-4.51213,0.304394
3849,4.496,-4.49739,4.51482,-4.51497,0.304364
3850,4.41525,-4.41662,4.51713,-4.51729,0.304364
3851,4.41525,-4.41662,4.51767,-4.51782,0.304383
3852,4.19268,-4.19399,4.51817,-4.51831,0.304404
3853,4.19268,-4.19399,4.51475,-4.5149,0.304417
3854,4.49268,-4.49399,4.51192,-4.51206,0.304396
3855,4.49268,-4.49399,4.51472,-4.51486,0.304364
3856,4.42164,-4.42289,4.51699,-4.51714,0.304364
3857,4.42164,-4.42289,4.51767,-4.51781,0.304381
3858,4.18933,-4.19055,4.51827,-4.5184,0.304403
3859,4.18933,-4.19055,4.51478,-4.51491,0.304417
3860,4.48933,-4.49055,4.51188,-4.51201,0.304396
3861,4.48933,-4.49055,4.51463,-4.51476,0.304364
3862,4.41846,-4.41963,4.51686,-4.51699,0.304362
3863,4.41846,-4.41963,4.51749,-4.51762,0.304379
3864,4.19577,-4.19692,4.51806,-4.51819,0.304399
3865,4.19577,-4.19692,4.51471,-4.51483,0.304411
3866,4.49577,-4.49691,4.51192,-4.51205,0.30439
3867,4.49577,-4.49691,4.51476,-4.51488,0.30436
3868,4.41506,-4.41616,4.51708,-4.5172,0.30436
3869,4.41506,-4.41616,4.51761,-4.51773,0.304379
3870,4.19249,-4.19352,4.5181,-4.51822,0.3044
3871,4.19249,-4.19352,4.51469,-4.5148,0.304413
3872,4.49249,-4.49352,4.51185,-4.51197,0.304391
3873,4.49249,-4.49352,4.51465,-4.51476,0.30436
3874,4.42146,-4.42248,4.51692,-4.51703,0.304359
3875,4.42146,-4.42248,4.51759,-4.5177,0.304376
3876,4.19874,-4.19015,4.51819,-4.5183,0.304398
3877,4.19874,-4.19015,4.51486,-4.51481,0.304412
3878,4.49874,-4.49015,4.5121,-4.51191,0.304391
3879,4.49874,-4.49015,4.51497,-4.51465,0.304361
3880,4.41788,-4.41922,4.5173,-4.51689,0.304361
3881,4.41788,-4.41922,4.51785,-4.51753,0.304379
3882,4.19523,-4.19654,4.51835,-4.51811,0.3044
3883,4.19523,-4.19654,4.51494,-4.51476,0.304414
3884,4.49523,-4.49654,4.51211,-4.51199,0.304393
3885,4.49523,-4.49654,4.51492,-4.51483,0.304363
3886,4.4241,-4.4158,4.5172,-4.51716,0.304363
3887,4.4241,-4.4158,4.51788,-4.5177,0.304382
3888,4.19172,-4.19319,4.51849,-4.51819,0.304404
3889,4.19172,-4.19319,4.51501,-4.51478,0.304418
3890,4.49172,-4.49319,4.51212,-4.51196,0.304397
3891,4.49172,-4.49319,4.51487,-4.51476,0.304366
3892,4.42075,-4.42216,4.51711,-4.51704,0.304365
3893,4.42075,-4.42216,4.51775,-4.51772,0.304383
3894,4.19804,-4.18981,4.51832,-4.51832,0.304404
3895,4.19804,-4.18981,4.51498,-4.51483,0.304418
3896,4.49804,-4.48981,4.5122,-4.51194,0.304397
3897,4.49804,-4.48981,4.51505,-4.51469,0.304367
3898,4.41721,-4.41892,4.51737,-4.51692,0.304366
3899,4.41721,-4.41892,4.51791,-4.51757,0.304384
3900,4.19457,-4.19622,4.5184,-4.51814,0.304405
3901,4.19457,-4.19622,4.51498,-4.5148,0.304418
3902,4.49457,-4.49622,4.51214,-4.51202,0.304398
3903,4.49457,-4.49622,4.51494,-4.51487,0.304367
3904,4.42344,-4.41551,4.51722,-4.51719,0.304367
3905,4.42344,-4.41551,4.51789,-4.51773,0.304386
3906,4.19114,-4.19296,4.5185,-4.51822,0.304407
3907,4.19114,-4.19296,4.51501,-4.51481,0.304421
3908,4.49114,-4.49296,4.51211,-4.51198,0.3044
3909,4.49114,-4.49296,4.51486,-4.51478,0.304368
3910,4.42017,-4.42192,4.5171,-4.51706,0.304368
3911,4.42017,-4.42192,4.51773,-4.51774,0.304385
3912,4.19752,-4.18964,4.5183,-4.51834,0.304406
3913,4.19752,-4.18964,4.51496,-4.51484,0.304419
3914,4.49752,-4.48964,4.51218,-4.51195,0.304398
3915,4.49752,-4.48964,4.51502,-4.51469,0.304368
3916,4.41667,-4.41868,4.51734,-4.51693,0.304367
3917,4.41667,-4.41868,4.51787,-4.51757,0.304385
3918,4.19409,-4.19606,4.51836,-4.51814,0.304406
3919,4.19409,-4.19606,4.51494,-4.51479,0.304419
3920,4.49409,-4.49606,4.5121,-4.51201,0.304398
3921,4.49409,-4.49606,4.5149,-4.51486,0.304367
3922,4.423,-4.41532,4.51718,-4.51718,0.304367
3923,4.423,-4.41532,4.51785,-4.51772,0.304385
3924,4.19071,-4.19276,4.51845,-4.51821,0.304406
3925,4.19071,-4.19276,4.51496,-4.51479,0.30442
3926,4.49071,-4.49276,4.51206,-4.51196,0.304399
3927,4.49071,-4.49276,4.51481,-4.51476,0.304367
3928,4.41975,-4.42173,4.51704,-4.51704,0.304366
3929,4.41975,-4.42173,4.51768,-4.51771,0.304383
3930,4.19711,-4.18941,4.51825,-4.5183,0.304404
3931,4.19711,-4.18941,4.5149,-4.51481,0.304417
3932,4.49711,-4.48941,4.51212,-4.51191,0.304396
3933,4.49711,-4.48941,4.51496,-4.51465,0.304365
3934,4.41627,-4.41851,4.51727,-4.51689,0.304364
3935,4.41627,-4.41851,4.51781,-4.51752,0.304382
3936,4.1937,-4.19589,4.51829,-4.5181,0.304403
3937,4.1937,-4.19589,4.51487,-4.51475,0.304415
3938,4.4937,-4.49589,4.51203,-4.51196,0.304394
3939,4.4937,-4.49589,4.51482,-4.51481,0.304363
3940,4.42263,-4.42479,4.5171,-4.51712,0.304363
3941,4.42263,-4.42479,4.51777,-4.51783,0.304381
3942,4.19034,-4.19246,4.51837,-4.51846,0.304404
3943,4.19034,-4.19246,4.51488,-4.51499,0.304418
3944,4.49034,-4.49246,4.51199,-4.51211,0.304398
3945,4.49034,-4.49246,4.51474,-4.51488,0.304367
3946,4.4194,-4.42144,4.51698,-4.51713,0.304366
3947,4.4194,-4.42144,4.51762,-4.51778,0.304383
3948,4.19672,-4.19871,4.51819,-4.51836,0.304404
3949,4.19672,-4.19871,4.51484,-4.51502,0.304417
3950,4.49672,-4.49871,4.51206,-4.51225,0.304397
3951,4.49672,-4.49871,4.51491,-4.5151,0.304368
3952,4.41595,-4.41786,4.51724,-4.51743,0.304369
3953,4.41595,-4.41786,4.51778,-4.51797,0.304388
3954,4.19338,-4.19526,4.51828,-4.51847,0.30441
3955,4.19338,-4.19526,4.51487,-4.51506,0.304423
3956,4.49338,-4.49526,4.51204,-4.51224,0.304403
3957,4.49338,-4.49526,4.51485,-4.51504,0.304372
3958,4.42232,-4.42412,4.51713,-4.51733,0.304372
3959,4.42232,-4.42412,4.51781,-4.518,0.30439
3960,4.19004,-4.19181,4.51842,-4.51861,0.304412
3961,4.19004,-4.19181,4.51494,-4.51513,0.304426
3962,4.49004,-4.49181,4.51205,-4.51223,0.304406
3963,4.49004,-4.49181,4.5148,-4.51499,0.304374
3964,4.41907,-4.42077,4.51704,-4.51723,0.304373
3965,4.41907,-4.42077,4.51768,-4.51787,0.30439
3966,4.19644,-4.19806,4.51825,-4.51844,0.304411
3967,4.19644,-4.19806,4.51491,-4.51509,0.304424
3968,4.49644,-4.49806,4.51213,-4.51231,0.304404
3969,4.49644,-4.49806,4.51497,-4.51515,0.304374
3970,4.41568,-4.41723,4.5173,-4.51747,0.304375
3971,4.41568,-4.41723,4.51784,-4.51801,0.304394
3972,4.19312,-4.19464,4.51833,-4.5185,0.304415
3973,4.19312,-4.19464,4.51493,-4.51509,0.304428
3974,4.49312,-4.49464,4.51209,-4.51226,0.304407
3975,4.49312,-4.49464,4.5149,-4.51506,0.304376
3976,4.42207,-4.42353,4.51718,-4.51734,0.304376
3977,4.42207,-4.42353,4.51785,-4.51802,0.304394
3978,4.18975,-4.19118,4.51846,-4.51862,0.304416
3979,4.18975,-4.19118,4.51497,-4.51513,0.30443
3980,4.48975,-4.49118,4.51208,-4.51223,0.304409
3981,4.48975,-4.49118,4.51483,-4.51498,0.304377
3982,4.41883,-4.42021,4.51706,-4.51722,0.304376
3983,4.41883,-4.42021,4.5177,-4.51785,0.304393
3984,4.19621,-4.19751,4.51827,-4.51842,0.304413
3985,4.19621,-4.19751,4.51492,-4.51507,0.304426
3986,4.49621,-4.49751,4.51214,-4.51229,0.304405
3987,4.49621,-4.49751,4.51498,-4.51513,0.304375
3988,4.41546,-4.4167,4.5173,-4.51744,0.304376
3989,4.41546,-4.4167,4.51784,-4.51798,0.304394
3990,4.1929,-4.19412,4.51834,-4.51847,0.304416
3991,4.1929,-4.19412,4.51492,-4.51506,0.304429
3992,4.4929,-4.49412,4.51209,-4.51222,0.304407
3993,4.4929,-4.49412,4.51489,-4.51502,0.304376
3994,4.42186,-4.42303,4.51717,-4.5173,0.304376
3995,4.42186,-4.42303,4.51784,-4.51797,0.304393
3996,4.18954,-4.19069,4.51844,-4.51857,0.304415
3997,4.18954,-4.19069,4.51495,-4.51508,0.304429
3998,4.48954,-4.49069,4.51206,-4.51218,0.304408
3999,4.48954,-4.49069,4.5148,-4.51493,0.304376
4000,4.41864,-4.41974,4.51704,-4.51716,0.304374
4001,4.41864,-4.41974,4.51767,-4.51779,0.304391
4002,-9.03648,9.03672,4.51824,-4.51836,0.304411
4003,-9.03648,9.03672,4.26899,-4.26909,0.303762
4004,-8.11661,8.11677,4.05831,-4.05838,0.300833
4005,-8.11661,8.11677,3.89274,-3.8928,0.296337
4006,-7.48825,7.48834,3.74412,-3.74417,0.29086
4007,-7.48825,7.48834,3.61966,-3.6197,0.284724
4008,-7.00409,7.00415,3.50205,-3.50208,0.278213
4009,-7.00409,7.00415,3.39865,-3.39868,0.271465
4010,-6.59486,6.59489,3.29743,-3.29745,0.264621
4011,-6.59486,6.59489,3.20565,-3.20567,0.257736
4012,-6.22778,6.2278,3.11389,-3.1139,0.250884
4013,-6.22778,6.2278,3.02924,-3.02924,0.244079
4014,-5.88725,5.88727,2.94363,-2.94363,0.237364
4015,-5.88725,5.88727,2.86392,-2.86393,0.230735
4016,-5.56569,5.5657,2.78284,-2.78285,0.22422
4017,-5.56569,5.5657,2.70701,-2.70701,0.217807
4018,-5.25928,5.25929,2.62964,-2.62964,0.211516
4019,-5.25928,5.25929,2.55711,-2.55711,0.205332
4020,-4.96601,4.96601,2.483,-2.48301,0.199272
4021,-4.96601,4.96601,2.41345,-2.41345,0.193319
4022,-4.68469,4.68469,2.34234,-2.34235,0.187487
4023,-4.68469,4.68469,2.27557,-2.27557,0.18176
4024,-4.41454,4.41454,2.20727,-2.20727,0.176151
4025,-4.41454,4.41454,2.14312,-2.14312,0.170644
4026,-4.15499,4.15499,2.0775,-2.0775,0.165251
4027,-4.15499,4.15499,2.01584,-2.01585,0.159956
4028,-3.90555,3.90555,1.95278,-1.95278,0.154771
4029,-3.90555,3.90555,1.89352,-1.89352,0.149681
4030,-3.6658,3.6658,1.8329,-1.8329,0.144697
4031,-3.6658,3.6658,1.77595,-1.77595,0.139804
4032,-3.43535,3.43535,1.71768,-1.71768,0.135012
4033,-3.43535,3.43535,1.66293,-1.66293,0.130309
4034,-3.21383,3.21383,1.60692,-1.60692,0.125703
4035,-3.21383,3.21383,1.55429,-1.55429,0.121181
4036,-3.00089,3.00089,1.50045,-1.50045,0.116754
4037,-3.00089,3.00089,1.44986,-1.44986,0.112407
4038,-2.79621,2.79621,1.3981,-1.3981,0.108151
4039,-2.79621,2.79621,1.34947,-1.34947,0.103973
4040,-2.59945,2.59945,1.29972,-1.29972,0.0998815
4041,-2.59945,2.59945,1.25298,-1.25298,0.0958651
4042,-2.41031,2.41031,1.20515,-1.20515,0.0919323
4043,-2.41031,2.41031,1.16022,-1.16022,0.0880715
4044,-2.22849,2.22849,1.11425,-1.11425,0.084291
4045,-2.22849,2.22849,1.07105,-1.07105,0.0805798
4046,-2.05372,2.05372,1.02686,-1.02686,0.0769457
4047,-2.05372,2.05372,0.985338,-0.985338,0.0733781
4048,-1.88571,1.88571,0.942857,-0.942857,0.0698848
4049,-1.88571,1.88571,0.902944,-0.902944,0.0664554
4050,-1.72422,1.72422,0.862109,-0.862109,0.0630974
4051,-1.72422,1.72422,0.823741,-0.823741,0.0598008
4052,-1.56898,1.56898,0.784488,-0.784488,0.0565728
4053,-1.56898,1.56898,0.747606,-0.747606,0.053404
4054,-1.41975,1.41975,0.709873,-0.709873,0.050301
4055,-1.41975,1.41975,0.67442,-0.67442,0.0472549
4056,-1.2763,1.2763,0.638148,-0.638148,0.0442721
4057,-1.2763,1.2763,0.604068,-0.604068,0.0413439
4058,-1.1384,1.1384,0.569201,-0.569201,0.0384766
4059,-1.1384,1.1384,0.536441,-0.536441,0.0356619
4060,-1.00585,1.00585,0.502924,-0.502924,0.0329057
4061,-1.00585,1.00585,0.471433,-0.471433,0.0301999
4062,-0.878428,0.878428,0.439214,-0.439214,0.0275504
4063,-0.878428,0.878428,0.408943,-0.408943,0.0249495
4064,-0.755943,0.755943,0.377972,-0.377972,0.0224026
4065,-0.755943,0.755943,0.348873,-0.348873,0.0199024
4066,-0.638202,0.638202,0.319101,-0.319101,0.0174542
4067,-0.638202,0.638202,0.291129,-0.291129,0.0150508
4068,-0.525021,0.525021,0.262511,-0.262511,0.0126974
4069,-0.525021,0.525021,0.235622,-0.235622,0.0103871
4070,-0.416224,0.416224,0.208112,-0.208112,0.00925086
4071,-0.416224,0.416224,0.186055,-0.186055,0.00925086
4072,-0.335332,0.335332,0.167666,-0.167666,0.00925086
4073,-0.335332,0.335332,0.153881,-0.153881,0.00925086
4074,-0.284778,0.284778,0.142389,-0.142389,0.00925086
4075,-0.284778,0.284778,0.133775,-0.133775,0.00925086
4076,-0.253185,0.253185,0.126592,-0.126592,0.00925086
4077,-0.253185,0.253185,0.121209,-0.121209,0.00925086
4078,-0.23344,0.23344,0.11672,-0.11672,0.00925086
4079,-0.23344,0.23344,0.113356,-0.113356,0.00925086
4080,-0.221101,0.221101,0.110551,-0.110551,0.00925086
4081,-0.221101,0.221101,0.108448,-0.108448,0.00925086
4082,-0.21339,0.21339,0.106695,-0.106695,0.00925086
4083,-0.21339,0.21339,0.105381,-0.105381,0.00925086
4084,-0.208571,0.208571,0.104285,-0.104285,0.00925086
4085,-0.208571,0.208571,0.103464,-0.103464,0.00925086
4086,-0.205559,0.205559,0.10278,-0.10278,0.00925086
4087,-0.205559,0.205559,0.102266,-0.102266,0.00925086
4088,-0.203677,0.203677,0.101839,-0.101839,0.00925086
4089,-0.203677,0.203677,0.101518,-0.101518,0.00925086
4090,-0.202501,0.202501,0.10125,-0.10125,0.00925086
4091,-0.202501,0.202501,0.10105,-0.10105,0.00925086
4092,-0.201766,0.201766,0.100883,-0.100883,0.00925086
4093,-0.201766,0.201766,0.100758,-0.100758,0.00925086
4094,-0.201306,0.201306,0.100653,-0.100653,0.00925086
4095,-0.201306,0.201306,0.100575,-0.100575,0.00925086
4096,-0.201019,0.201019,0.10051,-0.10051,0.00925086
4097,-0.201019,0.201019,0.100461,-0.100461,0.00925086
4098,-0.20084,0.20084,0.10042,-0.10042,0.00925086
4099,-0.20084,0.20084,0.100389,-0.100389,0.00925086
4100,-0.200728,0.200728,0.100364,-0.100364,0.00925086
4101,-0.200728,0.200728,0.100345,-0.100345,0.00925086
4102,-0.200658,0.200658,0.100329,-0.100329,0.00925086
4103,-0.200658,0.200658,0.100317,-0.100317,0.00925086
4104,-0.200614,0.200614,0.100307,-0.100307,0.00925086
4105,-0.200614,0.200614,0.100299,-0.100299,0.00925086
4106,-0.200586,0.200586,0.100293,-0.100293,0.00925086
4107,-0.200586,0.200586,0.100289,-0.100289,0.00925086
4108,-0.200569,0.200569,0.100285,-0.100285,0.00925086
4109,-0.200569,0.200569,0.100282,-0.100282,0.00925086
4110,-0.200559,0.200559,0.100279,-0.100279,0.00925086
4111,-0.200559,0.200559,0.100277,-0.100277,0.00925086
4112,-0.200552,0.200552,0.100276,-0.100276,0.00925086
4113,-0.200552,0.200552,0.100275,-0.100275,0.00925086
4114,-0.200548,0.200548,0.100274,-0.100274,0.00925086
4115,-0.200548,0.200548,0.100273,-0.100273,0.00925086
4116,-0.200545,0.200545,0.100273,-0.100273,0.00925086
4117,-0.200545,0.200545,0.100272,-0.100272,0.00925086
4118,-0.200543,0.200543,0.100272,-0.100272,0.00925086
4119,-0.200543,0.200543,0.100271,-0.100271,0.00925086
4120,-0.200542,0.200542,0.100271,-0.100271,0.00925086
4121,-0.200542,0.200542,0.100271,-0.100271,0.00925086
4122,-0.200542,0.200542,0.100271,-0.100271,0.00925086
4123,-0.200542,0.200542,0.100271,-0.100271,0.00925086
4124,-0.200541,0.200541,0.100271,-0.100271,0.00925086
4125,-0.200541,0.200541,0.100271,-0.100271,0.00925086
4126,-0.200541,0.200541,0.100271,-0.100271,0.00925086
4127,-0.200541,0.200541,0.100271,-0.100271,0.00925086
4128,-0.200541,0.200541,0.100271,-0.100271,0.00925086
4129,-0.200541,0.200541,0.10027,-0.10027,0.00925086
4130,-0.200541,0.200541,0.10027,-0.10027,0.00925086
4131,-0.200541,0.200541,0.10027,-0.10027,0.00925086
4132,-0.200541,0.200541,0.10027,-0.10027,0.00925086
4133,-0.200541,0.200541,0.10027,-0.10027,0.00925086
4134,-0.200541,0.200541,0.10027,-0.10027,0.00925086
4135,-0.200541,0.200541,0.10027,-0.10027,0.00925086
4136,-0.200541,0.200541,0.10027,-0.10027,0.00925086
4137,-0.200541,0.200541,0.10027,-0.10027,0.00925086
4138,-0.200541,0.200541,0.10027,-0.10027,0.00925086
4139,-0.200541,0.200541,0.10027,-0.10027,0.00925086
4140,-0.200541,0.200541,0.10027,-0.10027,0.00925086
4141,-0.200541,0.200541,0.10027,-0.10027,0.00925086
4142,-0.200541,0.200541,0.10027,-0.10027,0.00925086
4143,-0.200541,0.200541,0.10027,-0.10027,0.00925086
4144,-0.200541,0.200541,0.10027,-0.10027,0.00925086
4145,-0.200541,0.200541,0.10027,-0.10027,0.00925086
4146,-0.200541,0.200541,0.10027,-0.10027,0.00925086
4147,-0.200541,0.200541,0.10027,-0.10027,0.00925086
4148,-0.200541,0.200541,0.10027,-0.10027,0.00925086
4149,-0.200541,0.200541,0.10027,-0.10027,0.00925086
4150,-0.200541,0.200541,0.10027,-0.10027,0.00925086
4151,-0.200541,0.200541,0.10027,-0.10027,0.00925086
4152,-0.200541,0.200541,0.10027,-0.10027,0.00925086
4153,-0.200541,0.200541,0.10027,-0.10027,0.00925086
4154,-0.200541,0.200541,0.10027,-0.10027,0.00925086
4155,-0.200541,0.200541,0.10027,-0.10027,0.00925086
4156,-0.200541,0.200541,0.10027,-0.10027,0.00925086
4157,-0.200541,0.200541,0.10027,-0.10027,0.00925086
4158,-0.200541,0.200541,0.10027,-0.10027,0.00925086
4159,-0.200541,0.200541,0.10027,-0.10027,0.00925086
4160,-0.200541,0.200541,0.10027,-0.10027,0.00925086
4161,-0.200541,0.200541,0.10027,-0.10027,0.00925086
4162,-0.200541,0.200541,0.10027,-0.10027,0.00925086
4163,-0.200541,0.200541,0.10027,-0.10027,0.00925086
4164,-0.200541,0.200541,0.10027,-0.10027,0.00925086
4165,-0.200541,0.200541,0.10027,-0.10027,0.00925086
4166,-0.200541,0.200541,0.10027,-0.10027,0.00925086
4167,-0.200541,0.200541,0.10027,-0.10027,0.00925086
4168,-0.200541,0.200541,0.10027,-0.10027,0.00925086
4169,-0.200541,0.200541,0.10027,-0.10027,0.00925086
4170,-0.200541,0.200541,0.10027,-0.10027,0.00925086
4171,-0.200541,0.200541,0.10027,-0.10027,0.00925086
4172,-0.200541,0.200541,0.10027,-0.10027,0.00925086
4173,-0.200541,0.200541,0.10027,-0.10027,0.00925086
4174,-0.200541,0.200541,0.10027,-0.10027,0.00925086
4175,-0.200541,0.200541,0.10027,-0.10027,0.00925086
4176,-0.200541,0.200541,0.10027,-0.10027,0.00925086
4177,-0.200541,0.200541,0.10027,-0.10027,0.00925086
4178,-0.200541,0.200541,0.10027,-0.10027,0.00925086
4179,-0.200541,0.200541,0.10027,-0.10027,0.00925086
4180,-0.200541,0.200541,0.10027,-0.10027,0.00925086
4181,-0.200541,0.200541,0.10027,-0.10027,0.00925086
4182,-0.200541,0.200541,0.10027,-0.10027,0.00925086
4183,-0.200541,0.200541,0.10027,-0.10027,0.00925086
4184,-0.200541,0.200541,0.10027,-0.10027,0.00925086
4185,-0.200541,0.200541,0.10027,-0.10027,0.00925086
4186,-0.200541,0.200541,0.10027,-0.10027,0.00925086
4187,-0.200541,0.200541,0.10027,-0.10027,0.00925086
4188,-0.200541,0.200541,0.10027,-0.10027,0.00925086
4189,-0.200541,0.200541,0.10027,-0.10027,0.00925086
4190,-0.200541,0.200541,0.10027,-0.10027,0.00925086
4191,-0.200541,0.200541,0.10027,-0.10027,0.00925086
4192,-0.200541,0.200541,0.10027,-0.10027,0.00925086
4193,-0.200541,0.200541,0.10027,-0.10027,0.00925086
4194,-0.200541,0.200541,0.10027,-0.10027,0.00925086
4195,-0.200541,0.200541,0.10027,-0.10027,0.00925086
4196,-0.200541,0.200541,0.10027,-0.10027,0.00925086
4197,-0.200541,0.200541,0.10027,-0.10027,0.00925086
4198,-0.200541,0.200541,0.10027,-0.10027,0.00925086
4199,-0.200541,0.200541,0.10027,-0.10027,0.00925086
4200,-0.200541,0.200541,0.10027,-0.10027,0.00925086
4201,-0.200541,0.200541,0.10027,-0.10027,0.00925086
4202,-0.200541,0.200541,0.10027,-0.10027,0.00925086
4203,-0.200541,0.200541,0.10027,-0.10027,0.00925086
4204,-0.200541,0.200541,0.10027,-0.10027,0.00925086
4205,-0.200541,0.200541,0.10027,-0.10027,0.00925086
4206,-0.200541,0.200541,0.10027,-0.10027,0.00925086
4207,-0.200541,0.200541,0.10027,-0.10027,0.00925086
4208,-0.200541,0.200541,0.10027,-0.10027,0.00925086
4209,-0.200541,0.200541,0.10027,-0.10027,0.00925086
4210,-0.200541,0.200541,0.10027,-0.10027,0.00925086
4211,-0.200541,0.200541,0.10027,-0.10027,0.00925086
4212,-0.200541,0.200541,0.10027,-0.10027,0.00925086
4213,-0.200541,0.200541,0.10027,-0.10027,0.00925086
4214,-0.200541,0.200541,0.10027,-0.10027,0.00925086
4215,-0.200541,0.200541,0.10027,-0.10027,0.00925086
4216,-0.200541,0.200541,0.10027,-0.10027,0.00925086
4217,-0.200541,0.200541,0.10027,-0.10027,0.00925086
4218,-0.200541,0.200541,0.10027,-0.10027,0.00925086
4219,-0.200541,0.200541,0.10027,-0.10027,0.00925086
4220,-0.200541,0.200541,0.10027,-0.10027,0.00925086
4221,-0.200541,0.200541,0.10027,-0.10027,0.00925086
4222,-0.200541,0.200541,0.10027,-0.10027,0.00925086
4223,-0.200541,0.200541,0.10027,-0.10027,0.00925086
4224,-0.200541,0.200541,0.10027,-0.10027,0.00925086
4225,-0.200541,0.200541,0.10027,-0.10027,0.00925086
4226,-0.200541,0.200541,0.10027,-0.10027,0.00925086
4227,-0.200541,0.200541,0.10027,-0.10027,0.00925086
4228,-0.200541,0.200541,0.10027,-0.10027,0.00925086
4229,-0.200541,0.200541,0.10027,-0.10027,0.00925086
4230,-0.200541,0.200541,0.10027,-0.10027,0.00925086
4231,-0.200541,0.200541,0.10027,-0.10027,0.00925086
4232,-0.200541,0.200541,0.10027,-0.10027,0.00925086
4233,-0.200541,0.200541,0.10027,-0.10027,0.00925086
4234,-0.200541,0.200541,0.10027,-0.10027,0.00925086
4235,-0.200541,0.200541,0.10027,-0.10027,0.00925086
4236,-0.200541,0.200541,0.10027,-0.10027,0.00925086
4237,-0.200541,0.200541,0.10027,-0.10027,0.00925086
4238,-0.200541,0.200541,0.10027,-0.10027,0.00925086
4239,-0.200541,0.200541,0.10027,-0.10027,0.00925086
4240,-0.200541,0.200541,0.10027,-0.10027,0.00925086
4241,-0.200541,0.200541,0.10027,-0.10027,0.00925086
4242,-0.200541,0.200541,0.10027,-0.10027,0.00925086
4243,-0.200541,0.200541,0.10027,-0.10027,0.00925086
4244,-0.200541,0.200541,0.10027,-0.10027,0.00925086
4245,-0.200541,0.200541,0.10027,-0.10027,0.00925086
4246,-0.200541,0.200541,0.10027,-0.10027,0.00925086
4247,-0.200541,0.200541,0.10027,-0.10027,0.00925086
4248,-0.200541,0.200541,0.10027,-0.10027,0.00925086
4249,-0.200541,0.200541,0.10027,-0.10027,0.00925086
4250,-0.200541,0.200541,0.10027,-0.10027,0.00925086
4251,-0.200541,0.200541,0.10027,-0.10027,0.00925086
4252,-0.200541,0.200541,0.10027,-0.10027,0.00925086
4253,-0.200541,0.200541,0.10027,-0.10027,0.00925086
4254,-0.200541,0.200541,0.10027,-0.10027,0.00925086
4255,-0.200541,0.200541,0.10027,-0.10027,0.00925086
4256,-0.200541,0.200541,0.10027,-0.10027,0.00925086
4257,-0.200541,0.200541,0.10027,-0.10027,0.00925086
4258,-0.200541,0.200541,0.10027,-0.10027,0.00925086
4259,-0.200541,0.200541,0.10027,-0.10027,0.00925086
4260,-0.200541,0.200541,0.10027,-0.10027,0.00925086
4261,-0.200541,0.200541,0.10027,-0.10027,0.00925086
4262,-0.200541,0.200541,0.10027,-0.10027,0.00925086
4263,-0.200541,0.200541,0.10027,-0.10027,0.00925086
4264,-0.200541,0.200541,0.10027,-0.10027,0.00925086
4265,-0.200541,0.200541,0.10027,-0.10027,0.00925086
4266,-0.200541,0.200541,0.10027,-0.10027,0.00925086
4267,-0.200541,0.200541,0.10027,-0.10027,0.00925086
4268,-0.200541,0.200541,0.10027,-0.10027,0.00925086
4269,-0.200541,0.200541,0.10027,-0.10027,0.00925086
4270,-0.200541,0.200541,0.10027,-0.10027,0.00925086
4271,-0.200541,0.200541,0.10027,-0.10027,0.00925086
4272,-0.200541,0.200541,0.10027,-0.10027,0.00925086
4273,-0.200541,0.200541,0.10027,-0.10027,0.00925086
4274,-0.200541,0.200541,0.10027,-0.10027,0.00925086
4275,-0.200541,0.200541,0.10027,-0.10027,0.00925086
4276,-0.200541,0.200541,0.10027,-0.10027,0.00925086
4277,-0.200541,0.200541,0.10027,-0.10027,0.00925086
4278,-0.200541,0.200541,0.10027,-0.10027,0.00925086
4279,-0.200541,0.200541,0.10027,-0.10027,0.00925086
4280,-0.200541,0.200541,0.10027,-0.10027,0.00925086
4281,-0.200541,0.200541,0.10027,-0.10027,0.00925086
4282,-0.200541,0.200541,0.10027,-0.10027,0.00925086
4283,-0.200541,0.200541,0.10027,-0.10027,0.00925086
4284,-0.200541,0.200541,0.10027,-0.10027,0.00925086
4285,-0.200541,0.200541,0.10027,-0.10027,0.00925086
4286,-0.200541,0.200541,0.10027,-0.10027,0.00925086
4287,-0.200541,0.200541,0.10027,-0.10027,0.00925086
4288,-0.200541,0.200541,0.10027,-0.10027,0.00925086
4289,-0.200541,0.200541,0.10027,-0.10027,0.00925086
4290,-0.200541,0.200541,0.10027,-0.10027,0.00925086
4291,-0.200541,0.200541,0.10027,-0.10027,0.00925086
4292,-0.200541,0.200541,0.10027,-0.10027,0.00925086
4293,-0.200541,0.200541,0.10027,-0.10027,0.00925086
4294,-0.200541,0.200541,0.10027,-0.10027,0.00925086
4295,-0.200541,0.200541,0.10027,-0.10027,0.00925086
4296,-0.200541,0.200541,0.10027,-0.10027,0.00925086
4297,-0.200541,0.200541,0.10027,-0.10027,0.00925086
4298,-0.200541,0.200541,0.10027,-0.10027,0.00925086
4299,-0.200541,0.200541,0.10027,-0.10027,0.00925086
4300,-0.200541,0.200541,0.10027,-0.10027,0.00925086
4301,-0.200541,0.200541,0.10027,-0.10027,0.00925086
4302,-0.200541,0.200541,0.10027,-0.10027,0.00925086
4303,-0.200541,0.200541,0.10027,-0.10027,0.00925086
4304,-0.200541,0.200541,0.10027,-0.10027,0.00925086
4305,-0.200541,0.200541,0.10027,-0.10027,0.00925086
4306,-0.200541,0.200541,0.10027,-0.10027,0.00925086
4307,-0.200541,0.200541,0.10027,-0.10027,0.00925086
4308,-0.200541,0.200541,0.10027,-0.10027,0.00925086
4309,-0.200541,0.200541,0.10027,-0.10027,0.00925086
4310,-0.200541,0.200541,0.10027,-0.10027,0.00925086
4311,-0.200541,0.200541,0.10027,-0.10027,0.00925086
4312,-0.200541,0.200541,0.10027,-0.10027,0.00925086
4313,-0.200541,0.200541,0.10027,-0.10027,0.00925086
4314,-0.200541,0.200541,0.10027,-0.10027,0.00925086
4315,-0.200541,0.200541,0.10027,-0.10027,0.00925086
4316,-0.200541,0.200541,0.10027,-0.10027,0.00925086
4317,-0.200541,0.200541,0.10027,-0.10027,0.00925086
4318,-0.200541,0.200541,0.10027,-0.10027,0.00925086
4319,-0.200541,0.200541,0.10027,-0.10027,0.00925086
4320,-0.200541,0.200541,0.10027,-0.10027,0.00925086
4321,-0.200541,0.200541,0.10027,-0.10027,0.00925086
4322,-0.200541,0.200541,0.10027,-0.10027,0.00925086
4323,-0.200541,0.200541,0.10027,-0.10027,0.00925086
4324,-0.200541,0.200541,0.10027,-0.10027,0.00925086
4325,-0.200541,0.200541,0.10027,-0.10027,0.00925086
4326,-0.200541,0.200541,0.10027,-0.10027,0.00925086
4327,-0.200541,0.200541,0.10027,-0.10027,0.00925086
4328,-0.200541,0.200541,0.10027,-0.10027,0.00925086
4329,-0.200541,0.200541,0.10027,-0.10027,0.00925086
4330,-0.200541,0.200541,0.10027,-0.10027,0.00925086
4331,-0.200541,0.200541,0.10027,-0.10027,0.00925086
4332,-0.200541,0.200541,0.10027,-0.10027,0.00925086
4333,-0.200541,0.200541,0.10027,-0.10027,0.00925086
4334,-0.200541,0.200541,0.10027,-0.10027,0.00925086
4335,-0.200541,0.200541,0.10027,-0.10027,0.00925086
4336,-0.200541,0.200541,0.10027,-0.10027,0.00925086
4337,-0.200541,0.200541,0.10027,-0.10027,0.00925086
4338,-0.200541,0.200541,0.10027,-0.10027,0.00925086
4339,-0.200541,0.200541,0.10027,-0.10027,0.00925086
4340,-0.200541,0.200541,0.10027,-0.10027,0.00925086
4341,-0.200541,0.200541,0.10027,-0.10027,0.00925086
4342,-0.200541,0.200541,0.10027,-0.10027,0.00925086
4343,-0.200541,0.200541,0.10027,-0.10027,0.00925086
4344,-0.200541,0.200541,0.10027,-0.10027,0.00925086
4345,-0.200541,0.200541,0.10027,-0.10027,0.00925086
4346,-0.200541,0.200541,0.10027,-0.10027,0.00925086
4347,-0.200541,0.200541,0.10027,-0.10027,0.00925086
4348,-0.200541,0.200541,0.10027,-0.10027,0.00925086
4349,-0.200541,0.200541,0.10027,-0.10027,0.00925086
4350,-0.200541,0.200541,0.10027,-0.10027,0.00925086
4351,-0.200541,0.200541,0.10027,-0.10027,0.00925086
4352,-0.200541,0.200541,0.10027,-0.10027,0.00925086
4353,-0.200541,0.200541,0.10027,-0.10027,0.00925086
4354,-0.200541,0.200541,0.10027,-0.10027,0.00925086
4355,-0.200541,0.200541,0.10027,-0.10027,0.00925086
4356,-0.200541,0.200541,0.10027,-0.10027,0.00925086
4357,-0.200541,0.200541,0.10027,-0.10027,0.00925086
4358,-0.200541,0.200541,0.10027,-0.10027,0.00925086
4359,-0.200541,0.200541,0.10027,-0.10027,0.00925086
4360,-0.200541,0.200541,0.10027,-0.10027,0.00925086
4361,-0.200541,0.200541,0.10027,-0.10027,0.00925086
4362,-0.200541,0.200541,0.10027,-0.10027,0.00925086
4363,-0.200541,0.200541,0.10027,-0.10027,0.00925086
4364,-0.200541,0.200541,0.10027,-0.10027,0.00925086
4365,-0.200541,0.200541,0.10027,-0.10027,0.00925086
4366,-0.200541,0.200541,0.10027,-0.10027,0.00925086
4367,-0.200541,0.200541,0.10027,-0.10027,0.00925086
4368,-0.200541,0.200541,0.10027,-0.10027,0.00925086
4369,-0.200541,0.200541,0.10027,-0.10027,0.00925086
4370,-0.200541,0.200541,0.10027,-0.10027,0.00925086
4371,-0.200541,0.200541,0.10027,-0.10027,0.00925086
4372,-0.200541,0.200541,0.10027,-0.10027,0.00925086
4373,-0.200541,0.200541,0.10027,-0.10027,0.00925086
4374,-0.200541,0.200541,0.10027,-0.10027,0.00925086
4375,-0.200541,0.200541,0.10027,-0.10027,0.00925086
4376,-0.200541,0.200541,0.10027,-0.10027,0.00925086
4377,-0.200541,0.200541,0.10027,-0.10027,0.00925086
4378,-0.200541,0.200541,0.10027,-0.10027,0.00925086
4379,-0.200541,0.200541,0.10027,-0.10027,0.00925086
4380,-0.200541,0.200541,0.10027,-0.10027,0.00925086
4381,-0.200541,0.200541,0.10027,-0.10027,0.00925086
4382,-0.200541,0.200541,0.10027,-0.10027,0.00925086
4383,-0.200541,0.200541,0.10027,-0.10027,0.00925086
4384,-0.200541,0.200541,0.10027,-0.10027,0.00925086
4385,-0.200541,0.200541,0.10027,-0.10027,0.00925086
4386,-0.200541,0.200541,0.10027,-0.10027,0.00925086
4387,-0.200541,0.200541,0.10027,-0.10027,0.00925086
4388,-0.200541,0.200541,0.10027,-0.10027,0.00925086
4389,-0.200541,0.200541,0.10027,-0.10027,0.00925086
4390,-0.200541,0.200541,0.10027,-0.10027,0.00925086
4391,-0.200541,0.200541,0.10027,-0.10027,0.00925086
4392,-0.200541,0.200541,0.10027,-0.10027,0.00925086
4393,-0.200541,0.200541,0.10027,-0.10027,0.00925086
4394,-0.200541,0.200541,0.10027,-0.10027,0.00925086
4395,-0.200541,0.200541,0.10027,-0.10027,0.00925086
4396,-0.200541,0.200541,0.10027,-0.10027,0.00925086
4397,-0.200541,0.200541,0.10027,-0.10027,0.00925086
4398,-0.200541,0.200541,0.10027,-0.10027,0.00925086
4399,-0.200541,0.200541,0.10027,-0.10027,0.00925086
4400,-0.200541,0.200541,0.10027,-0.10027,0.00925086
4401,-0.200541,0.200541,0.10027,-0.10027,0.00925086
4402,-0.200541,0.200541,0.10027,-0.10027,0.00925086
4403,-0.200541,0.200541,0.10027,-0.10027,0.00925086
4404,-0.200541,0.200541,0.10027,-0.10027,0.00925086
4405,-0.200541,0.200541,0.10027,-0.10027,0.00925086
4406,-0.200541,0.200541,0.10027,-0.10027,0.00925086
4407,-0.200541,0.200541,0.10027,-0.10027,0.00925086
4408,-0.200541,0.200541,0.10027,-0.10027,0.00925086
4409,-0.200541,0.200541,0.10027,-0.10027,0.00925086
4410,-0.200541,0.200541,0.10027,-0.10027,0.00925086
4411,-0.200541,0.200541,0.10027,-0.10027,0.00925086
4412,-0.200541,0.200541,0.10027,-0.10027,0.00925086
4413,-0.200541,0.200541,0.10027,-0.10027,0.00925086
4414,-0.200541,0.200541,0.10027,-0.10027,0.00925086
4415,-0.200541,0.200541,0.10027,-0.10027,0.00925086
4416,-0.200541,0.200541,0.10027,-0.10027,0.00925086
4417,-0.200541,0.200541,0.10027,-0.10027,0.00925086
4418,-0.200541,0.200541,0.10027,-0.10027,0.00925086
4419,-0.200541,0.200541,0.10027,-0.10027,0.00925086
4420,-0.200541,0.200541,0.10027,-0.10027,0.00925086
4421,-0.200541,0.200541,0.10027,-0.10027,0.00925086
4422,-0.200541,0.200541,0.10027,-0.10027,0.00925086
4423,-0.200541,0.200541,0.10027,-0.10027,0.00925086
4424,-0.200541,0.200541,0.10027,-0.10027,0.00925086
4425,-0.200541,0.200541,0.10027,-0.10027,0.00925086
4426,-0.200541,0.200541,0.10027,-0.10027,0.00925086
4427,-0.200541,0.200541,0.10027,-0.10027,0.00925086
4428,-0.200541,0.200541,0.10027,-0.10027,0.00925086
4429,-0.200541,0.200541,0.10027,-0.10027,0.00925086
4430,-0.200541,0.200541,0.10027,-0.10027,0.00925086
4431,-0.200541,0.200541,0.10027,-0.10027,0.00925086
4432,-0.200541,0.200541,0.10027,-0.10027,0.00925086
4433,-0.200541,0.200541,0.10027,-0.10027,0.00925086
4434,-0.200541,0.200541,0.10027,-0.10027,0.00925086
4435,-0.200541,0.200541,0.10027,-0.10027,0.00925086
4436,-0.200541,0.200541,0.10027,-0.10027,0.00925086
4437,-0.200541,0.200541,0.10027,-0.10027,0.00925086
4438,-0.200541,0.200541,0.10027,-0.10027,0.00925086
4439,-0.200541,0.200541,0.10027,-0.10027,0.00925086
4440,-0.200541,0.200541,0.10027,-0.10027,0.00925086
4441,-0.200541,0.200541,0.10027,-0.10027,0.00925086
4442,-0.200541,0.200541,0.10027,-0.10027,0.00925086
4443,-0.200541,0.200541,0.10027,-0.10027,0.00925086
4444,-0.200541,0.200541,0.10027,-0.10027,0.00925086
4445,-0.200541,0.200541,0.10027,-0.10027,0.00925086
4446,-0.200541,0.200541,0.10027,-0.10027,0.00925086
4447,-0.200541,0.200541,0.10027,-0.10027,0.00925086
4448,-0.200541,0.200541,0.10027,-0.10027,0.00925086
4449,-0.200541,0.200541,0.10027,-0.10027,0.00925086
4450,-0.200541,0.200541,0.10027,-0.10027,0.00925086
4451,-0.200541,0.200541,0.10027,-0.10027,0.00925086
4452,-0.200541,0.200541,0.10027,-0.10027,0.00925086
4453,-0.200541,0.200541,0.10027,-0.10027,0.00925086
4454,-0.200541,0.200541,0.10027,-0.10027,0.00925086
4455,-0.200541,0.200541,0.10027,-0.10027,0.00925086
4456,-0.200541,0.200541,0.10027,-0.10027,0.00925086
4457,-0.200541,0.200541,0.10027,-0.10027,0.00925086
4458,-0.200541,0.200541,0.10027,-0.10027,0.00925086
4459,-0.200541,0.200541,0.10027,-0.10027,0.00925086
4460,-0.200541,0.200541,0.10027,-0.10027,0.00925086
4461,-0.200541,0.200541,0.10027,-0.10027,0.00925086
4462,-0.200541,0.200541,0.10027,-0.10027,0.00925086
4463,-0.200541,0.200541,0.10027,-0.10027,0.00925086
4464,-0.200541,0.200541,0.10027,-0.10027,0.00925086
4465,-0.200541,0.200541,0.10027,-0.10027,0.00925086
4466,-0.200541,0.200541,0.10027,-0.10027,0.00925086
4467,-0.200541,0.200541,0.10027,-0.10027,0.00925086
4468,-0.200541,0.200541,0.10027,-0.10027,0.00925086
4469,-0.200541,0.200541,0.10027,-0.10027,0.00925086
4470,-0.200541,0.200541,0.10027,-0.10027,0.00925086
4471,-0.200541,0.200541,0.10027,-0.10027,0.00925086
4472,-0.200541,0.200541,0.10027,-0.10027,0.00925086
4473,-0.200541,0.200541,0.10027,-0.10027,0.00925086
4474,-0.200541,0.200541,0.10027,-0.10027,0.00925086
4475,-0.200541,0.200541,0.10027,-0.10027,0.00925086
4476,-0.200541,0.200541,0.10027,-0.10027,0.00925086
4477,-0.200541,0.200541,0.10027,-0.10027,0.00925086
4478,-0.200541,0.200541,0.10027,-0.10027,0.00925086
4479,-0.200541,0.200541,0.10027,-0.10027,0.00925086
4480,-0.200541,0.200541,0.10027,-0.10027,0.00925086
4481,-0.200541,0.200541,0.10027,-0.10027,0.00925086
4482,-0.200541,0.200541,0.10027,-0.10027,0.00925086
4483,-0.200541,0.200541,0.10027,-0.10027,0.00925086
4484,-0.200541,0.200541,0.10027,-0.10027,0.00925086
4485,-0.200541,0.200541,0.10027,-0.10027,0.00925086
4486,-0.200541,0.200541,0.10027,-0.10027,0.00925086
4487,-0.200541,0.200541,0.10027,-0.10027,0.00925086
4488,-0.200541,0.200541,0.10027,-0.10027,0.00925086
4489,-0.200541,0.200541,0.10027,-0.10027,0.00925086
4490,-0.200541,0.200541,0.10027,-0.10027,0.00925086
4491,-0.200541,0.200541,0.10027,-0.10027,0.00925086
4492,-0.200541,0.200541,0.10027,-0.10027,0.00925086
4493,-0.200541,0.200541,0.10027,-0.10027,0.00925086
4494,-0.200541,0.200541,0.10027,-0.10027,0.00925086
4495,-0.200541,0.200541,0.10027,-0.10027,0.00925086
4496,-0.200541,0.200541,0.10027,-0.10027,0.00925086
4497,-0.200541,0.200541,0.10027,-0.10027,0.00925086
4498,-0.200541,0.200541,0.10027,-0.10027,0.00925086
4499,-0.200541,0.200541,0.10027,-0.10027,0.00925086
4500,-0.200541,0.200541,0.10027,-0.10027,0.00925086
4501,-0.200541,0.200541,0.10027,-0.10027,0.00925086
4502,-0.200541,0.200541,0.10027,-0.10027,0.00925086
4503,-0.200541,0.200541,0.10027,-0.10027,0.00925086
4504,-0.200541,0.200541,0.10027,-0.10027,0.00925086
4505,-0.200541,0.200541,0.10027,-0.10027,0.00925086
4506,-0.200541,0.200541,0.10027,-0.10027,0.00925086
4507,-0.200541,0.200541,0.10027,-0.10027,0.00925086
4508,-0.200541,0.200541,0.10027,-0.10027,0.00925086
4509,-0.200541,0.200541,0.10027,-0.10027,0.00925086
4510,-0.200541,0.200541,0.10027,-0.10027,0.00925086
4511,-0.200541,0.200541,0.10027,-0.10027,0.00925086
4512,-0.200541,0.200541,0.10027,-0.10027,0.00925086
4513,-0.200541,0.200541,0.10027,-0.10027,0.00925086
4514,-0.200541,0.200541,0.10027,-0.10027,0.00925086
4515,-0.200541,0.200541,0.10027,-0.10027,0.00925086
4516,-0.200541,0.200541,0.10027,-0.10027,0.00925086
4517,-0.200541,0.200541,0.10027,-0.10027,0.00925086
4518,-0.200541,0.200541,0.10027,-0.10027,0.00925086
4519,-0.200541,0.200541,0.10027,-0.10027,0.00925086
4520,-0.200541,0.200541,0.10027,-0.10027,0.00925086
4521,-0.200541,0.200541,0.10027,-0.10027,0.00925086
4522,-0.200541,0.200541,0.10027,-0.10027,0.00925086
4523,-0.200541,0.200541,0.10027,-0.10027,0.00925086
4524,-0.200541,0.200541,0.10027,-0.10027,0.00925086
4525,-0.200541,0.200541,0.10027,-0.10027,0.00925086
4526,-0.200541,0.200541,0.10027,-0.10027,0.00925086
4527,-0.200541,0.200541,0.10027,-0.10027,0.00925086
4528,-0.200541,0.200541,0.10027,-0.10027,0.00925086
4529,-0.200541,0.200541,0.10027,-0.10027,0.00925086
4530,-0.200541,0.200541,0.10027,-0.10027,0.00925086
4531,-0.200541,0.200541,0.10027,-0.10027,0.00925086
4532,-0.200541,0.200541,0.10027,-0.10027,0.00925086
4533,-0.200541,0.200541,0.10027,-0.10027,0.00925086
4534,-0.200541,0.200541,0.10027,-0.10027,0.00925086
4535,-0.200541,0.200541,0.10027,-0.10027,0.00925086
4536,-0.200541,0.200541,0.10027,-0.10027,0.00925086
4537,-0.200541,0.200541,0.10027,-0.10027,0.00925086
4538,-0.200541,0.200541,0.10027,-0.10027,0.00925086
4539,-0.200541,0.200541,0.10027,-0.10027,0.00925086
4540,-0.200541,0.200541,0.10027,-0.10027,0.00925086
4541,-0.200541,0.200541,0.10027,-0.10027,0.00925086
4542,-0.200541,0.200541,0.10027,-0.10027,0.00925086
4543,-0.200541,0.200541,0.10027,-0.10027,0.00925086
4544,-0.200541,0.200541,0.10027,-0.10027,0.00925086
4545,-0.200541,0.200541,0.10027,-0.10027,0.00925086
4546,-0.200541,0.200541,0.10027,-0.10027,0.00925086
4547,-0.200541,0.200541,0.10027,-0.10027,0.00925086
4548,-0.200541,0.200541,0.10027,-0.10027,0.00925086
4549,-0.200541,0.200541,0.10027,-0.10027,0.00925086
4550,-0.200541,0.200541,0.10027,-0.10027,0.00925086
4551,-0.200541,0.200541,0.10027,-0.10027,0.00925086
4552,-0.200541,0.200541,0.10027,-0.10027,0.00925086
4553,-0.200541,0.200541,0.10027,-0.10027,0.00925086
4554,-0.200541,0.200541,0.10027,-0.10027,0.00925086
4555,-0.200541,0.200541,0.10027,-0.10027,0.00925086
4556,-0.200541,0.200541,0.10027,-0.10027,0.00925086
4557,-0.200541,0.200541,0.10027,-0.10027,0.00925086
4558,-0.200541,0.200541,0.10027,-0.10027,0.00925086
4559,-0.200541,0.200541,0.10027,-0.10027,0.00925086
4560,-0.200541,0.200541,0.10027,-0.10027,0.00925086
4561,-0.200541,0.200541,0.10027,-0.10027,0.00925086
4562,-0.200541,0.200541,0.10027,-0.10027,0.00925086
4563,-0.200541,0.200541,0.10027,-0.10027,0.00925086
4564,-0.200541,0.200541,0.10027,-0.10027,0.00925086
4565,-0.200541,0.200541,0.10027,-0.10027,0.00925086
4566,-0.200541,0.200541,0.10027,-0.10027,0.00925086
4567,-0.200541,0.200541,0.10027,-0.10027,0.00925086
4568,-0.200541,0.200541,0.10027,-0.10027,0.00925086
4569,-0.200541,0.200541,0.10027,-0.10027,0.00925086
4570,-0.200541,0.200541,0.10027,-0.10027,0.00925086
4571,-0.200541,0.200541,0.10027,-0.10027,0.00925086
4572,-0.200541,0.200541,0.10027,-0.10027,0.00925086
4573,-0.200541,0.200541,0.10027,-0.10027,0.00925086
4574,-0.200541,0.200541,0.10027,-0.10027,0.00925086
4575,-0.200541,0.200541,0.10027,-0.10027,0.00925086
4576,-0.200541,0.200541,0.10027,-0.10027,0.00925086
4577,-0.200541,0.200541,0.10027,-0.10027,0.00925086
4578,-0.200541,0.200541,0.10027,-0.10027,0.00925086
4579,-0.200541,0.200541,0.10027,-0.10027,0.00925086
4580,-0.200541,0.200541,0.10027,-0.10027,0.00925086
4581,-0.200541,0.200541,0.10027,-0.10027,0.00925086
4582,-0.200541,0.200541,0.10027,-0.10027,0.00925086
4583,-0.200541,0.200541,0.10027,-0.10027,0.00925086
4584,-0.200541,0.200541,0.10027,-0.10027,0.00925086
4585,-0.200541,0.200541,0.10027,-0.10027,0.00925086
4586,-0.200541,0.200541,0.10027,-0.10027,0.00925086
4587,-0.200541,0.200541,0.10027,-0.10027,0.00925086
4588,-0.200541,0.200541,0.10027,-0.10027,0.00925086
4589,-0.200541,0.200541,0.10027,-0.10027,0.00925086
4590,-0.200541,0.200541,0.10027,-0.10027,0.00925086
4591,-0.200541,0.200541,0.10027,-0.10027,0.00925086
4592,-0.200541,0.200541,0.10027,-0.10027,0.00925086
4593,-0.200541,0.200541,0.10027,-0.10027,0.00925086
4594,-0.200541,0.200541,0.10027,-0.10027,0.00925086
4595,-0.200541,0.200541,0.10027,-0.10027,0.00925086
4596,-0.200541,0.200541,0.10027,-0.10027,0.00925086
4597,-0.200541,0.200541,0.10027,-0.10027,0.00925086
4598,-0.200541,0.200541,0.10027,-0.10027,0.00925086
4599,-0.200541,0.200541,0.10027,-0.10027,0.00925086
4600,-0.200541,0.200541,0.10027,-0.10027,0.00925086
4601,-0.200541,0.200541,0.10027,-0.10027,0.00925086
4602,-0.200541,0.200541,0.10027,-0.10027,0.00925086
4603,-0.200541,0.200541,0.10027,-0.10027,0.00925086
4604,-0.200541,0.200541,0.10027,-0.10027,0.00925086
4605,-0.200541,0.200541,0.10027,-0.10027,0.00925086
4606,-0.200541,0.200541,0.10027,-0.10027,0.00925086
4607,-0.200541,0.200541,0.10027,-0.10027,0.00925086
4608,-0.200541,0.200541,0.10027,-0.10027,0.00925086
4609,-0.200541,0.200541,0.10027,-0.10027,0.00925086
4610,-0.200541,0.200541,0.10027,-0.10027,0.00925086
4611,-0.200541,0.200541,0.10027,-0.10027,0.00925086
4612,-0.200541,0.200541,0.10027,-0.10027,0.00925086
4613,-0.200541,0.200541,0.10027,-0.10027,0.00925086
4614,-0.200541,0.200541,0.10027,-0.10027,0.00925086
4615,-0.200541,0.200541,0.10027,-0.10027,0.00925086
4616,-0.200541,0.200541,0.10027,-0.10027,0.00925086
4617,-0.200541,0.200541,0.10027,-0.10027,0.00925086
4618,-0.200541,0.200541,0.10027,-0.10027,0.00925086
4619,-0.200541,0.200541,0.10027,-0.10027,0.00925086
4620,-0.200541,0.200541,0.10027,-0.10027,0.00925086
4621,-0.200541,0.200541,0.10027,-0.10027,0.00925086
4622,-0.200541,0.200541,0.10027,-0.10027,0.00925086
4623,-0.200541,0.200541,0.10027,-0.10027,0.00925086
4624,-0.200541,0.200541,0.10027,-0.10027,0.00925086
4625,-0.200541,0.200541,0.10027,-0.10027,0.00925086
4626,-0.200541,0.200541,0.10027,-0.10027,0.00925086
4627,-0.200541,0.200541,0.10027,-0.10027,0.00925086
4628,-0.200541,0.200541,0.10027,-0.10027,0.00925086
4629,-0.200541,0.200541,0.10027,-0.10027,0.00925086
4630,-0.200541,0.200541,0.10027,-0.10027,0.00925086
4631,-0.200541,0.200541,0.10027,-0.10027,0.00925086
4632,-0.200541,0.200541,0.10027,-0.10027,0.00925086
4633,-0.200541,0.200541,0.10027,-0.10027,0.00925086
4634,-0.200541,0.200541,0.10027,-0.10027,0.00925086
4635,-0.200541,0.200541,0.10027,-0.10027,0.00925086
4636,-0.200541,0.200541,0.10027,-0.10027,0.00925086
4637,-0.200541,0.200541,0.10027,-0.10027,0.00925086
4638,-0.200541,0.200541,0.10027,-0.10027,0.00925086
4639,-0.200541,0.200541,0.10027,-0.10027,0.00925086
4640,-0.200541,0.200541,0.10027,-0.10027,0.00925086
4641,-0.200541,0.200541,0.10027,-0.10027,0.00925086
4642,-0.200541,0.200541,0.10027,-0.10027,0.00925086
4643,-0.200541,0.200541,0.10027,-0.10027,0.00925086
4644,-0.200541,0.200541,0.10027,-0.10027,0.00925086
4645,-0.200541,0.200541,0.10027,-0.10027,0.00925086
4646,-0.200541,0.200541,0.10027,-0.10027,0.00925086
4647,-0.200541,0.200541,0.10027,-0.10027,0.00925086
4648,-0.200541,0.200541,0.10027,-0.10027,0.00925086
4649,-0.200541,0.200541,0.10027,-0.10027,0.00925086
4650,-0.200541,0.200541,0.10027,-0.10027,0.00925086
4651,-0.200541,0.200541,0.10027,-0.10027,0.00925086
4652,-0.200541,0.200541,0.10027,-0.10027,0.00925086
4653,-0.200541,0.200541,0.10027,-0.10027,0.00925086
4654,-0.200541,0.200541,0.10027,-0.10027,0.00925086
4655,-0.200541,0.200541,0.10027,-0.10027,0.00925086
4656,-0.200541,0.200541,0.10027,-0.10027,0.00925086
4657,-0.200541,0.200541,0.10027,-0.10027,0.00925086
4658,-0.200541,0.200541,0.10027,-0.10027,0.00925086
4659,-0.200541,0.200541,0.10027,-0.10027,0.00925086
4660,-0.200541,0.200541,0.10027,-0.10027,0.00925086
4661,-0.200541,0.200541,0.10027,-0.10027,0.00925086
4662,-0.200541,0.200541,0.10027,-0.10027,0.00925086
4663,-0.200541,0.200541,0.10027,-0.10027,0.00925086
4664,-0.200541,0.200541,0.10027,-0.10027,0.00925086
4665,-0.200541,0.200541,0.10027,-0.10027,0.00925086
4666,-0.200541,0.200541,0.10027,-0.10027,0.00925086
4667,-0.200541,0.200541,0.10027,-0.10027,0.00925086
4668,-0.200541,0.200541,0.10027,-0.10027,0.00925086
4669,-0.200541,0.200541,0.10027,-0.10027,0.00925086
4670,-0.200541,0.200541,0.10027,-0.10027,0.00925086
4671,-0.200541,0.200541,0.10027,-0.10027,0.00925086
4672,-0.200541,0.200541,0.10027,-0.10027,0.00925086
4673,-0.200541,0.200541,0.10027,-0.10027,0.00925086
4674,-0.200541,0.200541,0.10027,-0.10027,0.00925086
4675,-0.200541,0.200541,0.10027,-0.10027,0.00925086
4676,-0.200541,0.200541,0.10027,-0.10027,0.00925086
4677,-0.200541,0.200541,0.10027,-0.10027,0.00925086
4678,-0.200541,0.200541,0.10027,-0.10027,0.00925086
4679,-0.200541,0.200541,0.10027,-0.10027,0.00925086
4680,-0.200541,0.200541,0.10027,-0.10027,0.00925086
4681,-0.200541,0.200541,0.10027,-0.10027,0.00925086
4682,-0.200541,0.200541,0.10027,-0.10027,0.00925086
4683,-0.200541,0.200541,0.10027,-0.10027,0.00925086
4684,-0.200541,0.200541,0.10027,-0.10027,0.00925086
4685,-0.200541,0.200541,0.10027,-0.10027,0.00925086
4686,-0.200541,0.200541,0.10027,-0.10027,0.00925086
4687,-0.200541,0.200541,0.10027,-0.10027,0.00925086
4688,-0.200541,0.200541,0.10027,-0.10027,0.00925086
4689,-0.200541,0.200541,0.10027,-0.10027,0.00925086
4690,-0.200541,0.200541,0.10027,-0.10027,0.00925086
4691,-0.200541,0.200541,0.10027,-0.10027,0.00925086
4692,-0.200541,0.200541,0.10027,-0.10027,0.00925086
4693,-0.200541,0.200541,0.10027,-0.10027,0.00925086
4694,-0.200541,0.200541,0.10027,-0.10027,0.00925086
4695,-0.200541,0.200541,0.10027,-0.10027,0.00925086
4696,-0.200541,0.200541,0.10027,-0.10027,0.00925086
4697,-0.200541,0.200541,0.10027,-0.10027,0.00925086
4698,-0.200541,0.200541,0.10027,-0.10027,0.00925086
4699,-0.200541,0.200541,0.10027,-0.10027,0.00925086
4700,-0.200541,0.200541,0.10027,-0.10027,0.00925086
4701,-0.200541,0.200541,0.10027,-0.10027,0.00925086
4702,-0.200541,0.200541,0.10027,-0.10027,0.00925086
4703,-0.200541,0.200541,0.10027,-0.10027,0.00925086
4704,-0.200541,0.200541,0.10027,-0.10027,0.00925086
4705,-0.200541,0.200541,0.10027,-0.10027,0.00925086
4706,-0.200541,0.200541,0.10027,-0.10027,0.00925086
4707,-0.200541,0.200541,0.10027,-0.10027,0.00925086
4708,-0.200541,0.200541,0.10027,-0.10027,0.00925086
4709,-0.200541,0.200541,0.10027,-0.10027,0.00925086
4710,-0.200541,0.200541,0.10027,-0.10027,0.00925086
4711,-0.200541,0.200541,0.10027,-0.10027,0.00925086
4712,-0.200541,0.200541,0.10027,-0.10027,0.00925086
4713,-0.200541,0.200541,0.10027,-0.10027,0.00925086
4714,-0.200541,0.200541,0.10027,-0.10027,0.00925086
4715,-0.200541,0.200541,0.10027,-0.10027,0.00925086
4716,-0.200541,0.200541,0.10027,-0.10027,0.00925086
4717,-0.200541,0.200541,0.10027,-0.10027,0.00925086
4718,-0.200541,0.200541,0.10027,-0.10027,0.00925086
4719,-0.200541,0.200541,0.10027,-0.10027,0.00925086
4720,-0.200541,0.200541,0.10027,-0.10027,0.00925086
4721,-0.200541,0.200541,0.10027,-0.10027,0.00925086
4722,-0.200541,0.200541,0.10027,-0.10027,0.00925086
4723,-0.200541,0.200541,0.10027,-0.10027,0.00925086
4724,-0.200541,0.200541,0.10027,-0.10027,0.00925086
4725,-0.200541,0.200541,0.10027,-0.10027,0.00925086
4726,-0.200541,0.200541,0.10027,-0.10027,0.00925086
4727,-0.200541,0.200541,0.10027,-0.10027,0.00925086
4728,-0.200541,0.200541,0.10027,-0.10027,0.00925086
4729,-0.200541,0.200541,0.10027,-0.10027,0.00925086
4730,-0.200541,0.200541,0.10027,-0.10027,0.00925086
4731,-0.200541,0.200541,0.10027,-0.10027,0.00925086
4732,-0.200541,0.200541,0.10027,-0.10027,0.00925086
4733,-0.200541,0.200541,0.10027,-0.10027,0.00925086
4734,-0.200541,0.200541,0.10027,-0.10027,0.00925086
4735,-0.200541,0.200541,0.10027,-0.10027,0.00925086
4736,-0.200541,0.200541,0.10027,-0.10027,0.00925086
4737,-0.200541,0.200541,0.10027,-0.10027,0.00925086
4738,-0.200541,0.200541,0.10027,-0.10027,0.00925086
4739,-0.200541,0.200541,0.10027,-0.10027,0.00925086
4740,-0.200541,0.200541,0.10027,-0.10027,0.00925086
4741,-0.200541,0.200541,0.10027,-0.10027,0.00925086
4742,-0.200541,0.200541,0.10027,-0.10027,0.00925086
4743,-0.200541,0.200541,0.10027,-0.10027,0.00925086
4744,-0.200541,0.200541,0.10027,-0.10027,0.00925086
4745,-0.200541,0.200541,0.10027,-0.10027,0.00925086
4746,-0.200541,0.200541,0.10027,-0.10027,0.00925086
4747,-0.200541,0.200541,0.10027,-0.10027,0.00925086
4748,-0.200541,0.200541,0.10027,-0.10027,0.00925086
4749,-0.200541,0.200541,0.10027,-0.10027,0.00925086
4750,-0.200541,0.200541,0.10027,-0.10027,0.00925086
4751,-0.200541,0.200541,0.10027,-0.10027,0.00925086
4752,-0.200541,0.200541,0.10027,-0.10027,0.00925086
4753,-0.200541,0.200541,0.10027,-0.10027,0.00925086
4754,-0.200541,0.200541,0.10027,-0.10027,0.00925086
4755,-0.200541,0.200541,0.10027,-0.10027,0.00925086
4756,-0.200541,0.200541,0.10027,-0.10027,0.00925086
4757,-0.200541,0.200541,0.10027,-0.10027,0.00925086
4758,-0.200541,0.200541,0.10027,-0.10027,0.00925086
4759,-0.200541,0.200541,0.10027,-0.10027,0.00925086
4760,-0.200541,0.200541,0.10027,-0.10027,0.00925086
4761,-0.200541,0.200541,0.10027,-0.10027,0.00925086
4762,-0.200541,0.200541,0.10027,-0.10027,0.00925086
4763,-0.200541,0.200541,0.10027,-0.10027,0.00925086
4764,-0.200541,0.200541,0.10027,-0.10027,0.00925086
4765,-0.200541,0.200541,0.10027,-0.10027,0.00925086
4766,-0.200541,0.200541,0.10027,-0.10027,0.00925086
4767,-0.200541,0.200541,0.10027,-0.10027,0.00925086
4768,-0.200541,0.200541,0.10027,-0.10027,0.00925086
4769,-0.200541,0.200541,0.10027,-0.10027,0.00925086
4770,-0.200541,0.200541,0.10027,-0.10027,0.00925086
4771,-0.200541,0.200541,0.10027,-0.10027,0.00925086
4772,-0.200541,0.200541,0.10027,-0.10027,0.00925086
4773,-0.200541,0.200541,0.10027,-0.10027,0.00925086
4774,-0.200541,0.200541,0.10027,-0.10027,0.00925086
4775,-0.200541,0.200541,0.10027,-0.10027,0.00925086
4776,-0.200541,0.200541,0.10027,-0.10027,0.00925086
4777,-0.200541,0.200541,0.10027,-0.10027,0.00925086
4778,-0.200541,0.200541,0.10027,-0.10027,0.00925086
4779,-0.200541,0.200541,0.10027,-0.10027,0.00925086
4780,-0.200541,0.200541,0.10027,-0.10027,0.00925086
4781,-0.200541,0.200541,0.10027,-0.10027,0.00925086
4782,-0.200541,0.200541,0.10027,-0.10027,0.00925086
4783,-0.200541,0.200541,0.10027,-0.10027,0.00925086
4784,-0.200541,0.200541,0.10027,-0.10027,0.00925086
4785,-0.200541,0.200541,0.10027,-0.10027,0.00925086
4786,-0.200541,0.200541,0.10027,-0.10027,0.00925086
4787,-0.200541,0.200541,0.10027,-0.10027,0.00925086
4788,-0.200541,0.200541,0.10027,-0.10027,0.00925086
4789,-0.200541,0.200541,0.10027,-0.10027,0.00925086
4790,-0.200541,0.200541,0.10027,-0.10027,0.00925086
4791,-0.200541,0.200541,0.10027,-0.10027,0.00925086
4792,-0.200541,0.200541,0.10027,-0.10027,0.00925086
4793,-0.200541,0.200541,0.10027,-0.10027,0.00925086
4794,-0.200541,0.200541,0.10027,-0.10027,0.00925086
4795,-0.200541,0.200541,0.10027,-0.10027,0.00925086
4796,-0.200541,0.200541,0.10027,-0.10027,0.00925086
4797,-0.200541,0.200541,0.10027,-0.10027,0.00925086
4798,-0.200541,0.200541,0.10027,-0.10027,0.00925086
4799,-0.200541,0.200541,0.10027,-0.10027,0.00925086
4800,-0.200541,0.200541,0.10027,-0.10027,0.00925086
4801,-0.200541,0.200541,0.10027,-0.10027,0.00925086
4802,-0.200541,0.200541,0.10027,-0.10027,0.00925086
4803,-0.200541,0.200541,0.10027,-0.10027,0.00925086
4804,-0.200541,0.200541,0.10027,-0.10027,0.00925086
4805,-0.200541,0.200541,0.10027,-0.10027,0.00925086
4806,-0.200541,0.200541,0.10027,-0.10027,0.00925086
4807,-0.200541,0.200541,0.10027,-0.10027,0.00925086
4808,-0.200541,0.200541,0.10027,-0.10027,0.00925086
4809,-0.200541,0.200541,0.10027,-0.10027,0.00925086
4810,-0.200541,0.200541,0.10027,-0.10027,0.00925086
4811,-0.200541,0.200541,0.10027,-0.10027,0.00925086
4812,-0.200541,0.200541,0.10027,-0.10027,0.00925086
4813,-0.200541,0.200541,0.10027,-0.10027,0.00925086
4814,-0.200541,0.200541,0.10027,-0.10027,0.00925086
4815,-0.200541,0.200541,0.10027,-0.10027,0.00925086
4816,-0.200541,0.200541,0.10027,-0.10027,0.00925086
4817,-0.200541,0.200541,0.10027,-0.10027,0.00925086
4818,-0.200541,0.200541,0.10027,-0.10027,0.00925086
4819,-0.200541,0.200541,0.10027,-0.10027,0.00925086
4820,-0.200541,0.200541,0.10027,-0.10027,0.00925086
4821,-0.200541,0.200541,0.10027,-0.10027,0.00925086
4822,-0.200541,0.200541,0.10027,-0.10027,0.00925086
4823,-0.200541,0.200541,0.10027,-0.10027,0.00925086
4824,-0.200541,0.200541,0.10027,-0.10027,0.00925086
4825,-0.200541,0.200541,0.10027,-0.10027,0.00925086
4826,-0.200541,0.200541,0.10027,-0.10027,0.00925086
4827,-0.200541,0.200541,0.10027,-0.10027,0.00925086
4828,-0.200541,0.200541,0.10027,-0.10027,0.00925086
4829,-0.200541,0.200541,0.10027,-0.10027,0.00925086
4830,-0.200541,0.200541,0.10027,-0.10027,0.00925086
4831,-0.200541,0.200541,0.10027,-0.10027,0.00925086
4832,-0.200541,0.200541,0.10027,-0.10027,0.00925086
4833,-0.200541,0.200541,0.10027,-0.10027,0.00925086
4834,-0.200541,0.200541,0.10027,-0.10027,0.00925086
4835,-0.200541,0.200541,0.10027,-0.10027,0.00925086
4836,-0.200541,0.200541,0.10027,-0.10027,0.00925086
4837,-0.200541,0.200541,0.10027,-0.10027,0.00925086
4838,-0.200541,0.200541,0.10027,-0.10027,0.00925086
4839,-0.200541,0.200541,0.10027,-0.10027,0.00925086
4840,-0.200541,0.200541,0.10027,-0.10027,0.00925086
4841,-0.200541,0.200541,0.10027,-0.10027,0.00925086
4842,-0.200541,0.200541,0.10027,-0.10027,0.00925086
4843,-0.200541,0.200541,0.10027,-0.10027,0.00925086
4844,-0.200541,0.200541,0.10027,-0.10027,0.00925086
4845,-0.200541,0.200541,0.10027,-0.10027,0.00925086
4846,-0.200541,0.200541,0.10027,-0.10027,0.00925086
4847,-0.200541,0.200541,0.10027,-0.10027,0.00925086
4848,-0.200541,0.200541,0.10027,-0.10027,0.00925086
4849,-0.200541,0.200541,0.10027,-0.10027,0.00925086
4850,-0.200541,0.200541,0.10027,-0.10027,0.00925086
4851,-0.200541,0.200541,0.10027,-0.10027,0.00925086
4852,-0.200541,0.200541,0.10027,-0.10027,0.00925086
4853,-0.200541,0.200541,0.10027,-0.10027,0.00925086
4854,-0.200541,0.200541,0.10027,-0.10027,0.00925086
4855,-0.200541,0.200541,0.10027,-0.10027,0.00925086
4856,-0.200541,0.200541,0.10027,-0.10027,0.00925086
4857,-0.200541,0.200541,0.10027,-0.10027,0.00925086
4858,-0.200541,0.200541,0.10027,-0.10027,0.00925086
4859,-0.200541,0.200541,0.10027,-0.10027,0.00925086
4860,-0.200541,0.200541,0.10027,-0.10027,0.00925086
4861,-0.200541,0.200541,0.10027,-0.10027,0.00925086
4862,-0.200541,0.200541,0.10027,-0.10027,0.00925086
4863,-0.200541,0.200541,0.10027,-0.10027,0.00925086
4864,-0.200541,0.200541,0.10027,-0.10027,0.00925086
4865,-0.200541,0.200541,0.10027,-0.10027,0.00925086
4866,-0.200541,0.200541,0.10027,-0.10027,0.00925086
4867,-0.200541,0.200541,0.10027,-0.10027,0.00925086
4868,-0.200541,0.200541,0.10027,-0.10027,0.00925086
4869,-0.200541,0.200541,0.10027,-0.10027,0.00925086
4870,-0.200541,0.200541,0.10027,-0.10027,0.00925086
4871,-0.200541,0.200541,0.10027,-0.10027,0.00925086
4872,-0.200541,0.200541,0.10027,-0.10027,0.00925086
4873,-0.200541,0.200541,0.10027,-0.10027,0.00925086
4874,-0.200541,0.200541,0.10027,-0.10027,0.00925086
4875,-0.200541,0.200541,0.10027,-0.10027,0.00925086
4876,-0.200541,0.200541,0.10027,-0.10027,0.00925086
4877,-0.200541,0.200541,0.10027,-0.10027,0.00925086
4878,-0.200541,0.200541,0.10027,-0.10027,0.00925086
4879,-0.200541,0.200541,0.10027,-0.10027,0.00925086
4880,-0.200541,0.200541,0.10027,-0.10027,0.00925086
4881,-0.200541,0.200541,0.10027,-0.10027,0.00925086
4882,-0.200541,0.200541,0.10027,-0.10027,0.00925086
4883,-0.200541,0.200541,0.10027,-0.10027,0.00925086
4884,-0.200541,0.200541,0.10027,-0.10027,0.00925086
4885,-0.200541,0.200541,0.10027,-0.10027,0.00925086
4886,-0.200541,0.200541,0.10027,-0.10027,0.00925086
4887,-0.200541,0.200541,0.10027,-0.10027,0.00925086
4888,-0.200541,0.200541,0.10027,-0.10027,0.00925086
4889,-0.200541,0.200541,0.10027,-0.10027,0.00925086
4890,-0.200541,0.200541,0.10027,-0.10027,0.00925086
4891,-0.200541,0.200541,0.10027,-0.10027,0.00925086
4892,-0.200541,0.200541,0.10027,-0.10027,0.00925086
4893,-0.200541,0.200541,0.10027,-0.10027,0.00925086
4894,-0.200541,0.200541,0.10027,-0.10027,0.00925086
4895,-0.200541,0.200541,0.10027,-0.10027,0.00925086
4896,-0.200541,0.200541,0.10027,-0.10027,0.00925086
4897,-0.200541,0.200541,0.10027,-0.10027,0.00925086
4898,-0.200541,0.200541,0.10027,-0.10027,0.00925086
4899,-0.200541,0.200541,0.10027,-0.10027,0.00925086
4900,-0.200541,0.200541,0.10027,-0.10027,0.00925086
4901,-0.200541,0.200541,0.10027,-0.10027,0.00925086
4902,-0.200541,0.200541,0.10027,-0.10027,0.00925086
4903,-0.200541,0.200541,0.10027,-0.10027,0.00925086
4904,-0.200541,0.200541,0.10027,-0.10027,0.00925086
4905,-0.200541,0.200541,0.10027,-0.10027,0.00925086
4906,-0.200541,0.200541,0.10027,-0.10027,0.00925086
4907,-0.200541,0.200541,0.10027,-0.10027,0.00925086
4908,-0.200541,0.200541,0.10027,-0.10027,0.00925086
4909,-0.200541,0.200541,0.10027,-0.10027,0.00925086
4910,-0.200541,0.200541,0.10027,-0.10027,0.00925086
4911,-0.200541,0.200541,0.10027,-0.10027,0.00925086
4912,-0.200541,0.200541,0.10027,-0.10027,0.00925086
4913,-0.200541,0.200541,0.10027,-0.10027,0.00925086
4914,-0.200541,0.200541,0.10027,-0.10027,0.00925086
4915,-0.200541,0.200541,0.10027,-0.10027,0.00925086
4916,-0.200541,0.200541,0.10027,-0.10027,0.00925086
4917,-0.200541,0.200541,0.10027,-0.10027,0.00925086
4918,-0.200541,0.200541,0.10027,-0.10027,0.00925086
4919,-0.200541,0.200541,0.10027,-0.10027,0.00925086
4920,-0.200541,0.200541,0.10027,-0.10027,0.00925086
4921,-0.200541,0.200541,0.10027,-0.10027,0.00925086
4922,-0.200541,0.200541,0.10027,-0.10027,0.00925086
4923,-0.200541,0.200541,0.10027,-0.10027,0.00925086
4924,-0.200541,0.200541,0.10027,-0.10027,0.00925086
4925,-0.200541,0.200541,0.10027,-0.10027,0.00925086
4926,-0.200541,0.200541,0.10027,-0.10027,0.00925086
4927,-0.200541,0.200541,0.10027,-0.10027,0.00925086
4928,-0.200541,0.200541,0.10027,-0.10027,0.00925086
4929,-0.200541,0.200541,0.10027,-0.10027,0.00925086
4930,-0.200541,0.200541,0.10027,-0.10027,0.00925086
4931,-0.200541,0.200541,0.10027,-0.10027,0.00925086
4932,-0.200541,0.200541,0.10027,-0.10027,0.00925086
4933,-0.200541,0.200541,0.10027,-0.10027,0.00925086
4934,-0.200541,0.200541,0.10027,-0.10027,0.00925086
4935,-0.200541,0.200541,0.10027,-0.10027,0.00925086
4936,-0.200541,0.200541,0.10027,-0.10027,0.00925086
4937,-0.200541,0.200541,0.10027,-0.10027,0.00925086
4938,-0.200541,0.200541,0.10027,-0.10027,0.00925086
4939,-0.200541,0.200541,0.10027,-0.10027,0.00925086
4940,-0.200541,0.200541,0.10027,-0.10027,0.00925086
4941,-0.200541,0.200541,0.10027,-0.10027,0.00925086
4942,-0.200541,0.200541,0.10027,-0.10027,0.00925086
4943,-0.200541,0.200541,0.10027,-0.10027,0.00925086
4944,-0.200541,0.200541,0.10027,-0.10027,0.00925086
4945,-0.200541,0.200541,0.10027,-0.10027,0.00925086
4946,-0.200541,0.200541,0.10027,-0.10027,0.00925086
4947,-0.200541,0.200541,0.10027,-0.10027,0.00925086
4948,-0.200541,0.200541,0.10027,-0.10027,0.00925086
4949,-0.200541,0.200541,0.10027,-0.10027,0.00925086
4950,-0.200541,0.200541,0.10027,-0.10027,0.00925086
4951,-0.200541,0.200541,0.10027,-0.10027,0.00925086
4952,-0.200541,0.200541,0.10027,-0.10027,0.00925086
4953,-0.200541,0.200541,0.10027,-0.10027,0.00925086
4954,-0.200541,0.200541,0.10027,-0.10027,0.00925086
4955,-0.200541,0.200541,0.10027,-0.10027,0.00925086
4956,-0.200541,0.200541,0.10027,-0.10027,0.00925086
4957,-0.200541,0.200541,0.10027,-0.10027,0.00925086
4958,-0.200541,0.200541,0.10027,-0.10027,0.00925086
4959,-0.200541,0.200541,0.10027,-0.10027,0.00925086
4960,-0.200541,0.200541,0.10027,-0.10027,0.00925086
4961,-0.200541,0.200541,0.10027,-0.10027,0.00925086
4962,-0.200541,0.200541,0.10027,-0.10027,0.00925086
4963,-0.200541,0.200541,0.10027,-0.10027,0.00925086
4964,-0.200541,0.200541,0.10027,-0.10027,0.00925086
4965,-0.200541,0.200541,0.10027,-0.10027,0.00925086
4966,-0.200541,0.200541,0.10027,-0.10027,0.00925086
4967,-0.200541,0.200541,0.10027,-0.10027,0.00925086
4968,-0.200541,0.200541,0.10027,-0.10027,0.00925086
4969,-0.200541,0.200541,0.10027,-0.10027,0.00925086
4970,-0.200541,0.200541,0.10027,-0.10027,0.00925086
4971,-0.200541,0.200541,0.10027,-0.10027,0.00925086
4972,-0.200541,0.200541,0.10027,-0.10027,0.00925086
4973,-0.200541,0.200541,0.10027,-0.10027,0.00925086
4974,-0.200541,0.200541,0.10027,-0.10027,0.00925086
4975,-0.200541,0.200541,0.10027,-0.10027,0.00925086
4976,-0.200541,0.200541,0.10027,-0.10027,0.00925086
4977,-0.200541,0.200541,0.10027,-0.10027,0.00925086
4978,-0.200541,0.200541,0.10027,-0.10027,0.00925086
4979,-0.200541,0.200541,0.10027,-0.10027,0.00925086
4980,-0.200541,0.200541,0.10027,-0.10027,0.00925086
4981,-0.200541,0.200541,0.10027,-0.10027,0.00925086
4982,-0.200541,0.200541,0.10027,-0.10027,0.00925086
4983,-0.200541,0.200541,0.10027,-0.10027,0.00925086
4984,-0.200541,0.200541,0.10027,-0.10027,0.00925086
4985,-0.200541,0.200541,0.10027,-0.10027,0.00925086
4986,-0.200541,0.200541,0.10027,-0.10027,0.00925086
4987,-0.200541,0.200541,0.10027,-0.10027,0.00925086
4988,-0.200541,0.200541,0.10027,-0.10027,0.00925086
4989,-0.200541,0.200541,0.10027,-0.10027,0.00925086
4990,-0.200541,0.200541,0.10027,-0.10027,0.00925086
4991,-0.200541,0.200541,0.10027,-0.10027,0.00925086
4992,-0.200541,0.200541,0.10027,-0.10027,0.00925086
4993,-0.200541,0.200541,0.10027,-0.10027,0.00925086
4994,-0.200541,0.200541,0.10027,-0.10027,0.00925086
4995,-0.200541,0.200541,0.10027,-0.10027,0.00925086
4996,-0.200541,0.200541,0.10027,-0.10027,0.00925086
4997,-0.200541,0.200541,0.10027,-0.10027,0.00925086
4998,-0.200541,0.200541,0.10027,-0.10027,0.00925086
4999,-0.200541,0.200541,0.10027,-0.10027,0.00925086
5000,-0.200541,0.200541,0.10027,-0.10027,0.00925086
5001,-0.200541,0.200541,0.10027,-0.10027,0.00925086
5002,-0.200541,0.200541,0.10027,-0.10027,0.00925086
5003,-0.200541,0.200541,0.10027,-0.10027,0.00925086
5004,-0.200541,0.200541,0.10027,-0.10027,0.00925086
5005,-0.200541,0.200541,0.10027,-0.10027,0.00925086
5006,-0.200541,0.200541,0.10027,-0.10027,0.00925086
5007,-0.200541,0.200541,0.10027,-0.10027,0.00925086
5008,-0.200541,0.200541,0.10027,-0.10027,0.00925086
5009,-0.200541,0.200541,0.10027,-0.10027,0.00925086
5010,-0.200541,0.200541,0.10027,-0.10027,0.00925086
5011,-0.200541,0.200541,0.10027,-0.10027,0.00925086
5012,-0.200541,0.200541,0.10027,-0.10027,0.00925086
5013,-0.200541,0.200541,0.10027,-0.10027,0.00925086
5014,-0.200541,0.200541,0.10027,-0.10027,0.00925086
5015,-0.200541,0.200541,0.10027,-0.10027,0.00925086
5016,-0.200541,0.200541,0.10027,-0.10027,0.00925086
5017,-0.200541,0.200541,0.10027,-0.10027,0.00925086
5018,-0.200541,0.200541,0.10027,-0.10027,0.00925086
5019,-0.200541,0.200541,0.10027,-0.10027,0.00925086
5020,-0.200541,0.200541,0.10027,-0.10027,0.00925086
5021,-0.200541,0.200541,0.10027,-0.10027,0.00925086
5022,-0.200541,0.200541,0.10027,-0.10027,0.00925086
5023,-0.200541,0.200541,0.10027,-0.10027,0.00925086
5024,-0.200541,0.200541,0.10027,-0.10027,0.00925086
5025,-0.200541,0.200541,0.10027,-0.10027,0.00925086
5026,-0.200541,0.200541,0.10027,-0.10027,0.00925086
5027,-0.200541,0.200541,0.10027,-0.10027,0.00925086
5028,-0.200541,0.200541,0.10027,-0.10027,0.00925086
5029,-0.200541,0.200541,0.10027,-0.10027,0.00925086
5030,-0.200541,0.200541,0.10027,-0.10027,0.00925086
5031,-0.200541,0.200541,0.10027,-0.10027,0.00925086
5032,-0.200541,0.200541,0.10027,-0.10027,0.00925086
5033,-0.200541,0.200541,0.10027,-0.10027,0.00925086
5034,-0.200541,0.200541,0.10027,-0.10027,0.00925086
5035,-0.200541,0.200541,0.10027,-0.10027,0.00925086
5036,-0.200541,0.200541,0.10027,-0.10027,0.00925086
5037,-0.200541,0.200541,0.10027,-0.10027,0.00925086
5038,-0.200541,0.200541,0.10027,-0.10027,0.00925086
5039,-0.200541,0.200541,0.10027,-0.10027,0.00925086
5040,-0.200541,0.200541,0.10027,-0.10027,0.00925086
5041,-0.200541,0.200541,0.10027,-0.10027,0.00925086
5042,-0.200541,0.200541,0.10027,-0.10027,0.00925086
5043,-0.200541,0.200541,0.10027,-0.10027,0.00925086
5044,-0.200541,0.200541,0.10027,-0.10027,0.00925086
5045,-0.200541,0.200541,0.10027,-0.10027,0.00925086
5046,-0.200541,0.200541,0.10027,-0.10027,0.00925086
5047,-0.200541,0.200541,0.10027,-0.10027,0.00925086
5048,-0.200541,0.200541,0.10027,-0.10027,0.00925086
5049,-0.200541,0.200541,0.10027,-0.10027,0.00925086
5050,-0.200541,0.200541,0.10027,-0.10027,0.00925086
5051,-0.200541,0.200541,0.10027,-0.10027,0.00925086
5052,-0.200541,0.200541,0.10027,-0.10027,0.00925086
5053,-0.200541,0.200541,0.10027,-0.10027,0.00925086
5054,-0.200541,0.200541,0.10027,-0.10027,0.00925086
5055,-0.200541,0.200541,0.10027,-0.10027,0.00925086
5056,-0.200541,0.200541,0.10027,-0.10027,0.00925086
5057,-0.200541,0.200541,0.10027,-0.10027,0.00925086
5058,-0.200541,0.200541,0.10027,-0.10027,0.00925086
5059,-0.200541,0.200541,0.10027,-0.10027,0.00925086
5060,-0.200541,0.200541,0.10027,-0.10027,0.00925086
5061,-0.200541,0.200541,0.10027,-0.10027,0.00925086
5062,-0.200541,0.200541,0.10027,-0.10027,0.00925086
5063,-0.200541,0.200541,0.10027,-0.10027,0.00925086
5064,-0.200541,0.200541,0.10027,-0.10027,0.00925086
5065,-0.200541,0.200541,0.10027,-0.10027,0.00925086
5066,-0.200541,0.200541,0.10027,-0.10027,0.00925086
5067,-0.200541,0.200541,0.10027,-0.10027,0.00925086
5068,-0.200541,0.200541,0.10027,-0.10027,0.00925086
5069,-0.200541,0.200541,0.10027,-0.10027,0.00925086
5070,-0.200541,0.200541,0.10027,-0.10027,0.00925086
5071,-0.200541,0.200541,0.10027,-0.10027,0.00925086
5072,-0.200541,0.200541,0.10027,-0.10027,0.00925086
5073,-0.200541,0.200541,0.10027,-0.10027,0.00925086
5074,-0.200541,0.200541,0.10027,-0.10027,0.00925086
5075,-0.200541,0.200541,0.10027,-0.10027,0.00925086
5076,-0.200541,0.200541,0.10027,-0.10027,0.00925086
5077,-0.200541,0.200541,0.10027,-0.10027,0.00925086
5078,-0.200541,0.200541,0.10027,-0.10027,0.00925086
5079,-0.200541,0.200541,0.10027,-0.10027,0.00925086
5080,-0.200541,0.200541,0.10027,-0.10027,0.00925086
5081,-0.200541,0.200541,0.10027,-0.10027,0.00925086
5082,-0.200541,0.200541,0.10027,-0.10027,0.00925086
5083,-0.200541,0.200541,0.10027,-0.10027,0.00925086
5084,-0.200541,0.200541,0.10027,-0.10027,0.00925086
5085,-0.200541,0.200541,0.10027,-0.10027,0.00925086
5086,-0.200541,0.200541,0.10027,-0.10027,0.00925086
5087,-0.200541,0.200541,0.10027,-0.10027,0.00925086
5088,-0.200541,0.200541,0.10027,-0.10027,0.00925086
5089,-0.200541,0.200541,0.10027,-0.10027,0.00925086
5090,-0.200541,0.200541,0.10027,-0.10027,0.00925086
5091,-0.200541,0.200541,0.10027,-0.10027,0.00925086
5092,-0.200541,0.200541,0.10027,-0.10027,0.00925086
5093,-0.200541,0.200541,0.10027,-0.10027,0.00925086
5094,-0.200541,0.200541,0.10027,-0.10027,0.00925086
5095,-0.200541,0.200541,0.10027,-0.10027,0.00925086
5096,-0.200541,0.200541,0.10027,-0.10027,0.00925086
5097,-0.200541,0.200541,0.10027,-0.10027,0.00925086
5098,-0.200541,0.200541,0.10027,-0.10027,0.00925086
5099,-0.200541,0.200541,0.10027,-0.10027,0.00925086
5100,-0.200541,0.200541,0.10027,-0.10027,0.00925086
5101,-0.200541,0.200541,0.10027,-0.10027,0.00925086
5102,-0.200541,0.200541,0.10027,-0.10027,0.00925086
5103,-0.200541,0.200541,0.10027,-0.10027,0.00925086
5104,-0.200541,0.200541,0.10027,-0.10027,0.00925086
5105,-0.200541,0.200541,0.10027,-0.10027,0.00925086
5106,-0.200541,0.200541,0.10027,-0.10027,0.00925086
5107,-0.200541,0.200541,0.10027,-0.10027,0.00925086
5108,-0.200541,0.200541,0.10027,-0.10027,0.00925086
5109,-0.200541,0.200541,0.10027,-0.10027,0.00925086
5110,-0.200541,0.200541,0.10027,-0.10027,0.00925086
5111,-0.200541,0.200541,0.10027,-0.10027,0.00925086
5112,-0.200541,0.200541,0.10027,-0.10027,0.00925086
5113,-0.200541,0.200541,0.10027,-0.10027,0.00925086
5114,-0.200541,0.200541,0.10027,-0.10027,0.00925086
5115,-0.200541,0.200541,0.10027,-0.10027,0.00925086
5116,-0.200541,0.200541,0.10027,-0.10027,0.00925086
5117,-0.200541,0.200541,0.10027,-0.10027,0.00925086
5118,-0.200541,0.200541,0.10027,-0.10027,0.00925086
5119,-0.200541,0.200541,0.10027,-0.10027,0.00925086
5120,-0.200541,0.200541,0.10027,-0.10027,0.00925086
5121,-0.200541,0.200541,0.10027,-0.10027,0.00925086
5122,-0.200541,0.200541,0.10027,-0.10027,0.00925086
5123,-0.200541,0.200541,0.10027,-0.10027,0.00925086
5124,-0.200541,0.200541,0.10027,-0.10027,0.00925086
5125,-0.200541,0.200541,0.10027,-0.10027,0.00925086
5126,-0.200541,0.200541,0.10027,-0.10027,0.00925086
5127,-0.200541,0.200541,0.10027,-0.10027,0.00925086
5128,-0.200541,0.200541,0.10027,-0.10027,0.00925086
5129,-0.200541,0.200541,0.10027,-0.10027,0.00925086
5130,-0.200541,0.200541,0.10027,-0.10027,0.00925086
5131,-0.200541,0.200541,0.10027,-0.10027,0.00925086
5132,-0.200541,0.200541,0.10027,-0.10027,0.00925086
5133,-0.200541,0.200541,0.10027,-0.10027,0.00925086
5134,-0.200541,0.200541,0.10027,-0.10027,0.00925086
5135,-0.200541,0.200541,0.10027,-0.10027,0.00925086
5136,-0.200541,0.200541,0.10027,-0.10027,0.00925086
5137,-0.200541,0.200541,0.10027,-0.10027,0.00925086
5138,-0.200541,0.200541,0.10027,-0.10027,0.00925086
5139,-0.200541,0.200541,0.10027,-0.10027,0.00925086
5140,-0.200541,0.200541,0.10027,-0.10027,0.00925086
5141,-0.200541,0.200541,0.10027,-0.10027,0.00925086
5142,-0.200541,0.200541,0.10027,-0.10027,0.00925086
5143,-0.200541,0.200541,0.10027,-0.10027,0.00925086
5144,-0.200541,0.200541,0.10027,-0.10027,0.00925086
5145,-0.200541,0.200541,0.10027,-0.10027,0.00925086
5146,-0.200541,0.200541,0.10027,-0.10027,0.00925086
5147,-0.200541,0.200541,0.10027,-0.10027,0.00925086
5148,-0.200541,0.200541,0.10027,-0.10027,0.00925086
5149,-0.200541,0.200541,0.10027,-0.10027,0.00925086
5150,-0.200541,0.200541,0.10027,-0.10027,0.00925086
5151,-0.200541,0.200541,0.10027,-0.10027,0.00925086
5152,-0.200541,0.200541,0.10027,-0.10027,0.00925086
5153,-0.200541,0.200541,0.10027,-0.10027,0.00925086
5154,-0.200541,0.200541,0.10027,-0.10027,0.00925086
5155,-0.200541,0.200541,0.10027,-0.10027,0.00925086
5156,-0.200541,0.200541,0.10027,-0.10027,0.00925086
5157,-0.200541,0.200541,0.10027,-0.10027,0.00925086
5158,-0.200541,0.200541,0.10027,-0.10027,0.00925086
5159,-0.200541,0.200541,0.10027,-0.10027,0.00925086
5160,-0.200541,0.200541,0.10027,-0.10027,0.00925086
5161,-0.200541,0.200541,0.10027,-0.10027,0.00925086
5162,-0.200541,0.200541,0.10027,-0.10027,0.00925086
5163,-0.200541,0.200541,0.10027,-0.10027,0.00925086
5164,-0.200541,0.200541,0.10027,-0.10027,0.00925086
5165,-0.200541,0.200541,0.10027,-0.10027,0.00925086
5166,-0.200541,0.200541,0.10027,-0.10027,0.00925086
5167,-0.200541,0.200541,0.10027,-0.10027,0.00925086
5168,-0.200541,0.200541,0.10027,-0.10027,0.00925086
5169,-0.200541,0.200541,0.10027,-0.10027,0.00925086
5170,-0.200541,0.200541,0.10027,-0.10027,0.00925086
5171,-0.200541,0.200541,0.10027,-0.10027,0.00925086
5172,-0.200541,0.200541,0.10027,-0.10027,0.00925086
5173,-0.200541,0.200541,0.10027,-0.10027,0.00925086
5174,-0.200541,0.200541,0.10027,-0.10027,0.00925086
5175,-0.200541,0.200541,0.10027,-0.10027,0.00925086
5176,-0.200541,0.200541,0.10027,-0.10027,0.00925086
5177,-0.200541,0.200541,0.10027,-0.10027,0.00925086
5178,-0.200541,0.200541,0.10027,-0.10027,0.00925086
5179,-0.200541,0.200541,0.10027,-0.10027,0.00925086
5180,-0.200541,0.200541,0.10027,-0.10027,0.00925086
5181,-0.200541,0.200541,0.10027,-0.10027,0.00925086
5182,-0.200541,0.200541,0.10027,-0.10027,0.00925086
5183,-0.200541,0.200541,0.10027,-0.10027,0.00925086
5184,-0.200541,0.200541,0.10027,-0.10027,0.00925086
5185,-0.200541,0.200541,0.10027,-0.10027,0.00925086
5186,-0.200541,0.200541,0.10027,-0.10027,0.00925086
5187,-0.200541,0.200541,0.10027,-0.10027,0.00925086
5188,-0.200541,0.200541,0.10027,-0.10027,0.00925086
5189,-0.200541,0.200541,0.10027,-0.10027,0.00925086
5190,-0.200541,0.200541,0.10027,-0.10027,0.00925086
5191,-0.200541,0.200541,0.10027,-0.10027,0.00925086
5192,-0.200541,0.200541,0.10027,-0.10027,0.00925086
5193,-0.200541,0.200541,0.10027,-0.10027,0.00925086
5194,-0.200541,0.200541,0.10027,-0.10027,0.00925086
5195,-0.200541,0.200541,0.10027,-0.10027,0.00925086
5196,-0.200541,0.200541,0.10027,-0.10027,0.00925086
5197,-0.200541,0.200541,0.10027,-0.10027,0.00925086
5198,-0.200541,0.200541,0.10027,-0.10027,0.00925086
5199,-0.200541,0.200541,0.10027,-0.10027,0.00925086
5200,-0.200541,0.200541,0.10027,-0.10027,0.00925086
5201,-0.200541,0.200541,0.10027,-0.10027,0.00925086
5202,-0.200541,0.200541,0.10027,-0.10027,0.00925086
5203,-0.200541,0.200541,0.10027,-0.10027,0.00925086
5204,-0.200541,0.200541,0.10027,-0.10027,0.00925086
5205,-0.200541,0.200541,0.10027,-0.10027,0.00925086
5206,-0.200541,0.200541,0.10027,-0.10027,0.00925086
5207,-0.200541,0.200541,0.10027,-0.10027,0.00925086
5208,-0.200541,0.200541,0.10027,-0.10027,0.00925086
5209,-0.200541,0.200541,0.10027,-0.10027,0.00925086
5210,-0.200541,0.200541,0.10027,-0.10027,0.00925086
5211,-0.200541,0.200541,0.10027,-0.10027,0.00925086
5212,-0.200541,0.200541,0.10027,-0.10027,0.00925086
5213,-0.200541,0.200541,0.10027,-0.10027,0.00925086
5214,-0.200541,0.200541,0.10027,-0.10027,0.00925086
5215,-0.200541,0.200541,0.10027,-0.10027,0.00925086
5216,-0.200541,0.200541,0.10027,-0.10027,0.00925086
5217,-0.200541,0.200541,0.10027,-0.10027,0.00925086
5218,-0.200541,0.200541,0.10027,-0.10027,0.00925086
5219,-0.200541,0.200541,0.10027,-0.10027,0.00925086
5220,-0.200541,0.200541,0.10027,-0.10027,0.00925086
5221,-0.200541,0.200541,0.10027,-0.10027,0.00925086
5222,-0.200541,0.200541,0.10027,-0.10027,0.00925086
5223,-0.200541,0.200541,0.10027,-0.10027,0.00925086
5224,-0.200541,0.200541,0.10027,-0.10027,0.00925086
5225,-0.200541,0.200541,0.10027,-0.10027,0.00925086
5226,-0.200541,0.200541,0.10027,-0.10027,0.00925086
5227,-0.200541,0.200541,0.10027,-0.10027,0.00925086
5228,-0.200541,0.200541,0.10027,-0.10027,0.00925086
5229,-0.200541,0.200541,0.10027,-0.10027,0.00925086
5230,-0.200541,0.200541,0.10027,-0.10027,0.00925086
5231,-0.200541,0.200541,0.10027,-0.10027,0.00925086
5232,-0.200541,0.200541,0.10027,-0.10027,0.00925086
5233,-0.200541,0.200541,0.10027,-0.10027,0.00925086
5234,-0.200541,0.200541,0.10027,-0.10027,0.00925086
5235,-0.200541,0.200541,0.10027,-0.10027,0.00925086
5236,-0.200541,0.200541,0.10027,-0.10027,0.00925086
5237,-0.200541,0.200541,0.10027,-0.10027,0.00925086
5238,-0.200541,0.200541,0.10027,-0.10027,0.00925086
5239,-0.200541,0.200541,0.10027,-0.10027,0.00925086
5240,-0.200541,0.200541,0.10027,-0.10027,0.00925086
5241,-0.200541,0.200541,0.10027,-0.10027,0.00925086
5242,-0.200541,0.200541,0.10027,-0.10027,0.00925086
5243,-0.200541,0.200541,0.10027,-0.10027,0.00925086
5244,-0.200541,0.200541,0.10027,-0.10027,0.00925086
5245,-0.200541,0.200541,0.10027,-0.10027,0.00925086
5246,-0.200541,0.200541,0.10027,-0.10027,0.00925086
5247,-0.200541,0.200541,0.10027,-0.10027,0.00925086
5248,-0.200541,0.200541,0.10027,-0.10027,0.00925086
5249,-0.200541,0.200541,0.10027,-0.10027,0.00925086
5250,-0.200541,0.200541,0.10027,-0.10027,0.00925086
5251,-0.200541,0.200541,0.10027,-0.10027,0.00925086
5252,-0.200541,0.200541,0.10027,-0.10027,0.00925086
5253,-0.200541,0.200541,0.10027,-0.10027,0.00925086
5254,-0.200541,0.200541,0.10027,-0.10027,0.00925086
5255,-0.200541,0.200541,0.10027,-0.10027,0.00925086
5256,-0.200541,0.200541,0.10027,-0.10027,0.00925086
5257,-0.200541,0.200541,0.10027,-0.10027,0.00925086
5258,-0.200541,0.200541,0.10027,-0.10027,0.00925086
5259,-0.200541,0.200541,0.10027,-0.10027,0.00925086
5260,-0.200541,0.200541,0.10027,-0.10027,0.00925086
5261,-0.200541,0.200541,0.10027,-0.10027,0.00925086
5262,-0.200541,0.200541,0.10027,-0.10027,0.00925086
5263,-0.200541,0.200541,0.10027,-0.10027,0.00925086
5264,-0.200541,0.200541,0.10027,-0.10027,0.00925086
5265,-0.200541,0.200541,0.10027,-0.10027,0.00925086
5266,-0.200541,0.200541,0.10027,-0.10027,0.00925086
5267,-0.200541,0.200541,0.10027,-0.10027,0.00925086
5268,-0.200541,0.200541,0.10027,-0.10027,0.00925086
5269,-0.200541,0.200541,0.10027,-0.10027,0.00925086
5270,-0.200541,0.200541,0.10027,-0.10027,0.00925086
5271,-0.200541,0.200541,0.10027,-0.10027,0.00925086
5272,-0.200541,0.200541,0.10027,-0.10027,0.00925086
5273,-0.200541,0.200541,0.10027,-0.10027,0.00925086
5274,-0.200541,0.200541,0.10027,-0.10027,0.00925086
5275,-0.200541,0.200541,0.10027,-0.10027,0.00925086
5276,-0.200541,0.200541,0.10027,-0.10027,0.00925086
5277,-0.200541,0.200541,0.10027,-0.10027,0.00925086
5278,-0.200541,0.200541,0.10027,-0.10027,0.00925086
5279,-0.200541,0.200541,0.10027,-0.10027,0.00925086
5280,-0.200541,0.200541,0.10027,-0.10027,0.00925086
5281,-0.200541,0.200541,0.10027,-0.10027,0.00925086
5282,-0.200541,0.200541,0.10027,-0.10027,0.00925086
5283,-0.200541,0.200541,0.10027,-0.10027,0.00925086
5284,-0.200541,0.200541,0.10027,-0.10027,0.00925086
5285,-0.200541,0.200541,0.10027,-0.10027,0.00925086
5286,-0.200541,0.200541,0.10027,-0.10027,0.00925086
5287,-0.200541,0.200541,0.10027,-0.10027,0.00925086
5288,-0.200541,0.200541,0.10027,-0.10027,0.00925086
5289,-0.200541,0.200541,0.10027,-0.10027,0.00925086
5290,-0.200541,0.200541,0.10027,-0.10027,0.00925086
5291,-0.200541,0.200541,0.10027,-0.10027,0.00925086
5292,-0.200541,0.200541,0.10027,-0.10027,0.00925086
5293,-0.200541,0.200541,0.10027,-0.10027,0.00925086
5294,-0.200541,0.200541,0.10027,-0.10027,0.00925086
5295,-0.200541,0.200541,0.10027,-0.10027,0.00925086
5296,-0.200541,0.200541,0.10027,-0.10027,0.00925086
5297,-0.200541,0.200541,0.10027,-0.10027,0.00925086
5298,-0.200541,0.200541,0.10027,-0.10027,0.00925086
5299,-0.200541,0.200541,0.10027,-0.10027,0.00925086
5300,-0.200541,0.200541,0.10027,-0.10027,0.00925086
5301,-0.200541,0.200541,0.10027,-0.10027,0.00925086
5302,-0.200541,0.200541,0.10027,-0.10027,0.00925086
5303,-0.200541,0.200541,0.10027,-0.10027,0.00925086
5304,-0.200541,0.200541,0.10027,-0.10027,0.00925086
5305,-0.200541,0.200541,0.10027,-0.10027,0.00925086
5306,-0.200541,0.200541,0.10027,-0.10027,0.00925086
5307,-0.200541,0.200541,0.10027,-0.10027,0.00925086
5308,-0.200541,0.200541,0.10027,-0.10027,0.00925086
5309,-0.200541,0.200541,0.10027,-0.10027,0.00925086
5310,-0.200541,0.200541,0.10027,-0.10027,0.00925086
5311,-0.200541,0.200541,0.10027,-0.10027,0.00925086
5312,-0.200541,0.200541,0.10027,-0.10027,0.00925086
5313,-0.200541,0.200541,0.10027,-0.10027,0.00925086
5314,-0.200541,0.200541,0.10027,-0.10027,0.00925086
5315,-0.200541,0.200541,0.10027,-0.10027,0.00925086
5316,-0.200541,0.200541,0.10027,-0.10027,0.00925086
5317,-0.200541,0.200541,0.10027,-0.10027,0.00925086
5318,-0.200541,0.200541,0.10027,-0.10027,0.00925086
5319,-0.200541,0.200541,0.10027,-0.10027,0.00925086
5320,-0.200541,0.200541,0.10027,-0.10027,0.00925086
5321,-0.200541,0.200541,0.10027,-0.10027,0.00925086
5322,-0.200541,0.200541,0.10027,-0.10027,0.00925086
5323,-0.200541,0.200541,0.10027,-0.10027,0.00925086
5324,-0.200541,0.200541,0.10027,-0.10027,0.00925086
5325,-0.200541,0.200541,0.10027,-0.10027,0.00925086
5326,-0.200541,0.200541,0.10027,-0.10027,0.00925086
5327,-0.200541,0.200541,0.10027,-0.10027,0.00925086
5328,-0.200541,0.200541,0.10027,-0.10027,0.00925086
5329,-0.200541,0.200541,0.10027,-0.10027,0.00925086
5330,-0.200541,0.200541,0.10027,-0.10027,0.00925086
5331,-0.200541,0.200541,0.10027,-0.10027,0.00925086
5332,-0.200541,0.200541,0.10027,-0.10027,0.00925086
5333,-0.200541,0.200541,0.10027,-0.10027,0.00925086
5334,-0.200541,0.200541,0.10027,-0.10027,0.00925086
5335,-0.200541,0.200541,0.10027,-0.10027,0.00925086
5336,-0.200541,0.200541,0.10027,-0.10027,0.00925086
5337,-0.200541,0.200541,0.10027,-0.10027,0.00925086
5338,-0.200541,0.200541,0.10027,-0.10027,0.00925086
5339,-0.200541,0.200541,0.10027,-0.10027,0.00925086
5340,-0.200541,0.200541,0.10027,-0.10027,0.00925086
5341,-0.200541,0.200541,0.10027,-0.10027,0.00925086
5342,-0.200541,0.200541,0.10027,-0.10027,0.00925086
5343,-0.200541,0.200541,0.10027,-0.10027,0.00925086
5344,-0.200541,0.200541,0.10027,-0.10027,0.00925086
5345,-0.200541,0.200541,0.10027,-0.10027,0.00925086
5346,-0.200541,0.200541,0.10027,-0.10027,0.00925086
5347,-0.200541,0.200541,0.10027,-0.10027,0.00925086
5348,-0.200541,0.200541,0.10027,-0.10027,0.00925086
5349,-0.200541,0.200541,0.10027,-0.10027,0.00925086
5350,-0.200541,0.200541,0.10027,-0.10027,0.00925086
5351,-0.200541,0.200541,0.10027,-0.10027,0.00925086
5352,-0.200541,0.200541,0.10027,-0.10027,0.00925086
5353,-0.200541,0.200541,0.10027,-0.10027,0.00925086
5354,-0.200541,0.200541,0.10027,-0.10027,0.00925086
5355,-0.200541,0.200541,0.10027,-0.10027,0.00925086
5356,-0.200541,0.200541,0.10027,-0.10027,0.00925086
5357,-0.200541,0.200541,0.10027,-0.10027,0.00925086
5358,-0.200541,0.200541,0.10027,-0.10027,0.00925086
5359,-0.200541,0.200541,0.10027,-0.10027,0.00925086
5360,-0.200541,0.200541,0.10027,-0.10027,0.00925086
5361,-0.200541,0.200541,0.10027,-0.10027,0.00925086
5362,-0.200541,0.200541,0.10027,-0.10027,0.00925086
5363,-0.200541,0.200541,0.10027,-0.10027,0.00925086
5364,-0.200541,0.200541,0.10027,-0.10027,0.00925086
5365,-0.200541,0.200541,0.10027,-0.10027,0.00925086
5366,-0.200541,0.200541,0.10027,-0.10027,0.00925086
5367,-0.200541,0.200541,0.10027,-0.10027,0.00925086
5368,-0.200541,0.200541,0.10027,-0.10027,0.00925086
5369,-0.200541,0.200541,0.10027,-0.10027,0.00925086
5370,-0.200541,0.200541,0.10027,-0.10027,0.00925086
5371,-0.200541,0.200541,0.10027,-0.10027,0.00925086
5372,-0.200541,0.200541,0.10027,-0.10027,0.00925086
5373,-0.200541,0.200541,0.10027,-0.10027,0.00925086
5374,-0.200541,0.200541,0.10027,-0.10027,0.00925086
5375,-0.200541,0.200541,0.10027,-0.10027,0.00925086
5376,-0.200541,0.200541,0.10027,-0.10027,0.00925086
5377,-0.200541,0.200541,0.10027,-0.10027,0.00925086
5378,-0.200541,0.200541,0.10027,-0.10027,0.00925086
5379,-0.200541,0.200541,0.10027,-0.10027,0.00925086
5380,-0.200541,0.200541,0.10027,-0.10027,0.00925086
5381,-0.200541,0.200541,0.10027,-0.10027,0.00925086
5382,-0.200541,0.200541,0.10027,-0.10027,0.00925086
5383,-0.200541,0.200541,0.10027,-0.10027,0.00925086
5384,-0.200541,0.200541,0.10027,-0.10027,0.00925086
5385,-0.200541,0.200541,0.10027,-0.10027,0.00925086
5386,-0.200541,0.200541,0.10027,-0.10027,0.00925086
5387,-0.200541,0.200541,0.10027,-0.10027,0.00925086
5388,-0.200541,0.200541,0.10027,-0.10027,0.00925086
5389,-0.200541,0.200541,0.10027,-0.10027,0.00925086
5390,-0.200541,0.200541,0.10027,-0.10027,0.00925086
5391,-0.200541,0.200541,0.10027,-0.10027,0.00925086
5392,-0.200541,0.200541,0.10027,-0.10027,0.00925086
5393,-0.200541,0.200541,0.10027,-0.10027,0.00925086
5394,-0.200541,0.200541,0.10027,-0.10027,0.00925086
5395,-0.200541,0.200541,0.10027,-0.10027,0.00925086
5396,-0.200541,0.200541,0.10027,-0.10027,0.00925086
5397,-0.200541,0.200541,0.10027,-0.10027,0.00925086
5398,-0.200541,0.200541,0.10027,-0.10027,0.00925086
5399,-0.200541,0.200541,0.10027,-0.10027,0.00925086
5400,-0.200541,0.200541,0.10027,-0.10027,0.00925086
5401,-0.200541,0.200541,0.10027,-0.10027,0.00925086
5402,-0.200541,0.200541,0.10027,-0.10027,0.00925086
5403,-0.200541,0.200541,0.10027,-0.10027,0.00925086
5404,-0.200541,0.200541,0.10027,-0.10027,0.00925086
5405,-0.200541,0.200541,0.10027,-0.10027,0.00925086
5406,-0.200541,0.200541,0.10027,-0.10027,0.00925086
5407,-0.200541,0.200541,0.10027,-0.10027,0.00925086
5408,-0.200541,0.200541,0.10027,-0.10027,0.00925086
5409,-0.200541,0.200541,0.10027,-0.10027,0.00925086
5410,-0.200541,0.200541,0.10027,-0.10027,0.00925086
5411,-0.200541,0.200541,0.10027,-0.10027,0.00925086
5412,-0.200541,0.200541,0.10027,-0.10027,0.00925086
5413,-0.200541,0.200541,0.10027,-0.10027,0.00925086
5414,-0.200541,0.200541,0.10027,-0.10027,0.00925086
5415,-0.200541,0.200541,0.10027,-0.10027,0.00925086
5416,-0.200541,0.200541,0.10027,-0.10027,0.00925086
5417,-0.200541,0.200541,0.10027,-0.10027,0.00925086
5418,-0.200541,0.200541,0.10027,-0.10027,0.00925086
5419,-0.200541,0.200541,0.10027,-0.10027,0.00925086
5420,-0.200541,0.200541,0.10027,-0.10027,0.00925086
5421,-0.200541,0.200541,0.10027,-0.10027,0.00925086
5422,-0.200541,0.200541,0.10027,-0.10027,0.00925086
5423,-0.200541,0.200541,0.10027,-0.10027,0.00925086
5424,-0.200541,0.200541,0.10027,-0.10027,0.00925086
5425,-0.200541,0.200541,0.10027,-0.10027,0.00925086
5426,-0.200541,0.200541,0.10027,-0.10027,0.00925086
5427,-0.200541,0.200541,0.10027,-0.10027,0.00925086
5428,-0.200541,0.200541,0.10027,-0.10027,0.00925086
5429,-0.200541,0.200541,0.10027,-0.10027,0.00925086
5430,-0.200541,0.200541,0.10027,-0.10027,0.00925086
5431,-0.200541,0.200541,0.10027,-0.10027,0.00925086
5432,-0.200541,0.200541,0.10027,-0.10027,0.00925086
5433,-0.200541,0.200541,0.10027,-0.10027,0.00925086
5434,-0.200541,0.200541,0.10027,-0.10027,0.00925086
5435,-0.200541,0.200541,0.10027,-0.10027,0.00925086
5436,-0.200541,0.200541,0.10027,-0.10027,0.00925086
5437,-0.200541,0.200541,0.10027,-0.10027,0.00925086
5438,-0.200541,0.200541,0.10027,-0.10027,0.00925086
5439,-0.200541,0.200541,0.10027,-0.10027,0.00925086
5440,-0.200541,0.200541,0.10027,-0.10027,0.00925086
5441,-0.200541,0.200541,0.10027,-0.10027,0.00925086
5442,-0.200541,0.200541,0.10027,-0.10027,0.00925086
5443,-0.200541,0.200541,0.10027,-0.10027,0.00925086
5444,-0.200541,0.200541,0.10027,-0.10027,0.00925086
5445,-0.200541,0.200541,0.10027,-0.10027,0.00925086
5446,-0.200541,0.200541,0.10027,-0.10027,0.00925086
5447,-0.200541,0.200541,0.10027,-0.10027,0.00925086
5448,-0.200541,0.200541,0.10027,-0.10027,0.00925086
5449,-0.200541,0.200541,0.10027,-0.10027,0.00925086
5450,-0.200541,0.200541,0.10027,-0.10027,0.00925086
5451,-0.200541,0.200541,0.10027,-0.10027,0.00925086
5452,-0.200541,0.200541,0.10027,-0.10027,0.00925086
5453,-0.200541,0.200541,0.10027,-0.10027,0.00925086
5454,-0.200541,0.200541,0.10027,-0.10027,0.00925086
5455,-0.200541,0.200541,0.10027,-0.10027,0.00925086
5456,-0.200541,0.200541,0.10027,-0.10027,0.00925086
5457,-0.200541,0.200541,0.10027,-0.10027,0.00925086
5458,-0.200541,0.200541,0.10027,-0.10027,0.00925086
5459,-0.200541,0.200541,0.10027,-0.10027,0.00925086
5460,-0.200541,0.200541,0.10027,-0.10027,0.00925086
5461,-0.200541,0.200541,0.10027,-0.10027,0.00925086
5462,-0.200541,0.200541,0.10027,-0.10027,0.00925086
5463,-0.200541,0.200541,0.10027,-0.10027,0.00925086
5464,-0.200541,0.200541,0.10027,-0.10027,0.00925086
5465,-0.200541,0.200541,0.10027,-0.10027,0.00925086
5466,-0.200541,0.200541,0.10027,-0.10027,0.00925086
5467,-0.200541,0.200541,0.10027,-0.10027,0.00925086
5468,-0.200541,0.200541,0.10027,-0.10027,0.00925086
5469,-0.200541,0.200541,0.10027,-0.10027,0.00925086
5470,-0.200541,0.200541,0.10027,-0.10027,0.00925086
5471,-0.200541,0.200541,0.10027,-0.10027,0.00925086
5472,-0.200541,0.200541,0.10027,-0.10027,0.00925086
5473,-0.200541,0.200541,0.10027,-0.10027,0.00925086
5474,-0.200541,0.200541,0.10027,-0.10027,0.00925086
5475,-0.200541,0.200541,0.10027,-0.10027,0.00925086
5476,-0.200541,0.200541,0.10027,-0.10027,0.00925086
5477,-0.200541,0.200541,0.10027,-0.10027,0.00925086
5478,-0.200541,0.200541,0.10027,-0.10027,0.00925086
5479,-0.200541,0.200541,0.10027,-0.10027,0.00925086
5480,-0.200541,0.200541,0.10027,-0.10027,0.00925086
5481,-0.200541,0.200541,0.10027,-0.10027,0.00925086
5482,-0.200541,0.200541,0.10027,-0.10027,0.00925086
5483,-0.200541,0.200541,0.10027,-0.10027,0.00925086
5484,-0.200541,0.200541,0.10027,-0.10027,0.00925086
5485,-0.200541,0.200541,0.10027,-0.10027,0.00925086
5486,-0.200541,0.200541,0.10027,-0.10027,0.00925086
5487,-0.200541,0.200541,0.10027,-0.10027,0.00925086
5488,-0.200541,0.200541,0.10027,-0.10027,0.00925086
5489,-0.200541,0.200541,0.10027,-0.10027,0.00925086
5490,-0.200541,0.200541,0.10027,-0.10027,0.00925086
5491,-0.200541,0.200541,0.10027,-0.10027,0.00925086
5492,-0.200541,0.200541,0.10027,-0.10027,0.00925086
5493,-0.200541,0.200541,0.10027,-0.10027,0.00925086
5494,-0.200541,0.200541,0.10027,-0.10027,0.00925086
5495,-0.200541,0.200541,0.10027,-0.10027,0.00925086
5496,-0.200541,0.200541,0.10027,-0.10027,0.00925086
5497,-0.200541,0.200541,0.10027,-0.10027,0.00925086
5498,-0.200541,0.200541,0.10027,-0.10027,0.00925086
5499,-0.200541,0.200541,0.10027,-0.10027,0.00925086
5500,-0.200541,0.200541,0.10027,-0.10027,0.00925086
5501,-0.200541,0.200541,0.10027,-0.10027,0.00925086
5502,-0.200541,0.200541,0.10027,-0.10027,0.00925086
5503,-0.200541,0.200541,0.10027,-0.10027,0.00925086
5504,-0.200541,0.200541,0.10027,-0.10027,0.00925086
5505,-0.200541,0.200541,0.10027,-0.10027,0.00925086
5506,-0.200541,0.200541,0.10027,-0.10027,0.00925086
5507,-0.200541,0.200541,0.10027,-0.10027,0.00925086
5508,-0.200541,0.200541,0.10027,-0.10027,0.00925086
5509,-0.200541,0.200541,0.10027,-0.10027,0.00925086
5510,-0.200541,0.200541,0.10027,-0.10027,0.00925086
5511,-0.200541,0.200541,0.10027,-0.10027,0.00925086
5512,-0.200541,0.200541,0.10027,-0.10027,0.00925086
5513,-0.200541,0.200541,0.10027,-0.10027,0.00925086
5514,-0.200541,0.200541,0.10027,-0.10027,0.00925086
5515,-0.200541,0.200541,0.10027,-0.10027,0.00925086
5516,-0.200541,0.200541,0.10027,-0.10027,0.00925086
5517,-0.200541,0.200541,0.10027,-0.10027,0.00925086
5518,-0.200541,0.200541,0.10027,-0.10027,0.00925086
5519,-0.200541,0.200541,0.10027,-0.10027,0.00925086
5520,-0.200541,0.200541,0.10027,-0.10027,0.00925086
5521,-0.200541,0.200541,0.10027,-0.10027,0.00925086
5522,-0.200541,0.200541,0.10027,-0.10027,0.00925086
5523,-0.200541,0.200541,0.10027,-0.10027,0.00925086
5524,-0.200541,0.200541,0.10027,-0.10027,0.00925086
5525,-0.200541,0.200541,0.10027,-0.10027,0.00925086
5526,-0.200541,0.200541,0.10027,-0.10027,0.00925086
5527,-0.200541,0.200541,0.10027,-0.10027,0.00925086
5528,-0.200541,0.200541,0.10027,-0.10027,0.00925086
5529,-0.200541,0.200541,0.10027,-0.10027,0.00925086
5530,-0.200541,0.200541,0.10027,-0.10027,0.00925086
5531,-0.200541,0.200541,0.10027,-0.10027,0.00925086
5532,-0.200541,0.200541,0.10027,-0.10027,0.00925086
5533,-0.200541,0.200541,0.10027,-0.10027,0.00925086
5534,-0.200541,0.200541,0.10027,-0.10027,0.00925086
5535,-0.200541,0.200541,0.10027,-0.10027,0.00925086
5536,-0.200541,0.200541,0.10027,-0.10027,0.00925086
5537,-0.200541,0.200541,0.10027,-0.10027,0.00925086
5538,-0.200541,0.200541,0.10027,-0.10027,0.00925086
5539,-0.200541,0.200541,0.10027,-0.10027,0.00925086
5540,-0.200541,0.200541,0.10027,-0.10027,0.00925086
5541,-0.200541,0.200541,0.10027,-0.10027,0.00925086
5542,-0.200541,0.200541,0.10027,-0.10027,0.00925086
5543,-0.200541,0.200541,0.10027,-0.10027,0.00925086
5544,-0.200541,0.200541,0.10027,-0.10027,0.00925086
5545,-0.200541,0.200541,0.10027,-0.10027,0.00925086
5546,-0.200541,0.200541,0.10027,-0.10027,0.00925086
5547,-0.200541,0.200541,0.10027,-0.10027,0.00925086
5548,-0.200541,0.200541,0.10027,-0.10027,0.00925086
5549,-0.200541,0.200541,0.10027,-0.10027,0.00925086
5550,-0.200541,0.200541,0.10027,-0.10027,0.00925086
5551,-0.200541,0.200541,0.10027,-0.10027,0.00925086
5552,-0.200541,0.200541,0.10027,-0.10027,0.00925086
5553,-0.200541,0.200541,0.10027,-0.10027,0.00925086
5554,-0.200541,0.200541,0.10027,-0.10027,0.00925086
5555,-0.200541,0.200541,0.10027,-0.10027,0.00925086
5556,-0.200541,0.200541,0.10027,-0.10027,0.00925086
5557,-0.200541,0.200541,0.10027,-0.10027,0.00925086
5558,-0.200541,0.200541,0.10027,-0.10027,0.00925086
5559,-0.200541,0.200541,0.10027,-0.10027,0.00925086
5560,-0.200541,0.200541,0.10027,-0.10027,0.00925086
5561,-0.200541,0.200541,0.10027,-0.10027,0.00925086
5562,-0.200541,0.200541,0.10027,-0.10027,0.00925086
5563,-0.200541,0.200541,0.10027,-0.10027,0.00925086
5564,-0.200541,0.200541,0.10027,-0.10027,0.00925086
5565,-0.200541,0.200541,0.10027,-0.10027,0.00925086
5566,-0.200541,0.200541,0.10027,-0.10027,0.00925086
5567,-0.200541,0.200541,0.10027,-0.10027,0.00925086
5568,-0.200541,0.200541,0.10027,-0.10027,0.00925086
5569,-0.200541,0.200541,0.10027,-0.10027,0.00925086
5570,-0.200541,0.200541,0.10027,-0.10027,0.00925086
5571,-0.200541,0.200541,0.10027,-0.10027,0.00925086
5572,-0.200541,0.200541,0.10027,-0.10027,0.00925086
5573,-0.200541,0.200541,0.10027,-0.10027,0.00925086
5574,-0.200541,0.200541,0.10027,-0.10027,0.00925086
5575,-0.200541,0.200541,0.10027,-0.10027,0.00925086
5576,-0.200541,0.200541,0.10027,-0.10027,0.00925086
5577,-0.200541,0.200541,0.10027,-0.10027,0.00925086
5578,-0.200541,0.200541,0.10027,-0.10027,0.00925086
5579,-0.200541,0.200541,0.10027,-0.10027,0.00925086
5580,-0.200541,0.200541,0.10027,-0.10027,0.00925086
5581,-0.200541,0.200541,0.10027,-0.10027,0.00925086
5582,-0.200541,0.200541,0.10027,-0.10027,0.00925086
5583,-0.200541,0.200541,0.10027,-0.10027,0.00925086
5584,-0.200541,0.200541,0.10027,-0.10027,0.00925086
5585,-0.200541,0.200541,0.10027,-0.10027,0.00925086
5586,-0.200541,0.200541,0.10027,-0.10027,0.00925086
5587,-0.200541,0.200541,0.10027,-0.10027,0.00925086
5588,-0.200541,0.200541,0.10027,-0.10027,0.00925086
5589,-0.200541,0.200541,0.10027,-0.10027,0.00925086
5590,-0.200541,0.200541,0.10027,-0.10027,0.00925086
5591,-0.200541,0.200541,0.10027,-0.10027,0.00925086
5592,-0.200541,0.200541,0.10027,-0.10027,0.00925086
5593,-0.200541,0.200541,0.10027,-0.10027,0.00925086
5594,-0.200541,0.200541,0.10027,-0.10027,0.00925086
5595,-0.200541,0.200541,0.10027,-0.10027,0.00925086
5596,-0.200541,0.200541,0.10027,-0.10027,0.00925086
5597,-0.200541,0.200541,0.10027,-0.10027,0.00925086
5598,-0.200541,0.200541,0.10027,-0.10027,0.00925086
5599,-0.200541,0.200541,0.10027,-0.10027,0.00925086
5600,-0.200541,0.200541,0.10027,-0.10027,0.00925086
5601,-0.200541,0.200541,0.10027,-0.10027,0.00925086
5602,-0.200541,0.200541,0.10027,-0.10027,0.00925086
5603,-0.200541,0.200541,0.10027,-0.10027,0.00925086
5604,-0.200541,0.200541,0.10027,-0.10027,0.00925086
5605,-0.200541,0.200541,0.10027,-0.10027,0.00925086
5606,-0.200541,0.200541,0.10027,-0.10027,0.00925086
5607,-0.200541,0.200541,0.10027,-0.10027,0.00925086
5608,-0.200541,0.200541,0.10027,-0.10027,0.00925086
5609,-0.200541,0.200541,0.10027,-0.10027,0.00925086
5610,-0.200541,0.200541,0.10027,-0.10027,0.00925086
5611,-0.200541,0.200541,0.10027,-0.10027,0.00925086
5612,-0.200541,0.200541,0.10027,-0.10027,0.00925086
5613,-0.200541,0.200541,0.10027,-0.10027,0.00925086
5614,-0.200541,0.200541,0.10027,-0.10027,0.00925086
5615,-0.200541,0.200541,0.10027,-0.10027,0.00925086
5616,-0.200541,0.200541,0.10027,-0.10027,0.00925086
5617,-0.200541,0.200541,0.10027,-0.10027,0.00925086
5618,-0.200541,0.200541,0.10027,-0.10027,0.00925086
5619,-0.200541,0.200541,0.10027,-0.10027,0.00925086
5620,-0.200541,0.200541,0.10027,-0.10027,0.00925086
5621,-0.200541,0.200541,0.10027,-0.10027,0.00925086
5622,-0.200541,0.200541,0.10027,-0.10027,0.00925086
5623,-0.200541,0.200541,0.10027,-0.10027,0.00925086
5624,-0.200541,0.200541,0.10027,-0.10027,0.00925086
5625,-0.200541,0.200541,0.10027,-0.10027,0.00925086
5626,-0.200541,0.200541,0.10027,-0.10027,0.00925086
5627,-0.200541,0.200541,0.10027,-0.10027,0.00925086
5628,-0.200541,0.200541,0.10027,-0.10027,0.00925086
5629,-0.200541,0.200541,0.10027,-0.10027,0.00925086
5630,-0.200541,0.200541,0.10027,-0.10027,0.00925086
5631,-0.200541,0.200541,0.10027,-0.10027,0.00925086
5632,-0.200541,0.200541,0.10027,-0.10027,0.00925086
5633,-0.200541,0.200541,0.10027,-0.10027,0.00925086
5634,-0.200541,0.200541,0.10027,-0.10027,0.00925086
5635,-0.200541,0.200541,0.10027,-0.10027,0.00925086
5636,-0.200541,0.200541,0.10027,-0.10027,0.00925086
5637,-0.200541,0.200541,0.10027,-0.10027,0.00925086
5638,-0.200541,0.200541,0.10027,-0.10027,0.00925086
5639,-0.200541,0.200541,0.10027,-0.10027,0.00925086
5640,-0.200541,0.200541,0.10027,-0.10027,0.00925086
5641,-0.200541,0.200541,0.10027,-0.10027,0.00925086
5642,-0.200541,0.200541,0.10027,-0.10027,0.00925086
5643,-0.200541,0.200541,0.10027,-0.10027,0.00925086
5644,-0.200541,0.200541,0.10027,-0.10027,0.00925086
5645,-0.200541,0.200541,0.10027,-0.10027,0.00925086
5646,-0.200541,0.200541,0.10027,-0.10027,0.00925086
5647,-0.200541,0.200541,0.10027,-0.10027,0.00925086
5648,-0.200541,0.200541,0.10027,-0.10027,0.00925086
5649,-0.200541,0.200541,0.10027,-0.10027,0.00925086
5650,-0.200541,0.200541,0.10027,-0.10027,0.00925086
5651,-0.200541,0.200541,0.10027,-0.10027,0.00925086
5652,-0.200541,0.200541,0.10027,-0.10027,0.00925086
5653,-0.200541,0.200541,0.10027,-0.10027,0.00925086
5654,-0.200541,0.200541,0.10027,-0.10027,0.00925086
5655,-0.200541,0.200541,0.10027,-0.10027,0.00925086
5656,-0.200541,0.200541,0.10027,-0.10027,0.00925086
5657,-0.200541,0.200541,0.10027,-0.10027,0.00925086
5658,-0.200541,0.200541,0.10027,-0.10027,0.00925086
5659,-0.200541,0.200541,0.10027,-0.10027,0.00925086
5660,-0.200541,0.200541,0.10027,-0.10027,0.00925086
5661,-0.200541,0.200541,0.10027,-0.10027,0.00925086
5662,-0.200541,0.200541,0.10027,-0.10027,0.00925086
5663,-0.200541,0.200541,0.10027,-0.10027,0.00925086
5664,-0.200541,0.200541,0.10027,-0.10027,0.00925086
5665,-0.200541,0.200541,0.10027,-0.10027,0.00925086
5666,-0.200541,0.200541,0.10027,-0.10027,0.00925086
5667,-0.200541,0.200541,0.10027,-0.10027,0.00925086
5668,-0.200541,0.200541,0.10027,-0.10027,0.00925086
5669,-0.200541,0.200541,0.10027,-0.10027,0.00925086
5670,-0.200541,0.200541,0.10027,-0.10027,0.00925086
5671,-0.200541,0.200541,0.10027,-0.10027,0.00925086
5672,-0.200541,0.200541,0.10027,-0.10027,0.00925086
5673,-0.200541,0.200541,0.10027,-0.10027,0.00925086
5674,-0.200541,0.200541,0.10027,-0.10027,0.00925086
5675,-0.200541,0.200541,0.10027,-0.10027,0.00925086
5676,-0.200541,0.200541,0.10027,-0.10027,0.00925086
5677,-0.200541,0.200541,0.10027,-0.10027,0.00925086
5678,-0.200541,0.200541,0.10027,-0.10027,0.00925086
5679,-0.200541,0.200541,0.10027,-0.10027,0.00925086
5680,-0.200541,0.200541,0.10027,-0.10027,0.00925086
5681,-0.200541,0.200541,0.10027,-0.10027,0.00925086
5682,-0.200541,0.200541,0.10027,-0.10027,0.00925086
5683,-0.200541,0.200541,0.10027,-0.10027,0.00925086
5684,-0.200541,0.200541,0.10027,-0.10027,0.00925086
5685,-0.200541,0.200541,0.10027,-0.10027,0.00925086
5686,-0.200541,0.200541,0.10027,-0.10027,0.00925086
5687,-0.200541,0.200541,0.10027,-0.10027,0.00925086
5688,-0.200541,0.200541,0.10027,-0.10027,0.00925086
5689,-0.200541,0.200541,0.10027,-0.10027,0.00925086
5690,-0.200541,0.200541,0.10027,-0.10027,0.00925086
5691,-0.200541,0.200541,0.10027,-0.10027,0.00925086
5692,-0.200541,0.200541,0.10027,-0.10027,0.00925086
5693,-0.200541,0.200541,0.10027,-0.10027,0.00925086
5694,-0.200541,0.200541,0.10027,-0.10027,0.00925086
5695,-0.200541,0.200541,0.10027,-0.10027,0.00925086
5696,-0.200541,0.200541,0.10027,-0.10027,0.00925086
5697,-0.200541,0.200541,0.10027,-0.10027,0.00925086
5698,-0.200541,0.200541,0.10027,-0.10027,0.00925086
5699,-0.200541,0.200541,0.10027,-0.10027,0.00925086
5700,-0.200541,0.200541,0.10027,-0.10027,0.00925086
5701,-0.200541,0.200541,0.10027,-0.10027,0.00925086
5702,-0.200541,0.200541,0.10027,-0.10027,0.00925086
5703,-0.200541,0.200541,0.10027,-0.10027,0.00925086
5704,-0.200541,0.200541,0.10027,-0.10027,0.00925086
5705,-0.200541,0.200541,0.10027,-0.10027,0.00925086
5706,-0.200541,0.200541,0.10027,-0.10027,0.00925086
5707,-0.200541,0.200541,0.10027,-0.10027,0.00925086
5708,-0.200541,0.200541,0.10027,-0.10027,0.00925086
5709,-0.200541,0.200541,0.10027,-0.10027,0.00925086
5710,-0.200541,0.200541,0.10027,-0.10027,0.00925086
5711,-0.200541,0.200541,0.10027,-0.10027,0.00925086
5712,-0.200541,0.200541,0.10027,-0.10027,0.00925086
5713,-0.200541,0.200541,0.10027,-0.10027,0.00925086
5714,-0.200541,0.200541,0.10027,-0.10027,0.00925086
5715,-0.200541,0.200541,0.10027,-0.10027,0.00925086
5716,-0.200541,0.200541,0.10027,-0.10027,0.00925086
5717,-0.200541,0.200541,0.10027,-0.10027,0.00925086
5718,-0.200541,0.200541,0.10027,-0.10027,0.00925086
5719,-0.200541,0.200541,0.10027,-0.10027,0.00925086
5720,-0.200541,0.200541,0.10027,-0.10027,0.00925086
5721,-0.200541,0.200541,0.10027,-0.10027,0.00925086
5722,-0.200541,0.200541,0.10027,-0.10027,0.00925086
5723,-0.200541,0.200541,0.10027,-0.10027,0.00925086
5724,-0.200541,0.200541,0.10027,-0.10027,0.00925086
5725,-0.200541,0.200541,0.10027,-0.10027,0.00925086
5726,-0.200541,0.200541,0.10027,-0.10027,0.00925086
5727,-0.200541,0.200541,0.10027,-0.10027,0.00925086
5728,-0.200541,0.200541,0.10027,-0.10027,0.00925086
5729,-0.200541,0.200541,0.10027,-0.10027,0.00925086
5730,-0.200541,0.200541,0.10027,-0.10027,0.00925086
5731,-0.200541,0.200541,0.10027,-0.10027,0.00925086
5732,-0.200541,0.200541,0.10027,-0.10027,0.00925086
5733,-0.200541,0.200541,0.10027,-0.10027,0.00925086
5734,-0.200541,0.200541,0.10027,-0.10027,0.00925086
5735,-0.200541,0.200541,0.10027,-0.10027,0.00925086
5736,-0.200541,0.200541,0.10027,-0.10027,0.00925086
5737,-0.200541,0.200541,0.10027,-0.10027,0.00925086
5738,-0.200541,0.200541,0.10027,-0.10027,0.00925086
5739,-0.200541,0.200541,0.10027,-0.10027,0.00925086
5740,-0.200541,0.200541,0.10027,-0.10027,0.00925086
5741,-0.200541,0.200541,0.10027,-0.10027,0.00925086
5742,-0.200541,0.200541,0.10027,-0.10027,0.00925086
5743,-0.200541,0.200541,0.10027,-0.10027,0.00925086
5744,-0.200541,0.200541,0.10027,-0.10027,0.00925086
5745,-0.200541,0.200541,0.10027,-0.10027,0.00925086
5746,-0.200541,0.200541,0.10027,-0.10027,0.00925086
5747,-0.200541,0.200541,0.10027,-0.10027,0.00925086
5748,-0.200541,0.200541,0.10027,-0.10027,0.00925086
5749,-0.200541,0.200541,0.10027,-0.10027,0.00925086
5750,-0.200541,0.200541,0.10027,-0.10027,0.00925086
5751,-0.200541,0.200541,0.10027,-0.10027,0.00925086
5752,-0.200541,0.200541,0.10027,-0.10027,0.00925086
5753,-0.200541,0.200541,0.10027,-0.10027,0.00925086
5754,-0.200541,0.200541,0.10027,-0.10027,0.00925086
5755,-0.200541,0.200541,0.10027,-0.10027,0.00925086
5756,-0.200541,0.200541,0.10027,-0.10027,0.00925086
5757,-0.200541,0.200541,0.10027,-0.10027,0.00925086
5758,-0.200541,0.200541,0.10027,-0.10027,0.00925086
5759,-0.200541,0.200541,0.10027,-0.10027,0.00925086
5760,-0.200541,0.200541,0.10027,-0.10027,0.00925086
5761,-0.200541,0.200541,0.10027,-0.10027,0.00925086
5762,-0.200541,0.200541,0.10027,-0.10027,0.00925086
5763,-0.200541,0.200541,0.10027,-0.10027,0.00925086
5764,-0.200541,0.200541,0.10027,-0.10027,0.00925086
5765,-0.200541,0.200541,0.10027,-0.10027,0.00925086
5766,-0.200541,0.200541,0.10027,-0.10027,0.00925086
5767,-0.200541,0.200541,0.10027,-0.10027,0.00925086
5768,-0.200541,0.200541,0.10027,-0.10027,0.00925086
5769,-0.200541,0.200541,0.10027,-0.10027,0.00925086
5770,-0.200541,0.200541,0.10027,-0.10027,0.00925086
5771,-0.200541,0.200541,0.10027,-0.10027,0.00925086
5772,-0.200541,0.200541,0.10027,-0.10027,0.00925086
5773,-0.200541,0.200541,0.10027,-0.10027,0.00925086
5774,-0.200541,0.200541,0.10027,-0.10027,0.00925086
5775,-0.200541,0.200541,0.10027,-0.10027,0.00925086
5776,-0.200541,0.200541,0.10027,-0.10027,0.00925086
5777,-0.200541,0.200541,0.10027,-0.10027,0.00925086
5778,-0.200541,0.200541,0.10027,-0.10027,0.00925086
5779,-0.200541,0.200541,0.10027,-0.10027,0.00925086
5780,-0.200541,0.200541,0.10027,-0.10027,0.00925086
5781,-0.200541,0.200541,0.10027,-0.10027,0.00925086
5782,-0.200541,0.200541,0.10027,-0.10027,0.00925086
5783,-0.200541,0.200541,0.10027,-0.10027,0.00925086
5784,-0.200541,0.200541,0.10027,-0.10027,0.00925086
5785,-0.200541,0.200541,0.10027,-0.10027,0.00925086
5786,-0.200541,0.200541,0.10027,-0.10027,0.00925086
5787,-0.200541,0.200541,0.10027,-0.10027,0.00925086
5788,-0.200541,0.200541,0.10027,-0.10027,0.00925086
5789,-0.200541,0.200541,0.10027,-0.10027,0.00925086
5790,-0.200541,0.200541,0.10027,-0.10027,0.00925086
5791,-0.200541,0.200541,0.10027,-0.10027,0.00925086
5792,-0.200541,0.200541,0.10027,-0.10027,0.00925086
5793,-0.200541,0.200541,0.10027,-0.10027,0.00925086
5794,-0.200541,0.200541,0.10027,-0.10027,0.00925086
5795,-0.200541,0.200541,0.10027,-0.10027,0.00925086
5796,-0.200541,0.200541,0.10027,-0.10027,0.00925086
5797,-0.200541,0.200541,0.10027,-0.10027,0.00925086
5798,-0.200541,0.200541,0.10027,-0.10027,0.00925086
5799,-0.200541,0.200541,0.10027,-0.10027,0.00925086
5800,-0.200541,0.200541,0.10027,-0.10027,0.00925086
5801,-0.200541,0.200541,0.10027,-0.10027,0.00925086
5802,-0.200541,0.200541,0.10027,-0.10027,0.00925086
5803,-0.200541,0.200541,0.10027,-0.10027,0.00925086
5804,-0.200541,0.200541,0.10027,-0.10027,0.00925086
5805,-0.200541,0.200541,0.10027,-0.10027,0.00925086
5806,-0.200541,0.200541,0.10027,-0.10027,0.00925086
5807,-0.200541,0.200541,0.10027,-0.10027,0.00925086
5808,-0.200541,0.200541,0.10027,-0.10027,0.00925086
5809,-0.200541,0.200541,0.10027,-0.10027,0.00925086
5810,-0.200541,0.200541,0.10027,-0.10027,0.00925086
5811,-0.200541,0.200541,0.10027,-0.10027,0.00925086
5812,-0.200541,0.200541,0.10027,-0.10027,0.00925086
5813,-0.200541,0.200541,0.10027,-0.10027,0.00925086
5814,-0.200541,0.200541,0.10027,-0.10027,0.00925086
5815,-0.200541,0.200541,0.10027,-0.10027,0.00925086
5816,-0.200541,0.200541,0.10027,-0.10027,0.00925086
5817,-0.200541,0.200541,0.10027,-0.10027,0.00925086
5818,-0.200541,0.200541,0.10027,-0.10027,0.00925086
5819,-0.200541,0.200541,0.10027,-0.10027,0.00925086
5820,-0.200541,0.200541,0.10027,-0.10027,0.00925086
5821,-0.200541,0.200541,0.10027,-0.10027,0.00925086
5822,-0.200541,0.200541,0.10027,-0.10027,0.00925086
5823,-0.200541,0.200541,0.10027,-0.10027,0.00925086
5824,-0.200541,0.200541,0.10027,-0.10027,0.00925086
5825,-0.200541,0.200541,0.10027,-0.10027,0.00925086
5826,-0.200541,0.200541,0.10027,-0.10027,0.00925086
5827,-0.200541,0.200541,0.10027,-0.10027,0.00925086
5828,-0.200541,0.200541,0.10027,-0.10027,0.00925086
5829,-0.200541,0.200541,0.10027,-0.10027,0.00925086
5830,-0.200541,0.200541,0.10027,-0.10027,0.00925086
5831,-0.200541,0.200541,0.10027,-0.10027,0.00925086
5832,-0.200541,0.200541,0.10027,-0.10027,0.00925086
5833,-0.200541,0.200541,0.10027,-0.10027,0.00925086
5834,-0.200541,0.200541,0.10027,-0.10027,0.00925086
5835,-0.200541,0.200541,0.10027,-0.10027,0.00925086
5836,-0.200541,0.200541,0.10027,-0.10027,0.00925086
5837,-0.200541,0.200541,0.10027,-0.10027,0.00925086
5838,-0.200541,0.200541,0.10027,-0.10027,0.00925086
5839,-0.200541,0.200541,0.10027,-0.10027,0.00925086
5840,-0.200541,0.200541,0.10027,-0.10027,0.00925086
5841,-0.200541,0.200541,0.10027,-0.10027,0.00925086
5842,-0.200541,0.200541,0.10027,-0.10027,0.00925086
5843,-0.200541,0.200541,0.10027,-0.10027,0.00925086
5844,-0.200541,0.200541,0.10027,-0.10027,0.00925086
5845,-0.200541,0.200541,0.10027,-0.10027,0.00925086
5846,-0.200541,0.200541,0.10027,-0.10027,0.00925086
5847,-0.200541,0.200541,0.10027,-0.10027,0.00925086
5848,-0.200541,0.200541,0.10027,-0.10027,0.00925086
5849,-0.200541,0.200541,0.10027,-0.10027,0.00925086
5850,-0.200541,0.200541,0.10027,-0.10027,0.00925086
5851,-0.200541,0.200541,0.10027,-0.10027,0.00925086
5852,-0.200541,0.200541,0.10027,-0.10027,0.00925086
5853,-0.200541,0.200541,0.10027,-0.10027,0.00925086
5854,-0.200541,0.200541,0.10027,-0.10027,0.00925086
5855,-0.200541,0.200541,0.10027,-0.10027,0.00925086
5856,-0.200541,0.200541,0.10027,-0.10027,0.00925086
5857,-0.200541,0.200541,0.10027,-0.10027,0.00925086
5858,-0.200541,0.200541,0.10027,-0.10027,0.00925086
5859,-0.200541,0.200541,0.10027,-0.10027,0.00925086
5860,-0.200541,0.200541,0.10027,-0.10027,0.00925086
5861,-0.200541,0.200541,0.10027,-0.10027,0.00925086
5862,-0.200541,0.200541,0.10027,-0.10027,0.00925086
5863,-0.200541,0.200541,0.10027,-0.10027,0.00925086
5864,-0.200541,0.200541,0.10027,-0.10027,0.00925086
5865,-0.200541,0.200541,0.10027,-0.10027,0.00925086
5866,-0.200541,0.200541,0.10027,-0.10027,0.00925086
5867,-0.200541,0.200541,0.10027,-0.10027,0.00925086
5868,-0.200541,0.200541,0.10027,-0.10027,0.00925086
5869,-0.200541,0.200541,0.10027,-0.10027,0.00925086
5870,-0.200541,0.200541,0.10027,-0.10027,0.00925086
5871,-0.200541,0.200541,0.10027,-0.10027,0.00925086
5872,-0.200541,0.200541,0.10027,-0.10027,0.00925086
5873,-0.200541,0.200541,0.10027,-0.10027,0.00925086
5874,-0.200541,0.200541,0.10027,-0.10027,0.00925086
5875,-0.200541,0.200541,0.10027,-0.10027,0.00925086
5876,-0.200541,0.200541,0.10027,-0.10027,0.00925086
5877,-0.200541,0.200541,0.10027,-0.10027,0.00925086
5878,-0.200541,0.200541,0.10027,-0.10027,0.00925086
5879,-0.200541,0.200541,0.10027,-0.10027,0.00925086
5880,-0.200541,0.200541,0.10027,-0.10027,0.00925086
5881,-0.200541,0.200541,0.10027,-0.10027,0.00925086
5882,-0.200541,0.200541,0.10027,-0.10027,0.00925086
5883,-0.200541,0.200541,0.10027,-0.10027,0.00925086
5884,-0.200541,0.200541,0.10027,-0.10027,0.00925086
5885,-0.200541,0.200541,0.10027,-0.10027,0.00925086
5886,-0.200541,0.200541,0.10027,-0.10027,0.00925086
5887,-0.200541,0.200541,0.10027,-0.10027,0.00925086
5888,-0.200541,0.200541,0.10027,-0.10027,0.00925086
5889,-0.200541,0.200541,0.10027,-0.10027,0.00925086
5890,-0.200541,0.200541,0.10027,-0.10027,0.00925086
5891,-0.200541,0.200541,0.10027,-0.10027,0.00925086
5892,-0.200541,0.200541,0.10027,-0.10027,0.00925086
5893,-0.200541,0.200541,0.10027,-0.10027,0.00925086
5894,-0.200541,0.200541,0.10027,-0.10027,0.00925086
5895,-0.200541,0.200541,0.10027,-0.10027,0.00925086
5896,-0.200541,0.200541,0.10027,-0.10027,0.00925086
5897,-0.200541,0.200541,0.10027,-0.10027,0.00925086
5898,-0.200541,0.200541,0.10027,-0.10027,0.00925086
5899,-0.200541,0.200541,0.10027,-0.10027,0.00925086
5900,-0.200541,0.200541,0.10027,-0.10027,0.00925086
5901,-0.200541,0.200541,0.10027,-0.10027,0.00925086
5902,-0.200541,0.200541,0.10027,-0.10027,0.00925086
5903,-0.200541,0.200541,0.10027,-0.10027,0.00925086
5904,-0.200541,0.200541,0.10027,-0.10027,0.00925086
5905,-0.200541,0.200541,0.10027,-0.10027,0.00925086
5906,-0.200541,0.200541,0.10027,-0.10027,0.00925086
5907,-0.200541,0.200541,0.10027,-0.10027,0.00925086
5908,-0.200541,0.200541,0.10027,-0.10027,0.00925086
5909,-0.200541,0.200541,0.10027,-0.10027,0.00925086
5910,-0.200541,0.200541,0.10027,-0.10027,0.00925086
5911,-0.200541,0.200541,0.10027,-0.10027,0.00925086
5912,-0.200541,0.200541,0.10027,-0.10027,0.00925086
5913,-0.200541,0.200541,0.10027,-0.10027,0.00925086
5914,-0.200541,0.200541,0.10027,-0.10027,0.00925086
5915,-0.200541,0.200541,0.10027,-0.10027,0.00925086
5916,-0.200541,0.200541,0.10027,-0.10027,0.00925086
5917,-0.200541,0.200541,0.10027,-0.10027,0.00925086
5918,-0.200541,0.200541,0.10027,-0.10027,0.00925086
5919,-0.200541,0.200541,0.10027,-0.10027,0.00925086
5920,-0.200541,0.200541,0.10027,-0.10027,0.00925086
5921,-0.200541,0.200541,0.10027,-0.10027,0.00925086
5922,-0.200541,0.200541,0.10027,-0.10027,0.00925086
5923,-0.200541,0.200541,0.10027,-0.10027,0.00925086
5924,-0.200541,0.200541,0.10027,-0.10027,0.00925086
5925,-0.200541,0.200541,0.10027,-0.10027,0.00925086
5926,-0.200541,0.200541,0.10027,-0.10027,0.00925086
5927,-0.200541,0.200541,0.10027,-0.10027,0.00925086
5928,-0.200541,0.200541,0.10027,-0.10027,0.00925086
5929,-0.200541,0.200541,0.10027,-0.10027,0.00925086
5930,-0.200541,0.200541,0.10027,-0.10027,0.00925086
5931,-0.200541,0.200541,0.10027,-0.10027,0.00925086
5932,-0.200541,0.200541,0.10027,-0.10027,0.00925086
5933,-0.200541,0.200541,0.10027,-0.10027,0.00925086
5934,-0.200541,0.200541,0.10027,-0.10027,0.00925086
5935,-0.200541,0.200541,0.10027,-0.10027,0.00925086
5936,-0.200541,0.200541,0.10027,-0.10027,0.00925086
5937,-0.200541,0.200541,0.10027,-0.10027,0.00925086
5938,-0.200541,0.200541,0.10027,-0.10027,0.00925086
5939,-0.200541,0.200541,0.10027,-0.10027,0.00925086
5940,-0.200541,0.200541,0.10027,-0.10027,0.00925086
5941,-0.200541,0.200541,0.10027,-0.10027,0.00925086
5942,-0.200541,0.200541,0.10027,-0.10027,0.00925086
5943,-0.200541,0.200541,0.10027,-0.10027,0.00925086
5944,-0.200541,0.200541,0.10027,-0.10027,0.00925086
5945,-0.200541,0.200541,0.10027,-0.10027,0.00925086
5946,-0.200541,0.200541,0.10027,-0.10027,0.00925086
5947,-0.200541,0.200541,0.10027,-0.10027,0.00925086
5948,-0.200541,0.200541,0.10027,-0.10027,0.00925086
5949,-0.200541,0.200541,0.10027,-0.10027,0.00925086
5950,-0.200541,0.200541,0.10027,-0.10027,0.00925086
5951,-0.200541,0.200541,0.10027,-0.10027,0.00925086
5952,-0.200541,0.200541,0.10027,-0.10027,0.00925086
5953,-0.200541,0.200541,0.10027,-0.10027,0.00925086
5954,-0.200541,0.200541,0.10027,-0.10027,0.00925086
5955,-0.200541,0.200541,0.10027,-0.10027,0.00925086
5956,-0.200541,0.200541,0.10027,-0.10027,0.00925086
5957,-0.200541,0.200541,0.10027,-0.10027,0.00925086
5958,-0.200541,0.200541,0.10027,-0.10027,0.00925086
5959,-0.200541,0.200541,0.10027,-0.10027,0.00925086
5960,-0.200541,0.200541,0.10027,-0.10027,0.00925086
5961,-0.200541,0.200541,0.10027,-0.10027,0.00925086
5962,-0.200541,0.200541,0.10027,-0.10027,0.00925086
5963,-0.200541,0.200541,0.10027,-0.10027,0.00925086
5964,-0.200541,0.200541,0.10027,-0.10027,0.00925086
5965,-0.200541,0.200541,0.10027,-0.10027,0.00925086
5966,-0.200541,0.200541,0.10027,-0.10027,0.00925086
5967,-0.200541,0.200541,0.10027,-0.10027,0.00925086
5968,-0.200541,0.200541,0.10027,-0.10027,0.00925086
5969,-0.200541,0.200541,0.10027,-0.10027,0.00925086
5970,-0.200541,0.200541,0.10027,-0.10027,0.00925086
5971,-0.200541,0.200541,0.10027,-0.10027,0.00925086
5972,-0.200541,0.200541,0.10027,-0.10027,0.00925086
5973,-0.200541,0.200541,0.10027,-0.10027,0.00925086
5974,-0.200541,0.200541,0.10027,-0.10027,0.00925086
5975,-0.200541,0.200541,0.10027,-0.10027,0.00925086
5976,-0.200541,0.200541,0.10027,-0.10027,0.00925086
5977,-0.200541,0.200541,0.10027,-0.10027,0.00925086
5978,-0.200541,0.200541,0.10027,-0.10027,0.00925086
5979,-0.200541,0.200541,0.10027,-0.10027,0.00925086
5980,-0.200541,0.200541,0.10027,-0.10027,0.00925086
5981,-0.200541,0.200541,0.10027,-0.10027,0.00925086
5982,-0.200541,0.200541,0.10027,-0.10027,0.00925086
5983,-0.200541,0.200541,0.10027,-0.10027,0.00925086
5984,-0.200541,0.200541,0.10027,-0.10027,0.00925086
5985,-0.200541,0.200541,0.10027,-0.10027,0.00925086
5986,-0.200541,0.200541,0.10027,-0.10027,0.00925086
5987,-0.200541,0.200541,0.10027,-0.10027,0.00925086
5988,-0.200541,0.200541,0.10027,-0.10027,0.00925086
5989,-0.200541,0.200541,0.10027,-0.10027,0.00925086
5990,-0.200541,0.200541,0.10027,-0.10027,0.00925086
5991,-0.200541,0.200541,0.10027,-0.10027,0.00925086
5992,-0.200541,0.200541,0.10027,-0.10027,0.00925086
5993,-0.200541,0.200541,0.10027,-0.10027,0.00925086
5994,-0.200541,0.200541,0.10027,-0.10027,0.00925086
5995,-0.200541,0.200541,0.10027,-0.10027,0.00925086
5996,-0.200541,0.200541,0.10027,-0.10027,0.00925086
5997,-0.200541,0.200541,0.10027,-0.10027,0.00925086
5998,-0.200541,0.200541,0.10027,-0.10027,0.00925086
5999,-0.200541,0.200541,0.10027,-0.10027,0.00925086
6000,-0.200541,0.200541,0.10027,-0.10027,0.00925086
