time_ms,left_cmd_torque,right_cmd_torque,fl_vel,fr_vel,robot_vel
1,0,0,0,0,0
2,0,0,0,0,0
3,0,0,0,0,0
4,0,0,0,0,0
5,0,0,0,0,0
6,0,0,0,0,0
7,0,0,0,0,0
8,0,0,0,0,0
9,0,0,0,0,0
10,0,0,0,0,0
11,0,0,0,0,0
12,0,0,0,0,0
13,0,0,0,0,0
14,0,0,0,0,0
15,0,0,0,0,0
16,0,0,0,0,0
17,0,0,0,0,0
18,0,0,0,0,0
19,0,0,0,0,0
20,0,0,0,0,0
21,0,0,0,0,0
22,-0,-0,0,0,0
23,-0,-0,0,0,0
24,-0,-0,0,0,0
25,-0,-0,0,0,0
26,-0,-0,0,0,0
27,-0,-0,0,0,0
28,-0,-0,0,0,0
29,-0,-0,0,0,0
30,-0,-0,0,0,0
31,-0,-0,0,0,0
32,-0,-0,0,0,0
33,-0,-0,0,0,0
34,-0,-0,0,0,0
35,-0,-0,0,0,0
36,-0,-0.3,0,0,0
37,-0,-0.3,0,-0.00573909,0
38,-0,-0.6,0,-0.0105233,0
39,-0,-0.6,0,-0.0202491,0
40,0.3,-0.9,0,-0.0283558,0
41,0.3,-0.9,0.00573909,-0.040848,0
42,0.6,-1.2,0.0105233,-0.051259,0
43,0.6,-1.2,0.0202491,-0.0656681,0
44,0.9,-1.5,0.0283558,-0.077675,0
45,0.9,-1.5,0.040848,-0.0934095,0
46,1.2,-1.8,0.051259,-0.106519,0
47,1.2,-1.8,0.0656681,-0.123168,0
48,1.5,-2.0112,0.077675,-0.137037,0
49,1.5,-2.0112,0.0934095,-0.15262,0
50,1.8,-2.0128,0.106519,-0.1656,0
51,1.8,-2.0128,0.123168,-0.176443,0
52,2.0112,-2.0144,0.137037,-0.185475,0
53,2.0112,-2.0144,0.15262,-0.193029,0
54,2.0128,-2.016,0.1656,-0.199322,0
55,2.0128,-2.016,0.176443,-0.204594,0
56,2.0144,-2.0176,0.185475,-0.208986,0
57,2.0144,-2.0176,0.193029,-0.212675,0
58,2.016,-2.0192,0.199322,-0.215748,0
59,2.016,-2.0192,0.204594,-0.218338,0
60,2.0176,-2.0208,0.208986,-0.220495,0
61,2.0176,-2.0208,0.212675,-0.222323,0
62,2.0192,-2.0224,0.215748,-0.223845,0
63,2.0192,-2.0224,0.218338,-0.225144,0
64,2.0208,-2.024,0.220495,-0.226226,0
65,2.0208,-2.024,0.222323,-0.227157,0
66,2.0224,-2.0256,0.223845,-0.227933,0
67,2.0224,-2.0256,0.225144,-0.22861,0
68,2.024,-2.0272,0.226226,-0.229174,0
69,2.024,-2.0272,0.227157,-0.229674,0
70,2.0256,-2.0288,0.227933,-0.230091,0
71,2.0256,-2.0288,0.22861,-0.230468,0
72,2.0272,-2.0304,0.229174,-0.230782,0
73,2.0272,-2.0304,0.229674,-0.231075,0
74,2.0288,-2.032,0.230091,-0.231318,0
75,2.0288,-2.032,0.230468,-0.231552,0
76,2.0304,-2.0336,0.230782,-0.231746,0
77,2.0304,-2.0336,0.231075,-0.231938,0
78,2.032,-2.0352,0.231318,-0.232099,0
79,2.032,-2.0352,0.231552,-0.232263,0
80,2.0336,-2.0368,0.231746,-0.232399,0
81,2.0336,-2.0368,0.231938,-0.232543,0
82,2.0352,-2.0384,0.232099,-0.232664,0
83,2.0352,-2.0384,0.232263,-0.232794,0
84,2.0368,-2.04,0.232399,-0.232903,0
85,2.0368,-2.04,0.232543,-0.233024,0
86,2.0384,-2.0416,0.232664,-0.233125,0
87,2.0384,-2.0416,0.232794,-0.233239,0
88,2.04,-2.0432,0.232903,-0.233334,0
89,2.04,-2.0432,0.233024,-0.233444,0
90,2.0416,-2.0448,0.233125,-0.233536,0
91,2.0416,-2.0448,0.233239,-0.233643,0
92,2.0432,-2.0464,0.233334,-0.233731,0
93,2.0432,-2.0464,0.233444,-0.233836,0
94,2.0448,-2.048,0.233536,-0.233923,0
95,2.0448,-2.048,0.233643,-0.234026,0
96,2.0464,-2.0496,0.233731,-0.234112,0
97,2.0464,-2.0496,0.233836,-0.234214,0
98,2.048,-2.0512,0.233923,-0.234298,0
99,2.048,-2.0512,0.234026,-0.2344,0
100,2.0496,-2.0528,0.234112,-0.234484,0
101,2.0496,-2.0528,0.234214,-0.234585,0
102,2.0512,-2.0544,0.234298,-0.234668,0
103,2.0512,-2.0544,0.2344,-0.234769,0
104,2.0528,-2.056,0.234484,-0.234852,0
105,2.0528,-2.056,0.234585,-0.234952,0
106,2.0544,-2.0576,0.234668,-0.235036,0
107,2.0544,-2.0576,0.234769,-0.235135,0
108,2.056,-2.3576,0.234852,-0.235219,0
109,2.056,-2.3576,0.234952,-0.240999,0
110,2.0576,-2.3592,0.235036,-0.245813,0
111,2.0576,-2.3592,0.235135,-0.249853,0
112,2.3576,-2.6592,0.235219,-0.253218,0
113,2.3576,-2.6592,0.240999,-0.261729,0
114,2.6576,-2.9592,0.245813,-0.268816,0
115,2.6576,-2.9592,0.255532,-0.280425,0
116,2.9576,-3.2592,0.263625,-0.290091,0
117,2.9576,-3.2592,0.276072,-0.303843,0
118,3.2576,-3.5592,0.286436,-0.315293,0
119,3.2576,-3.5592,0.30077,-0.330525,0
120,3.5576,-3.8592,0.312721,-0.343223,6.12171e-05
121,3.5576,-3.8592,0.328575,-0.359693,0.000246619
122,3.8576,-4.1592,0.342265,-0.373895,0.000560962
123,3.8576,-4.1592,0.360112,-0.392162,0.000981644
124,4.1576,-4.4592,0.375972,-0.408369,0.00151836
125,4.1576,-4.4592,0.396106,-0.428788,0.00215202
126,4.4576,-4.56389,0.414335,-0.447251,0.00289481
127,4.4576,-4.56389,0.436889,-0.466292,0.00372444
128,4.57165,-4.63701,0.45755,-0.484029,0.00464242
129,4.57165,-4.63701,0.478975,-0.502246,0.00562678
130,4.58775,-4.65139,0.499021,-0.519621,0.00666993
131,4.58775,-4.65139,0.518343,-0.536687,0.0077544
132,4.60045,-4.6529,0.536841,-0.553309,0.00886909
133,4.60045,-4.6529,0.554957,-0.56965,0.0100044
134,4.67444,-4.72785,0.572554,-0.585772,0.0111541
135,4.67444,-4.72785,0.591149,-0.603155,0.0123166
136,4.67353,-4.72616,0.609207,-0.620205,0.0134972
137,4.67353,-4.72616,0.626838,-0.636983,0.0146892
138,4.66952,-4.72189,0.644154,-0.653588,0.015888
139,4.66952,-4.72189,0.661143,-0.669981,0.0170901
140,4.74573,-4.79905,0.677944,-0.686285,0.0182927
141,4.74573,-4.79905,0.696024,-0.703969,0.0194984
142,4.72901,-4.78238,0.713745,-0.721361,0.0207155
143,4.72901,-4.78238,0.730876,-0.738218,0.0219384
144,4.70987,-4.76348,0.747839,-0.754953,0.0231621
145,4.70987,-4.76348,0.764303,-0.771231,0.024384
146,4.78887,-4.84341,0.780706,-0.787479,0.0256008
147,4.78887,-4.84341,0.798533,-0.805195,0.0268168
148,4.76703,-4.8123,0.816066,-0.822635,0.0280418
149,4.76703,-4.8123,0.83296,-0.839276,0.0292704
150,4.73338,-4.77921,0.849737,-0.855843,0.0304969
151,4.73338,-4.77921,0.865778,-0.87172,0.0317188
152,4.81551,-4.86243,0.881827,-0.887631,0.0329318
153,4.81551,-4.86243,0.899406,-0.905116,0.0341413
154,4.77947,-4.82695,0.916716,-0.922347,0.0353583
155,4.77947,-4.82695,0.93314,-0.938716,0.0365776
156,4.73195,-4.78002,0.949504,-0.955034,0.0377924
157,4.73195,-4.78002,0.964916,-0.970418,0.0390004
158,4.81771,-4.86682,0.980408,-0.985887,0.0401958
159,4.81771,-4.86682,0.997548,-1.00303,0.0413856
160,4.76808,-4.81778,1.01445,-1.01993,0.0425818
161,4.76808,-4.81778,1.03023,-1.03572,0.0437788
162,4.70733,-4.76721,1.04601,-1.05151,0.0449684
163,4.70733,-4.76721,1.06064,-1.06633,0.0461488
164,4.79718,-4.85787,1.07541,-1.08127,0.0473139
165,4.79718,-4.85787,1.09196,-1.09797,0.0484716
166,4.73462,-4.79568,1.10829,-1.11443,0.049635
167,4.73462,-4.79568,1.12329,-1.12954,0.0507981
168,4.67092,-4.73234,1.13834,-1.14468,0.0519513
169,4.67092,-4.73234,1.15223,-1.15865,0.0530932
170,4.76511,-4.8273,1.1663,-1.17279,0.0542173
171,4.76511,-4.8273,1.18225,-1.18881,0.0553324
172,4.69971,-4.75262,1.19799,-1.20461,0.0564528
173,4.69971,-4.75262,1.21235,-1.21885,0.0575722
174,4.62382,-4.67719,1.22678,-1.23317,0.0586803
175,4.62382,-4.67719,1.23981,-1.24612,0.0597755
176,4.72254,-4.77685,1.25307,-1.25932,0.0608503
177,4.72254,-4.77685,1.26832,-1.27453,0.0619144
178,4.64525,-4.69998,1.28336,-1.28954,0.0629833
179,4.64525,-4.69998,1.29681,-1.30297,0.0640505
180,4.55785,-4.613,1.31035,-1.3165,0.0651052
181,4.55785,-4.613,1.32233,-1.32847,0.0661454
182,4.66149,-4.71754,1.33458,-1.34072,0.0671628
183,4.66149,-4.71754,1.34895,-1.3551,0.068168
184,4.573,-4.62946,1.36314,-1.36929,0.0691776
185,4.573,-4.62946,1.37553,-1.3817,0.0701849
186,4.48439,-4.54126,1.38807,-1.39425,0.0711776
187,4.48439,-4.54126,1.39905,-1.40525,0.0721546
188,4.5931,-4.65084,1.41033,-1.41655,0.0731076
189,4.5931,-4.65084,1.42384,-1.43009,0.0740481
190,4.49396,-4.55207,1.43717,-1.44344,0.0749934
191,4.49396,-4.55207,1.44851,-1.45481,0.0759362
192,4.39513,-4.45362,1.46003,-1.46635,0.076863
193,4.39513,-4.45362,1.46983,-1.47617,0.0777726
194,4.50923,-4.56855,1.47998,-1.48634,0.0786559
195,4.50923,-4.56855,1.49249,-1.49888,0.0795253
196,4.40976,-4.46943,1.50483,-1.51125,0.0803995
197,4.40976,-4.46943,1.51519,-1.52164,0.0812711
198,4.31085,-4.37085,1.52573,-1.5322,0.0821267
199,4.31085,-4.37085,1.53456,-1.54106,0.0829652
200,4.43023,-4.49103,1.54375,-1.55027,0.0837775
201,4.43023,-4.49103,1.55539,-1.56194,0.0845765
202,4.32123,-4.38233,1.56686,-1.57343,0.0853812
203,4.32123,-4.38233,1.57616,-1.58277,0.0861837
204,4.21319,-4.27459,1.58567,-1.5923,0.0869693
205,4.21319,-4.27459,1.59332,-1.59998,0.0877368
206,4.33813,-4.40029,1.60137,-1.60804,0.0884762
207,4.33813,-4.40029,1.61201,-1.61871,0.0892012
208,4.22986,-4.29229,1.62247,-1.6292,0.0899321
209,4.22986,-4.29229,1.63079,-1.63754,0.090661
210,4.1132,-4.17588,1.63932,-1.6461,0.0913734
211,4.1132,-4.17588,1.64584,-1.65263,0.0920675
212,4.24373,-4.30716,1.65278,-1.65959,0.0927323
213,4.24373,-4.30716,1.66243,-1.66927,0.0933824
214,4.13673,-4.1908,1.6719,-1.67877,0.0940388
215,4.13673,-4.1908,1.67926,-1.68598,0.0946935
216,4.02152,-4.08559,1.68683,-1.69342,0.0953314
217,4.02152,-4.08559,1.69241,-1.69908,0.0959512
218,4.15749,-4.22228,1.69841,-1.70514,0.096543
219,4.15749,-4.22228,1.70721,-1.71401,0.0971211
220,4.04246,-4.09785,1.71582,-1.72267,0.0977071
221,4.04246,-4.09785,1.72216,-1.72889,0.0982922
222,3.9292,-3.98498,1.72873,-1.73535,0.0988601
223,3.9292,-3.98498,1.73335,-1.73989,0.0994096
224,4.07061,-4.12728,1.7384,-1.74487,0.0999305
225,4.07061,-4.12728,1.74635,-1.75278,0.100438
226,3.94799,-4.01461,1.7541,-1.7605,0.100953
227,3.94799,-4.01461,1.75943,-1.76599,0.101469
228,3.83709,-3.89429,1.765,-1.77169,0.101968
229,3.83709,-3.89429,1.76869,-1.77531,0.10245
230,3.98395,-4.042,1.77281,-1.77937,0.102903
231,3.98395,-4.042,1.77994,-1.78647,0.103342
232,3.86374,-3.92215,1.78685,-1.79336,0.103792
233,3.86374,-3.92215,1.79139,-1.79788,0.104242
234,3.74584,-3.81417,1.79615,-1.80263,0.104675
235,3.74584,-3.81417,1.7989,-1.80555,0.105092
236,3.89812,-3.96708,1.80209,-1.80889,0.105481
237,3.89812,-3.96708,1.8084,-1.81533,0.105857
238,3.78073,-3.84982,1.81449,-1.82153,0.106244
239,3.78073,-3.84982,1.81826,-1.8254,0.106633
240,3.66576,-3.7254,1.82226,-1.82947,0.107007
241,3.66576,-3.7254,1.82428,-1.83138,0.107364
242,3.82325,-3.88369,1.82674,-1.83375,0.107693
243,3.82325,-3.88369,1.83241,-1.83936,0.10801
244,3.70883,-3.76954,1.83784,-1.84473,0.108339
245,3.70883,-3.76954,1.84098,-1.84784,0.10867
246,3.59696,-3.65792,1.84432,-1.85114,0.108987
247,3.59696,-3.65792,1.84573,-1.85254,0.109288
248,3.75942,-3.82116,1.84757,-1.85435,0.109564
249,3.75942,-3.82116,1.85268,-1.85947,0.109828
250,3.64809,-3.71008,1.85753,-1.86432,0.110107
251,3.64809,-3.71008,1.86014,-1.86693,0.110389
252,3.52981,-3.59204,1.86293,-1.86973,0.110659
253,3.52981,-3.59204,1.86367,-1.87047,0.110914
254,3.69721,-3.7602,1.86484,-1.87164,0.111143
255,3.69721,-3.7602,1.86938,-1.87621,0.111361
256,3.58922,-3.65244,1.87366,-1.8805,0.111594
257,3.58922,-3.65244,1.87576,-1.88261,0.111831
258,3.47433,-3.53777,1.87802,-1.88489,0.112058
259,3.47433,-3.53777,1.87828,-1.88517,0.11227
260,3.64644,-3.71062,1.87896,-1.88586,0.112457
261,3.64644,-3.71062,1.88309,-1.89002,0.112635
262,3.53223,-3.59662,1.88694,-1.89388,0.112829
263,3.53223,-3.59662,1.88847,-1.89544,0.113028
264,3.43055,-3.48554,1.89018,-1.89717,0.113215
265,3.43055,-3.48554,1.89015,-1.89697,0.113389
266,3.60713,-3.66303,1.89049,-1.89718,0.11354
267,3.60713,-3.66303,1.89434,-1.90094,0.113681
268,3.4963,-3.56214,1.89788,-1.9044,0.113841
269,3.4963,-3.56214,1.89914,-1.90578,0.114007
270,3.38843,-3.45444,1.90056,-1.9073,0.114164
271,3.38843,-3.45444,1.90009,-1.90692,0.114309
272,3.56946,-3.63615,1.90002,-1.90691,0.114431
273,3.56946,-3.63615,1.90354,-1.91051,0.114546
274,3.46214,-3.529,1.90674,-1.91377,0.114679
275,3.46214,-3.529,1.90773,-1.91481,0.11482
276,3.36737,-3.4248,1.90887,-1.91599,0.114952
277,3.36737,-3.4248,1.90836,-1.91534,0.115073
278,3.55242,-3.6107,1.90819,-1.91506,0.115173
279,3.55242,-3.6107,1.91166,-1.91845,0.115266
280,3.44836,-3.50695,1.91477,-1.9215,0.11538
281,3.44836,-3.50695,1.91571,-1.92239,0.115503
282,3.34725,-3.40615,1.91676,-1.9234,0.115619
283,3.34725,-3.40615,1.91603,-1.92263,0.115724
284,3.53631,-3.59602,1.91563,-1.92222,0.115808
285,3.53631,-3.59602,1.91896,-1.92554,0.115887
286,3.43556,-3.49557,1.92192,-1.9285,0.115987
287,3.43556,-3.49557,1.92276,-1.92934,0.116096
288,3.33772,-3.39804,1.9237,-1.93028,0.1162
289,3.33772,-3.39804,1.92291,-1.9295,0.116294
290,3.53057,-3.59168,1.92245,-1.92904,0.116368
291,3.53057,-3.59168,1.92577,-1.93238,0.116438
292,3.43299,-3.49438,1.9287,-1.93532,0.11653
293,3.43299,-3.49438,1.92955,-1.9362,0.116633
294,3.33829,-3.39996,1.93049,-1.93715,0.11673
295,3.33829,-3.39996,1.92975,-1.93643,0.11682
296,3.53472,-3.59716,1.92931,-1.93601,0.11689
297,3.53472,-3.59716,1.93271,-1.93943,0.116957
298,3.44015,-3.50284,1.9357,-1.94245,0.117048
299,3.44015,-3.50284,1.93667,-1.94343,0.11715
300,3.34839,-3.41133,1.93769,-1.94448,0.117248
301,3.34839,-3.41133,1.93708,-1.94388,0.117339
302,3.54822,-3.6119,1.93675,-1.94357,0.117412
303,3.54822,-3.6119,1.94031,-1.94716,0.117482
304,3.44687,-3.51077,1.94344,-1.95032,0.117577
305,3.44687,-3.51077,1.94441,-1.95131,0.117685
306,3.35804,-3.42215,1.94545,-1.95236,0.117787
307,3.35804,-3.42215,1.94491,-1.95184,0.117882
308,3.56127,-3.62611,1.94466,-1.95161,0.117959
309,3.56127,-3.62611,1.94834,-1.95532,0.118034
310,3.47228,-3.5373,1.9516,-1.9586,0.118134
311,3.47228,-3.5373,1.9529,-1.95992,0.118247
312,3.38595,-3.45115,1.95424,-1.96128,0.118358
313,3.38595,-3.45115,1.95401,-1.96107,0.118463
314,3.59223,-3.65813,1.95404,-1.96111,0.118553
315,3.59223,-3.65813,1.95805,-1.96515,0.118641
316,3.50561,-3.56208,1.96159,-1.96872,0.118755
317,3.50561,-3.56208,1.96322,-1.97019,0.118884
318,3.41196,-3.47836,1.96486,-1.9717,0.119011
319,3.41196,-3.47836,1.96478,-1.9717,0.119131
320,3.62132,-3.68839,1.96498,-1.97195,0.119236
321,3.62132,-3.68839,1.96921,-1.97625,0.119339
322,3.53698,-3.60418,1.97298,-1.98007,0.119469
323,3.53698,-3.60418,1.97486,-1.982,0.119614
324,3.4551,-3.51285,1.97676,-1.98393,0.119757
325,3.4551,-3.51285,1.97714,-1.98418,0.119896
326,3.6672,-3.72579,1.97777,-1.98468,0.12002
327,3.6672,-3.72579,1.98245,-1.98928,0.120143
328,3.57511,-3.64359,1.98663,-1.9934,0.120294
329,3.57511,-3.64359,1.98878,-1.99566,0.120461
330,3.49516,-3.55416,1.99093,-1.99792,0.120626
331,3.49516,-3.55416,1.99161,-1.99852,0.120787
332,3.71006,-3.76987,1.99253,-1.99936,0.120932
333,3.71006,-3.76987,1.99756,-2.00434,0.121077
334,3.61972,-3.68941,2.00208,-2.00883,0.121251
335,3.61972,-3.68941,2.00459,-2.01148,0.121441
336,3.54141,-3.6016,2.00709,-2.01411,0.12163
337,3.54141,-3.6016,2.00816,-2.0151,0.121814
338,3.75898,-3.81997,2.00945,-2.01633,0.121984
339,3.75898,-3.81997,2.01488,-2.02173,0.122155
340,3.67012,-3.73138,2.0198,-2.02662,0.122354
341,3.67012,-3.73138,2.02272,-2.02952,0.12257
342,3.5836,-3.65469,2.02563,-2.03241,0.122784
343,3.5836,-3.65469,2.02694,-2.03389,0.122994
344,3.80392,-3.8756,2.02848,-2.03557,0.12319
345,3.80392,-3.8756,2.03424,-2.04146,0.123386
346,3.72605,-3.78819,2.03948,-2.0468,0.123612
347,3.72605,-3.78819,2.04293,-2.05017,0.123854
348,3.64061,-3.70299,2.04634,-2.0535,0.124097
349,3.64061,-3.70299,2.04815,-2.05525,0.124335
350,3.8634,-3.92653,2.05017,-2.05723,0.12456
351,3.8634,-3.92653,2.05643,-2.06347,0.124784
352,3.77688,-3.84021,2.06216,-2.06917,0.125039
353,3.77688,-3.84021,2.06592,-2.07292,0.12531
354,3.69247,-3.69599,2.06965,-2.07663,0.125581
355,3.69247,-3.69599,2.07181,-2.07769,0.125846
356,3.89783,-3.86207,2.07418,-2.07914,0.126092
357,3.89783,-3.86207,2.08045,-2.08392,0.126333
358,3.75215,-3.71659,2.08622,-2.08845,0.126594
359,3.75215,-3.71659,2.08894,-2.09015,0.126863
360,3.60848,-3.57314,2.09179,-2.09214,0.127117
361,3.60848,-3.57314,2.09209,-2.09174,0.127355
362,3.77631,-3.74168,2.09284,-2.0919,0.12756
363,3.77631,-3.74168,2.09699,-2.09557,0.127751
364,3.62168,-3.5875,2.10087,-2.09905,0.127954
365,3.62168,-3.5875,2.10172,-2.09958,0.128158
366,3.47901,-3.44549,2.10286,-2.10046,0.128341
367,3.47901,-3.44549,2.1016,-2.09899,0.128503
368,3.64943,-3.61658,2.10089,-2.0981,0.128631
369,3.64943,-3.61658,2.10369,-2.10076,0.128743
370,3.49613,-3.46405,2.10627,-2.10324,0.128866
371,3.49613,-3.46405,2.10589,-2.10278,0.12899
372,3.35516,-3.32391,2.10584,-2.10266,0.129093
373,3.35516,-3.32391,2.10343,-2.10021,0.129175
374,3.52806,-3.49743,2.10158,-2.09833,0.129223
375,3.52806,-3.49743,2.10331,-2.10004,0.129256
376,3.3863,-3.3565,2.10482,-2.10154,0.1293
377,3.3863,-3.3565,2.10359,-2.10031,0.129346
378,3.23774,-3.20878,2.10266,-2.09938,0.129375
379,3.23774,-3.20878,2.09921,-2.09595,0.129383
380,3.41298,-3.3846,2.09634,-2.0931,0.129358
381,3.41298,-3.3846,2.09709,-2.09387,0.129318
382,3.27357,-3.246,2.09764,-2.09443,0.12929
383,3.27357,-3.246,2.09548,-2.09231,0.129264
384,3.12752,-3.10075,2.09361,-2.09047,0.129222
385,3.12752,-3.10075,2.08928,-2.08617,0.12916
386,3.30497,-3.27874,2.08552,-2.08244,0.129065
387,3.30497,-3.27874,2.08541,-2.08237,0.128956
388,3.1682,-3.14273,2.08509,-2.08208,0.12886
389,3.1682,-3.14273,2.08211,-2.07914,0.128768
390,3.02496,-3.00982,2.07942,-2.07647,0.128659
391,3.02496,-3.00982,2.0743,-2.07157,0.128533
392,3.20446,-3.18962,2.06974,-2.06719,0.128375
393,3.20446,-3.18962,2.06887,-2.06647,0.128205
394,3.07059,-3.04669,2.06778,-2.06551,0.128049
395,3.07059,-3.04669,2.06408,-2.06175,0.127898
396,2.93997,-2.91676,2.06065,-2.05827,0.127731
397,2.93997,-2.91676,2.05502,-2.05262,0.127546
398,3.12117,-3.09842,2.04991,-2.04748,0.127332
399,3.12117,-3.09842,2.04849,-2.04605,0.127107
400,2.99022,-2.96811,2.04682,-2.04437,0.126898
401,2.99022,-2.96811,2.04257,-2.04012,0.126694
402,2.86262,-2.84113,2.03857,-2.03613,0.126476
403,2.86262,-2.84113,2.03241,-2.02998,0.126243
404,3.04536,-3.0243,2.02674,-2.02433,0.125982
405,3.04536,-3.0243,2.02479,-2.02239,0.12571
406,2.91747,-2.89702,2.02257,-2.02019,0.125456
407,2.91747,-2.89702,2.01783,-2.01547,0.125208
408,2.79299,-2.77312,2.01331,-2.01097,0.124948
409,2.79299,-2.77312,2.00669,-2.00438,0.124672
410,2.97713,-2.95766,2.00055,-1.99826,0.124371
411,2.97713,-2.95766,1.99813,-1.99587,0.124059
412,2.85239,-2.83349,1.99544,-1.9932,0.123766
413,2.85239,-2.83349,1.99027,-1.98806,0.12348
414,2.73111,-2.71276,1.98532,-1.98313,0.123182
415,2.73111,-2.71276,1.97831,-1.97615,0.122871
416,2.91649,-2.8985,1.97177,-1.96963,0.122534
417,2.91649,-2.8985,1.96896,-1.96685,0.122189
418,2.79497,-2.7871,1.96588,-1.96379,0.121862
419,2.79497,-2.7871,1.96036,-1.95847,0.121544
420,2.68653,-2.6694,1.95505,-1.95334,0.121215
421,2.68653,-2.6694,1.94791,-1.94616,0.120875
422,2.8728,-2.85601,1.94119,-1.93942,0.120512
423,2.8728,-2.85601,1.9382,-1.93642,0.120141
424,2.76394,-2.74764,1.93491,-1.93312,0.119791
425,2.76394,-2.74764,1.92939,-1.9276,0.11945
426,2.6488,-2.64255,1.92404,-1.92225,0.119101
427,2.6488,-2.64255,1.9167,-1.91509,0.118743
428,2.83582,-2.8297,1.90977,-1.90832,0.118362
429,2.83582,-2.8297,1.90658,-1.90526,0.117975
430,2.73001,-2.72414,1.90309,-1.90188,0.11761
431,2.73001,-2.72414,1.89744,-1.89632,0.117255
432,2.62747,-2.62185,1.89193,-1.89089,0.116893
433,2.62747,-2.62185,1.88466,-1.88369,0.116522
434,2.81492,-2.80941,1.87777,-1.87686,0.116131
435,2.81492,-2.80941,1.8746,-1.87375,0.115735
436,2.7119,-2.70659,1.87111,-1.87029,0.115362
437,2.7119,-2.70659,1.86548,-1.8647,0.114999
438,2.61213,-2.607,1.85999,-1.85924,0.114631
439,2.61213,-2.607,1.85276,-1.85204,0.114254
440,2.79988,-2.79486,1.84589,-1.8452,0.113858
441,2.79988,-2.79486,1.84274,-1.84208,0.113459
442,2.70915,-2.69471,1.83925,-1.8386,0.113082
443,2.70915,-2.69471,1.83385,-1.83304,0.112717
444,2.61182,-2.60731,1.82854,-1.8276,0.112348
445,2.61182,-2.60731,1.8215,-1.82064,0.111971
446,2.79959,-2.79517,1.81479,-1.81399,0.111578
447,2.79959,-2.79517,1.81179,-1.81104,0.111182
448,2.71125,-2.69738,1.80843,-1.80772,0.11081
449,2.71125,-2.69738,1.80319,-1.80235,0.110451
450,2.61624,-2.6123,1.79802,-1.79707,0.110088
451,2.61624,-2.6123,1.79117,-1.7903,0.109719
452,2.80391,-2.80005,1.78463,-1.78383,0.109334
453,2.80391,-2.80005,1.78178,-1.78105,0.108946
454,2.71781,-2.71408,1.77857,-1.77789,0.108583
455,2.71781,-2.71408,1.77351,-1.77288,0.108234
456,2.63453,-2.63095,1.76853,-1.76793,0.107882
457,2.63453,-2.63095,1.76206,-1.76149,0.107525
458,2.82184,-2.81833,1.75587,-1.75533,0.107154
459,2.82184,-2.81833,1.75335,-1.75283,0.106782
460,2.73763,-2.73424,1.75043,-1.74994,0.106435
461,2.73763,-2.73424,1.7457,-1.74523,0.106102
462,2.66575,-2.65288,1.74102,-1.74056,0.105768
463,2.66575,-2.65288,1.73505,-1.73443,0.10543
464,2.85243,-2.83982,1.72932,-1.72857,0.105079
465,2.85243,-2.83982,1.72722,-1.72636,0.104728
466,2.76973,-2.75741,1.7247,-1.72375,0.104402
467,2.76973,-2.75741,1.72037,-1.71935,0.104091
468,2.68968,-2.68723,1.71607,-1.715,0.10378
469,2.68968,-2.68723,1.71033,-1.70939,0.103464
470,2.87588,-2.87348,1.70483,-1.704,0.103136
471,2.87588,-2.87348,1.70297,-1.70223,0.102809
472,2.80425,-2.79238,1.7007,-1.70005,0.102507
473,2.80425,-2.79238,1.69684,-1.69607,0.10222
474,2.72537,-2.7234,1.69298,-1.69213,0.101934
475,2.72537,-2.7234,1.68768,-1.68693,0.101644
476,2.91087,-2.90893,1.68262,-1.68196,0.101343
477,2.91087,-2.90893,1.68115,-1.68057,0.101043
478,2.84035,-2.83851,1.67929,-1.67877,0.100769
479,2.84035,-2.83851,1.67584,-1.67537,0.100509
480,2.77206,-2.76072,1.67239,-1.67196,0.100252
481,2.77206,-2.76072,1.66768,-1.66712,0.0999917
482,2.95662,-2.94551,1.66318,-1.6625,0.0997205
483,2.95662,-2.94551,1.66224,-1.66147,0.0994509
484,2.88681,-2.87597,1.66087,-1.66003,0.0992073
485,2.88681,-2.87597,1.65792,-1.65701,0.0989788
486,2.81912,-2.80854,1.65495,-1.654,0.0987521
487,2.81912,-2.80854,1.65073,-1.64974,0.0985233
488,3.00274,-2.99236,1.6467,-1.64568,0.0982843
489,3.00274,-2.99236,1.6462,-1.64516,0.0980475
490,2.93342,-2.92331,1.64528,-1.64422,0.097837
491,2.93342,-2.92331,1.64278,-1.64171,0.0976418
492,2.8661,-2.85627,1.64027,-1.63919,0.0974485
493,2.8661,-2.85627,1.6365,-1.63542,0.0972532
494,3.04878,-3.03914,1.63292,-1.63184,0.0970479
495,3.04878,-3.03914,1.63286,-1.63179,0.0968447
496,2.97974,-2.97037,1.63238,-1.63131,0.0966676
497,2.97974,-2.97037,1.63032,-1.62925,0.0965058
498,2.91258,-2.90348,1.62825,-1.62719,0.0963457
499,2.91258,-2.90348,1.62493,-1.62388,0.0961836
500,3.09433,-3.08541,1.6218,-1.62075,0.0960113
501,3.09433,-3.08541,1.62217,-1.62113,0.0958411
502,3.02536,-3.02629,1.62211,-1.62109,0.0956967
503,3.02536,-3.02629,1.62048,-1.61965,0.0955676
504,2.95819,-2.95917,1.61884,-1.61816,0.0954409
505,2.95819,-2.95917,1.61595,-1.6154,0.0953127
506,3.13902,-3.13999,1.61326,-1.61282,0.0951745
507,3.13902,-3.13999,1.61405,-1.6137,0.0950384
508,3.07955,-3.07099,1.61442,-1.61415,0.0949281
509,3.07955,-3.07099,1.6134,-1.61301,0.0948329
510,3.01198,-3.01323,1.61234,-1.61186,0.0947401
511,3.01198,-3.01323,1.61,-1.60962,0.0946457
512,3.19174,-3.19297,1.60784,-1.60755,0.0945421
513,3.19174,-3.19297,1.60913,-1.60891,0.0944409
514,3.12223,-3.12345,1.61,-1.60984,0.0943656
515,3.12223,-3.12345,1.60928,-1.60917,0.0943052
516,3.06388,-3.05552,1.60855,-1.60848,0.0942462
517,3.06388,-3.05552,1.60673,-1.60652,0.094185
518,3.2426,-3.23441,1.60507,-1.60474,0.0941139
519,3.2426,-3.23441,1.60684,-1.60641,0.0940448
520,3.17243,-3.174,1.60817,-1.60767,0.094001
521,3.17243,-3.174,1.6079,-1.60751,0.0939721
522,3.11334,-3.10531,1.60761,-1.60731,0.0939448
523,3.11334,-3.10531,1.60621,-1.60582,0.0939156
524,3.29108,-3.2832,1.60498,-1.6045,0.0938766
525,3.29108,-3.2832,1.60715,-1.60661,0.0938395
526,3.2201,-3.222,1.6089,-1.6083,0.0938275
527,3.2201,-3.222,1.60902,-1.60855,0.0938301
528,3.16012,-3.15242,1.60912,-1.60877,0.0938341
529,3.16012,-3.15242,1.60811,-1.60768,0.0938359
530,3.33692,-3.32938,1.60727,-1.60677,0.0938275
531,3.33692,-3.32938,1.60982,-1.60926,0.0938207
532,3.26499,-3.26723,1.61194,-1.61133,0.0938387
533,3.26499,-3.26723,1.61242,-1.61196,0.0938708
534,3.19441,-3.19663,1.6129,-1.61255,0.0939041
535,3.19441,-3.19663,1.61206,-1.61182,0.0939345
536,3.37052,-3.3727,1.61143,-1.61126,0.0939535
537,3.37052,-3.3727,1.61419,-1.6141,0.0939731
538,3.30731,-3.29989,1.61655,-1.61652,0.0940167
539,3.30731,-3.29989,1.61746,-1.61729,0.0940738
540,3.2356,-3.23794,1.61834,-1.61806,0.0941314
541,3.2356,-3.23794,1.61787,-1.61768,0.094186
542,3.41089,-3.41318,1.6176,-1.61748,0.0942294
543,3.41089,-3.41318,1.6207,-1.62065,0.0942735
544,3.34652,-3.3392,1.6234,-1.6234,0.0943417
545,3.34652,-3.3392,1.62462,-1.62448,0.0944232
546,3.27362,-3.27604,1.62581,-1.62556,0.094505
547,3.27362,-3.27604,1.62564,-1.62548,0.0945835
548,3.44815,-3.45052,1.62566,-1.62557,0.0946504
549,3.44815,-3.45052,1.62905,-1.62902,0.0947178
550,3.37296,-3.37529,1.63204,-1.63206,0.0948088
551,3.37296,-3.37529,1.63335,-1.63341,0.0949126
552,3.29896,-3.30125,1.63467,-1.63476,0.0950154
553,3.29896,-3.30125,1.63462,-1.63474,0.0951137
554,3.47298,-3.47523,1.63479,-1.63494,0.0951989
555,3.47298,-3.47523,1.63834,-1.6385,0.0952832
556,3.40625,-3.39887,1.64149,-1.64167,0.0953902
557,3.40625,-3.39887,1.64313,-1.64314,0.0955096
558,3.33092,-3.33326,1.64476,-1.64463,0.0956281
559,3.33092,-3.33326,1.64498,-1.64492,0.0957422
560,3.5043,-3.5066,1.64541,-1.6454,0.0958439
561,3.5043,-3.5066,1.6492,-1.64923,0.0959452
562,3.42666,-3.4289,1.65259,-1.65266,0.0960693
563,3.42666,-3.4289,1.65426,-1.65436,0.0962055
564,3.35015,-3.35236,1.65595,-1.65608,0.0963399
565,3.35015,-3.35236,1.65624,-1.65639,0.096469
566,3.52315,-3.52531,1.65676,-1.65692,0.096584
567,3.52315,-3.52531,1.66064,-1.66082,0.0966975
568,3.44432,-3.44643,1.66414,-1.66432,0.096833
569,3.44432,-3.44643,1.6659,-1.66609,0.09698
570,3.36662,-3.36868,1.66769,-1.66789,0.0971245
571,3.36662,-3.36868,1.66806,-1.66827,0.0972631
572,3.53928,-3.5413,1.66867,-1.66888,0.0973871
573,3.53928,-3.5413,1.67264,-1.67285,0.0975093
574,3.45927,-3.46123,1.67623,-1.67644,0.097653
575,3.45927,-3.46123,1.67806,-1.67827,0.0978079
576,3.38039,-3.3823,1.67993,-1.68014,0.0979599
577,3.38039,-3.3823,1.68036,-1.68058,0.0981058
578,3.55278,-3.55465,1.68104,-1.68125,0.0982366
579,3.55278,-3.55465,1.68507,-1.68528,0.0983653
580,3.47159,-3.4734,1.68872,-1.68893,0.0985152
581,3.47159,-3.4734,1.69061,-1.69082,0.0986761
582,3.39154,-3.39331,1.69253,-1.69274,0.0988338
583,3.39154,-3.39331,1.693,-1.6932,0.098985
584,3.56371,-3.56544,1.69371,-1.69392,0.0991208
585,3.56371,-3.56544,1.69778,-1.69799,0.0992541
586,3.48137,-3.48305,1.70148,-1.70168,0.0994086
587,3.48137,-3.48305,1.70339,-1.70359,0.0995737
588,3.40018,-3.39223,1.70534,-1.70554,0.0997352
589,3.40018,-3.39223,1.70583,-1.70584,0.0998898
590,3.57218,-3.56438,1.70656,-1.70642,0.100028
591,3.57218,-3.56438,1.71064,-1.71039,0.100163
592,3.47913,-3.48105,1.71436,-1.714,0.100318
593,3.47913,-3.48105,1.71608,-1.71582,0.100483
594,3.39703,-3.3989,1.71788,-1.7177,0.100643
595,3.39703,-3.3989,1.71822,-1.7181,0.100796
596,3.56909,-3.57093,1.71882,-1.71876,0.100932
597,3.56909,-3.57093,1.7228,-1.72278,0.101065
598,3.48472,-3.47695,1.72642,-1.72644,0.101218
599,3.48472,-3.47695,1.72822,-1.72809,0.101381
600,3.39198,-3.39397,1.73008,-1.72983,0.10154
601,3.39198,-3.39397,1.73026,-1.73009,0.10169
602,3.56414,-3.56609,1.73074,-1.73063,0.101822
603,3.56414,-3.56609,1.7346,-1.73454,0.101951
604,3.47896,-3.47129,1.73811,-1.7381,0.102099
605,3.47896,-3.47129,1.73979,-1.73964,0.102257
606,3.38543,-3.38751,1.74154,-1.74128,0.10241
607,3.38543,-3.38751,1.74161,-1.74143,0.102554
608,3.55772,-3.55976,1.74198,-1.74186,0.102681
609,3.55772,-3.55976,1.74573,-1.74568,0.102803
610,3.47179,-3.4642,1.74914,-1.74913,0.102945
611,3.47179,-3.4642,1.75072,-1.75057,0.103096
612,3.37755,-3.37971,1.75236,-1.7521,0.103242
613,3.37755,-3.37971,1.75231,-1.75213,0.103379
614,3.54999,-3.55212,1.75256,-1.75245,0.103499
615,3.54999,-3.55212,1.75621,-1.75616,0.103613
616,3.45379,-3.45588,1.75951,-1.75951,0.103748
617,3.45379,-3.45588,1.7608,-1.76083,0.103892
618,3.36869,-3.36116,1.76218,-1.76225,0.104029
619,3.36869,-3.36116,1.76206,-1.76198,0.104157
620,3.54132,-3.53393,1.76223,-1.76202,0.104267
621,3.54132,-3.53393,1.7658,-1.76549,0.104371
622,3.44451,-3.44686,1.76901,-1.76861,0.104495
623,3.44451,-3.44686,1.77018,-1.76989,0.104629
624,3.34926,-3.35157,1.77144,-1.77125,0.104756
625,3.34926,-3.35157,1.77102,-1.7709,0.104875
626,3.52228,-3.52453,1.77092,-1.77086,0.104974
627,3.52228,-3.52453,1.77424,-1.77423,0.105068
628,3.42513,-3.42737,1.77722,-1.77726,0.105182
629,3.42513,-3.42737,1.77817,-1.77825,0.105304
630,3.32958,-3.33179,1.77923,-1.77933,0.10542
631,3.32958,-3.33179,1.77861,-1.77873,0.105526
632,3.50299,-3.50516,1.77831,-1.77845,0.105612
633,3.50299,-3.50516,1.78144,-1.7816,0.105692
634,3.41519,-3.40772,1.78423,-1.78441,0.105792
635,3.41519,-3.40772,1.78517,-1.78518,0.105901
636,3.31927,-3.31194,1.78619,-1.78606,0.106003
637,3.31927,-3.31194,1.78549,-1.78525,0.106096
638,3.49288,-3.4857,1.78511,-1.78477,0.10617
639,3.49288,-3.4857,1.78814,-1.78773,0.106239
640,3.39516,-3.38811,1.79083,-1.79036,0.106327
641,3.39516,-3.38811,1.79148,-1.79095,0.106424
642,3.29911,-3.29221,1.79222,-1.79165,0.106514
643,3.29911,-3.29221,1.79127,-1.79067,0.106595
644,3.47313,-3.46637,1.79064,-1.79001,0.106655
645,3.47313,-3.46637,1.79345,-1.7928,0.106711
646,3.3753,-3.3687,1.79593,-1.79526,0.106785
647,3.3753,-3.3687,1.79636,-1.79568,0.106869
648,3.2792,-3.27278,1.7969,-1.79621,0.106945
649,3.2792,-3.27278,1.79574,-1.79505,0.107012
650,3.45362,-3.44733,1.79491,-1.79422,0.107059
651,3.45362,-3.44733,1.79753,-1.79684,0.1071
652,3.35578,-3.34967,1.79982,-1.79913,0.107161
653,3.35578,-3.34967,1.80006,-1.79938,0.107231
654,3.25973,-3.25379,1.80042,-1.79973,0.107294
655,3.25973,-3.25379,1.79908,-1.7984,0.107347
656,3.43454,-3.42871,1.79807,-1.79739,0.107381
657,3.43454,-3.42871,1.80052,-1.79985,0.107409
658,3.33678,-3.33113,1.80263,-1.80196,0.107457
659,3.33678,-3.33113,1.8027,-1.80204,0.107514
660,3.24085,-3.23536,1.80288,-1.80223,0.107564
661,3.24085,-3.23536,1.80137,-1.80073,0.107605
662,3.41603,-3.41065,1.80019,-1.79956,0.107626
663,3.41603,-3.41065,1.80248,-1.80185,0.107641
664,3.30884,-3.3132,1.80443,-1.8038,0.107677
665,3.30884,-3.3132,1.80416,-1.80372,0.107721
666,3.21328,-3.21761,1.80403,-1.80375,0.107758
667,3.21328,-3.21761,1.80224,-1.80209,0.107784
668,3.38902,-3.39326,1.8008,-1.80075,0.107791
669,3.38902,-3.39326,1.80284,-1.80288,0.107792
670,3.29181,-3.29601,1.80456,-1.80467,0.107814
671,3.29181,-3.29601,1.80425,-1.80442,0.107844
672,3.19651,-3.20065,1.80406,-1.80428,0.107867
673,3.19651,-3.20065,1.80219,-1.80245,0.107881
674,3.37258,-3.37663,1.80066,-1.80095,0.107876
675,3.37258,-3.37663,1.8026,-1.80292,0.107866
676,3.27568,-3.27964,1.80421,-1.80455,0.107875
677,3.27568,-3.27964,1.8038,-1.80415,0.107894
678,3.18071,-3.18458,1.80349,-1.80386,0.107907
679,3.18071,-3.18458,1.80151,-1.80189,0.10791
680,3.35709,-3.36088,1.79985,-1.80024,0.107894
681,3.35709,-3.36088,1.80168,-1.80207,0.107874
682,3.26052,-3.26421,1.80317,-1.80357,0.107873
683,3.26052,-3.26421,1.80264,-1.80304,0.107882
684,3.16589,-3.15989,1.80222,-1.80261,0.107885
685,3.16589,-3.15989,1.80012,-1.80034,0.107878
686,3.34258,-3.3367,1.79835,-1.79842,0.107852
687,3.34258,-3.3367,1.80006,-1.80001,0.10782
688,3.24636,-3.24057,1.80143,-1.80128,0.107808
689,3.24636,-3.24057,1.80078,-1.80055,0.107805
690,3.15212,-3.14642,1.80023,-1.79993,0.107797
691,3.15212,-3.14642,1.79801,-1.79765,0.107779
692,3.32908,-3.32349,1.79611,-1.79571,0.107742
693,3.32908,-3.32349,1.7977,-1.79726,0.1077
694,3.22367,-3.22779,1.79894,-1.79848,0.107679
695,3.22367,-3.22779,1.798,-1.79769,0.107668
696,3.13003,-3.13409,1.79718,-1.797,0.107649
697,3.13003,-3.13409,1.79473,-1.79466,0.107621
698,3.30743,-3.31141,1.79262,-1.79263,0.107575
699,3.30743,-3.31141,1.79402,-1.7941,0.107523
700,3.21222,-3.21616,1.79508,-1.79523,0.107492
701,3.21222,-3.21616,1.79415,-1.79434,0.107471
702,3.11904,-3.12292,1.79333,-1.79356,0.107443
703,3.11904,-3.12292,1.79086,-1.79112,0.107408
704,3.29666,-3.30046,1.78871,-1.78901,0.107353
705,3.29666,-3.30046,1.79007,-1.79039,0.107294
706,3.20195,-3.20566,1.79109,-1.79142,0.107256
707,3.20195,-3.20566,1.79011,-1.79046,0.107228
708,3.10927,-3.11288,1.78923,-1.78959,0.107195
709,3.10927,-3.11288,1.78672,-1.78708,0.107153
710,3.28708,-3.29062,1.78452,-1.78488,0.107093
711,3.28708,-3.29062,1.78582,-1.78619,0.107028
712,3.19287,-3.1963,1.78678,-1.78715,0.106985
713,3.19287,-3.1963,1.78575,-1.78613,0.106951
714,3.10067,-3.10401,1.78482,-1.78519,0.106912
715,3.10067,-3.10401,1.78225,-1.78263,0.106865
716,3.27866,-3.28193,1.78,-1.78037,0.1068
717,3.27866,-3.28193,1.78126,-1.78163,0.106731
718,3.18493,-3.1881,1.78216,-1.78253,0.106682
719,3.18493,-3.1881,1.78109,-1.78145,0.106644
720,3.09323,-3.0963,1.78011,-1.78047,0.106601
721,3.09323,-3.0963,1.7775,-1.77786,0.10655
722,3.27137,-3.27438,1.7752,-1.77556,0.10648
723,3.27137,-3.27438,1.77642,-1.77677,0.106407
724,3.17812,-3.18105,1.77728,-1.77763,0.106355
725,3.17812,-3.18105,1.77617,-1.77651,0.106313
726,3.08691,-3.08974,1.77515,-1.77549,0.106266
727,3.08691,-3.08974,1.77251,-1.77285,0.106211
728,3.26517,-3.26795,1.77018,-1.77051,0.106138
729,3.26517,-3.26795,1.77136,-1.77169,0.106062
730,3.182,-3.17511,1.77219,-1.77251,0.106007
731,3.182,-3.17511,1.77123,-1.77137,0.105962
732,3.09108,-3.0843,1.77033,-1.77032,0.105914
733,3.09108,-3.0843,1.76779,-1.76766,0.105857
734,3.26926,-3.26262,1.76555,-1.76531,0.105784
735,3.26926,-3.26262,1.76679,-1.76648,0.105708
736,3.17679,-3.17027,1.76768,-1.76729,0.105652
737,3.17679,-3.17027,1.76659,-1.76615,0.105608
738,3.08634,-3.08953,1.76559,-1.7651,0.105559
739,3.08634,-3.08953,1.76297,-1.76262,0.105502
740,3.26461,-3.26774,1.76066,-1.76042,0.105428
741,3.26461,-3.26774,1.76185,-1.76171,0.105352
742,3.17259,-3.17568,1.76268,-1.76263,0.105298
743,3.17259,-3.17568,1.76157,-1.76158,0.105254
744,3.08258,-3.08563,1.76055,-1.76061,0.105206
745,3.08258,-3.08563,1.75792,-1.75803,0.10515
746,3.26093,-3.26392,1.7556,-1.75575,0.105077
747,3.26093,-3.26392,1.75679,-1.75697,0.105
748,3.17894,-3.17229,1.75763,-1.75783,0.104945
749,3.17894,-3.17229,1.7567,-1.75675,0.104901
750,3.08917,-3.08265,1.75582,-1.75574,0.104853
751,3.08917,-3.08265,1.75333,-1.75314,0.104798
752,3.26739,-3.26099,1.75113,-1.75085,0.104727
753,3.26739,-3.26099,1.75241,-1.75206,0.104652
754,3.17606,-3.17937,1.75333,-1.75292,0.104598
755,3.17606,-3.17937,1.7523,-1.75202,0.104556
756,3.08671,-3.08996,1.75134,-1.75117,0.10451
757,3.08671,-3.08996,1.7488,-1.74871,0.104458
758,3.26497,-3.26816,1.74655,-1.74654,0.104388
759,3.26497,-3.26816,1.74781,-1.74786,0.104315
760,3.18361,-3.17717,1.74871,-1.74881,0.104265
761,3.18361,-3.17717,1.74785,-1.74782,0.104225
762,3.09443,-3.09772,1.74705,-1.7469,0.104182
763,3.09443,-3.09772,1.74464,-1.74457,0.104132
764,3.27254,-3.27577,1.74251,-1.74252,0.104066
765,3.27254,-3.27577,1.74387,-1.74394,0.103998
766,3.18178,-3.18494,1.74487,-1.74498,0.103952
767,3.18178,-3.18494,1.74393,-1.74409,0.103917
768,3.10256,-3.09607,1.74307,-1.74326,0.103878
769,3.10256,-3.09607,1.74081,-1.74084,0.103832
770,3.28051,-3.27415,1.73881,-1.73872,0.10377
771,3.28051,-3.27415,1.74028,-1.74009,0.103705
772,3.18988,-3.19323,1.74138,-1.7411,0.103663
773,3.18988,-3.19323,1.74054,-1.74037,0.103631
774,3.1012,-3.10447,1.73976,-1.73968,0.103596
775,3.1012,-3.10447,1.7374,-1.7374,0.103555
776,3.27917,-3.28238,1.73534,-1.73539,0.103497
777,3.27917,-3.28238,1.73677,-1.73687,0.103436
778,3.19843,-3.192,1.73783,-1.73798,0.103397
779,3.19843,-3.192,1.73716,-1.73716,0.103369
780,3.10983,-3.11311,1.73653,-1.73641,0.103338
781,3.10983,-3.11311,1.7343,-1.73426,0.1033
782,3.28763,-3.29085,1.73235,-1.73238,0.103246
783,3.28763,-3.29085,1.73388,-1.73396,0.10319
784,3.20698,-3.20054,1.73504,-1.73517,0.103156
785,3.20698,-3.20054,1.73446,-1.73445,0.103133
786,3.11844,-3.12173,1.73392,-1.73379,0.103108
787,3.11844,-3.12173,1.73178,-1.73174,0.103076
788,3.29608,-3.29929,1.72992,-1.72994,0.103028
789,3.29608,-3.29929,1.73153,-1.73161,0.102978
790,3.20589,-3.20904,1.73278,-1.7329,0.10295
791,3.20589,-3.20904,1.7321,-1.73226,0.102933
792,3.12716,-3.13025,1.7315,-1.73169,0.102912
793,3.12716,-3.13025,1.72949,-1.72971,0.102885
794,3.30461,-3.30764,1.72775,-1.72799,0.102842
795,3.30461,-3.30764,1.72948,-1.72973,0.102797
796,3.21443,-3.21739,1.73083,-1.7311,0.102775
797,3.21443,-3.21739,1.73025,-1.73053,0.102764
798,3.1357,-3.129,1.72974,-1.73003,0.102748
799,3.1357,-3.129,1.72783,-1.72794,0.102726
800,3.31299,-3.30642,1.72618,-1.72615,0.102688
801,3.31299,-3.30642,1.72798,-1.72784,0.102648
802,3.22279,-3.22592,1.72941,-1.72917,0.102629
803,3.22279,-3.22592,1.7289,-1.72876,0.102621
804,3.14403,-3.13749,1.72846,-1.7284,0.102611
805,3.14403,-3.13749,1.72661,-1.72644,0.102593
806,3.32115,-3.31474,1.72503,-1.72476,0.10256
807,3.32115,-3.31474,1.7269,-1.72656,0.102525
808,3.23089,-3.23421,1.72839,-1.72799,0.102511
809,3.23089,-3.23421,1.72794,-1.72767,0.102509
810,3.15206,-3.14574,1.72757,-1.7274,0.102504
811,3.15206,-3.14574,1.72578,-1.72553,0.102492
812,3.32902,-3.32283,1.72426,-1.72393,0.102464
813,3.32902,-3.32283,1.72619,-1.72581,0.102434
814,3.23869,-3.24223,1.72775,-1.72731,0.102426
815,3.23869,-3.24223,1.72737,-1.72707,0.102429
816,3.15977,-3.15368,1.72706,-1.72688,0.102429
817,3.15977,-3.15368,1.72534,-1.72508,0.102423
818,3.33658,-3.3306,1.72389,-1.72355,0.1024
819,3.33658,-3.3306,1.72588,-1.7255,0.102375
820,3.24615,-3.24991,1.7275,-1.72707,0.102372
821,3.24615,-3.24991,1.72719,-1.7269,0.102381
822,3.16712,-3.16123,1.72694,-1.72677,0.102386
823,3.16712,-3.16123,1.72528,-1.72503,0.102384
824,3.34378,-3.33801,1.72389,-1.72357,0.102367
825,3.34378,-3.33801,1.72595,-1.72558,0.102347
826,3.25322,-3.25719,1.72763,-1.72722,0.102349
827,3.25322,-3.25719,1.72737,-1.7271,0.102362
828,3.17406,-3.16838,1.72719,-1.72703,0.102371
829,3.17406,-3.16838,1.72559,-1.72536,0.102374
830,3.35058,-3.34501,1.72425,-1.72396,0.102361
831,3.35058,-3.34501,1.72637,-1.72602,0.102346
832,3.25988,-3.26404,1.72811,-1.72771,0.102352
833,3.25988,-3.26404,1.7279,-1.72765,0.10237
834,3.18056,-3.17506,1.72777,-1.72764,0.102384
835,3.18056,-3.17506,1.72623,-1.72601,0.102391
836,3.35695,-3.35156,1.72495,-1.72467,0.102383
837,3.35695,-3.35156,1.72711,-1.72678,0.102372
838,3.26609,-3.27043,1.7289,-1.72853,0.102382
839,3.26609,-3.27043,1.72875,-1.72852,0.102404
840,3.18661,-3.18129,1.72867,-1.72855,0.102422
841,3.18661,-3.18129,1.72717,-1.72698,0.102433
842,3.36288,-3.35767,1.72594,-1.72568,0.102428
843,3.36288,-3.35767,1.72815,-1.72784,0.102421
844,3.27185,-3.27635,1.72999,-1.72963,0.102435
845,3.27185,-3.27635,1.72988,-1.72966,0.10246
846,3.19218,-3.18702,1.72984,-1.72975,0.102482
847,3.19218,-3.18702,1.72838,-1.72821,0.102497
848,3.36833,-3.36328,1.7272,-1.72696,0.102496
849,3.36833,-3.36328,1.72945,-1.72916,0.102492
850,3.27712,-3.28177,1.73133,-1.73099,0.102509
851,3.27712,-3.28177,1.73126,-1.73106,0.102538
852,3.19725,-3.19223,1.73126,-1.73119,0.102563
853,3.19725,-3.19223,1.72984,-1.72969,0.102581
854,3.37331,-3.36839,1.72869,-1.72847,0.102583
855,3.37331,-3.36839,1.73098,-1.7307,0.102582
856,3.28189,-3.28668,1.7329,-1.73258,0.102603
857,3.28189,-3.28668,1.73286,-1.73268,0.102634
858,3.19225,-3.19694,1.7329,-1.73284,0.102662
859,3.19225,-3.19694,1.73134,-1.73137,0.102683
860,3.3684,-3.373,1.73007,-1.73019,0.102686
861,3.3684,-3.373,1.73227,-1.73245,0.102687
862,3.28656,-3.29108,1.73411,-1.73435,0.102708
863,3.28656,-3.29108,1.73419,-1.73447,0.10274
864,3.1967,-3.20113,1.73433,-1.73464,0.102769
865,3.1967,-3.20113,1.73284,-1.73319,0.102791
866,3.37276,-3.37711,1.73165,-1.73202,0.102797
867,3.37276,-3.37711,1.73391,-1.7343,0.102799
868,3.29073,-3.29498,1.73581,-1.73621,0.102822
869,3.29073,-3.29498,1.73593,-1.73635,0.102856
870,3.20068,-3.20482,1.73611,-1.73654,0.102887
871,3.20068,-3.20482,1.73467,-1.7351,0.102912
872,3.37666,-3.38072,1.73351,-1.73394,0.102919
873,3.37666,-3.38072,1.7358,-1.73624,0.102923
874,3.29443,-3.28879,1.73773,-1.73817,0.102949
875,3.29443,-3.28879,1.73789,-1.73815,0.102985
876,3.20417,-3.20819,1.73809,-1.73821,0.103017
877,3.20417,-3.20819,1.73667,-1.73684,0.103042
878,3.38008,-3.38403,1.73553,-1.73574,0.10305
879,3.38008,-3.38403,1.73783,-1.73809,0.103055
880,3.29764,-3.29189,1.73978,-1.74006,0.103082
881,3.29764,-3.29189,1.73995,-1.74008,0.103119
882,3.20716,-3.2111,1.74017,-1.74017,0.103153
883,3.20716,-3.2111,1.73875,-1.73883,0.103179
884,3.38302,-3.38688,1.73762,-1.73776,0.103189
885,3.38302,-3.38688,1.73994,-1.74012,0.103195
886,3.29078,-3.29455,1.7419,-1.74212,0.103223
887,3.29078,-3.29455,1.7419,-1.74215,0.103262
888,3.20988,-3.20397,1.74198,-1.74226,0.103296
889,3.20988,-3.20397,1.74063,-1.74076,0.103322
890,3.38568,-3.37989,1.73955,-1.73955,0.10333
891,3.38568,-3.37989,1.74191,-1.7418,0.103336
892,3.29323,-3.29713,1.7439,-1.7437,0.103363
893,3.29323,-3.29713,1.74392,-1.74382,0.1034
894,3.20255,-3.20635,1.74401,-1.74401,0.103433
895,3.20255,-3.20635,1.74249,-1.74256,0.103459
896,3.37849,-3.38222,1.74127,-1.74139,0.103467
897,3.37849,-3.38222,1.74351,-1.74368,0.103472
898,3.29563,-3.29928,1.7454,-1.74561,0.103497
899,3.29563,-3.29928,1.74551,-1.74575,0.103533
900,3.20475,-3.20833,1.74567,-1.74595,0.103566
901,3.20475,-3.20833,1.74421,-1.7445,0.103591
902,3.38065,-3.38417,1.74303,-1.74334,0.103599
903,3.38065,-3.38417,1.74531,-1.74563,0.103604
904,3.29762,-3.29146,1.74723,-1.74756,0.10363
905,3.29762,-3.29146,1.74736,-1.74753,0.103666
906,3.20657,-3.2101,1.74755,-1.74758,0.103698
907,3.20657,-3.2101,1.7461,-1.74618,0.103723
908,3.38244,-3.3859,1.74493,-1.74507,0.103731
909,3.38244,-3.3859,1.74722,-1.74739,0.103736
910,3.28965,-3.29302,1.74914,-1.74936,0.103762
911,3.28965,-3.29302,1.7491,-1.74934,0.103799
912,3.20821,-3.20192,1.74915,-1.74941,0.10383
913,3.20821,-3.20192,1.74775,-1.74785,0.103854
914,3.38405,-3.37788,1.74662,-1.74659,0.10386
915,3.38405,-3.37788,1.74894,-1.7488,0.103863
916,3.29109,-3.29462,1.75089,-1.75066,0.103887
917,3.29109,-3.29462,1.75086,-1.75073,0.103922
918,3.19991,-3.20335,1.7509,-1.75086,0.103952
919,3.19991,-3.20335,1.74933,-1.74936,0.103974
920,3.37591,-3.37929,1.74805,-1.74814,0.10398
921,3.37591,-3.37929,1.75024,-1.75038,0.103981
922,3.29256,-3.2863,1.75208,-1.75226,0.104003
923,3.29256,-3.2863,1.75213,-1.75216,0.104035
924,3.20123,-3.20468,1.75225,-1.75216,0.104063
925,3.20123,-3.20468,1.75071,-1.7507,0.104084
926,3.37721,-3.38059,1.74947,-1.74953,0.104088
927,3.37721,-3.38059,1.75169,-1.7518,0.104088
928,3.28415,-3.28745,1.75355,-1.7537,0.10411
929,3.28415,-3.28745,1.75344,-1.75362,0.104142
930,3.20247,-3.19612,1.75341,-1.75363,0.104169
931,3.20247,-3.19612,1.75194,-1.752,0.104188
932,3.37842,-3.3722,1.75075,-1.75068,0.10419
933,3.37842,-3.3722,1.753,-1.75283,0.104188
934,3.28524,-3.27913,1.75488,-1.75462,0.104208
935,3.28524,-3.27913,1.75478,-1.75445,0.104237
936,3.19386,-3.19745,1.75476,-1.75438,0.104262
937,3.19386,-3.19745,1.75311,-1.75285,0.104278
938,3.36999,-3.3735,1.75176,-1.75161,0.104278
939,3.36999,-3.3735,1.75388,-1.75382,0.104274
940,3.27687,-3.28033,1.75565,-1.75566,0.104291
941,3.27687,-3.28033,1.75545,-1.75552,0.104318
942,3.19515,-3.18897,1.75534,-1.75547,0.10434
943,3.19515,-3.18897,1.75378,-1.75378,0.104354
944,3.37125,-3.36519,1.75251,-1.75239,0.104351
945,3.37125,-3.36519,1.75469,-1.75448,0.104344
946,3.27805,-3.2817,1.7565,-1.75621,0.104359
947,3.27805,-3.2817,1.75633,-1.75616,0.104384
948,3.18667,-3.19025,1.75624,-1.75616,0.104404
949,3.18667,-3.19025,1.75452,-1.75452,0.104417
950,3.36294,-3.36644,1.75311,-1.75318,0.104413
951,3.36294,-3.36644,1.75517,-1.75529,0.104404
952,3.26983,-3.27328,1.75688,-1.75704,0.104417
953,3.26983,-3.27328,1.75662,-1.75682,0.10444
954,3.18815,-3.18194,1.75645,-1.75668,0.104457
955,3.18815,-3.18194,1.75484,-1.75492,0.104466
956,3.36438,-3.3583,1.75351,-1.75346,0.104459
957,3.36438,-3.3583,1.75562,-1.75547,0.104447
958,3.27122,-3.27484,1.75738,-1.75714,0.104457
959,3.27122,-3.27484,1.75715,-1.75701,0.104477
960,3.1799,-3.18343,1.757,-1.75695,0.104493
961,3.1799,-3.18343,1.75522,-1.75525,0.104502
962,3.3563,-3.35977,1.75375,-1.75384,0.104492
963,3.3563,-3.35977,1.75576,-1.75589,0.10448
964,3.27285,-3.26667,1.75741,-1.75759,0.104488
965,3.27285,-3.26667,1.75727,-1.7573,0.104506
966,3.18146,-3.1754,1.75719,-1.75711,0.10452
967,3.18146,-3.1754,1.75547,-1.75529,0.104526
968,3.35783,-3.3519,1.75404,-1.75378,0.104515
969,3.35783,-3.3519,1.75607,-1.75574,0.1045
970,3.26476,-3.26852,1.75774,-1.75736,0.104506
971,3.26476,-3.26852,1.75744,-1.75719,0.104522
972,3.17351,-3.1772,1.75722,-1.75708,0.104534
973,3.17351,-3.1772,1.75538,-1.75533,0.104539
974,3.35004,-3.35366,1.75384,-1.75387,0.104525
975,3.35004,-3.35366,1.75579,-1.75588,0.104508
976,3.26668,-3.26066,1.75738,-1.75752,0.104512
977,3.26668,-3.26066,1.75718,-1.75719,0.104527
978,3.1754,-3.1791,1.75705,-1.75695,0.104537
979,3.1754,-3.1791,1.75528,-1.75526,0.10454
980,3.35189,-3.35551,1.7538,-1.75385,0.104525
981,3.35189,-3.35551,1.75578,-1.75589,0.104508
982,3.25893,-3.26247,1.75741,-1.75757,0.104512
983,3.25893,-3.26247,1.75706,-1.75726,0.104527
984,3.16782,-3.17129,1.75681,-1.75704,0.104537
985,3.16782,-3.17129,1.75493,-1.75519,0.104538
986,3.34446,-3.34787,1.75337,-1.75364,0.104522
987,3.34446,-3.34787,1.75528,-1.75557,0.104502
988,3.26124,-3.25498,1.75683,-1.75714,0.104502
989,3.26124,-3.25498,1.75661,-1.75675,0.104514
990,3.1701,-3.17353,1.75644,-1.75644,0.10452
991,3.1701,-3.17353,1.75463,-1.75469,0.104519
992,3.34669,-3.35006,1.75311,-1.75323,0.104502
993,3.34669,-3.35006,1.75506,-1.75522,0.104481
994,3.25388,-3.25716,1.75665,-1.75685,0.104482
995,3.25388,-3.25716,1.75627,-1.7565,0.104493
996,3.16291,-3.16612,1.75598,-1.75623,0.1045
997,3.16291,-3.16612,1.75407,-1.75434,0.104498
998,3.33965,-3.34279,1.75247,-1.75275,0.104479
999,3.33965,-3.34279,1.75434,-1.75463,0.104456
1000,3.25658,-3.25006,1.75586,-1.75616,0.104453
1001,3.25658,-3.25006,1.74739,-1.74751,0.104947
1002,3.16559,-3.16877,1.74165,-1.74163,0.105277
1003,3.16559,-3.16877,1.73608,-1.73613,0.105491
1004,3.34228,-3.34539,1.73205,-1.73214,0.105614
1005,3.34228,-3.34539,1.73228,-1.73241,0.105686
1006,3.24968,-3.25271,1.73265,-1.73281,0.10575
1007,3.24968,-3.25271,1.7314,-1.73159,0.105804
1008,3.16953,-3.1629,1.73051,-1.73072,0.105836
1009,3.16953,-3.1629,1.72839,-1.72844,0.10585
1010,3.34614,-3.33964,1.72669,-1.72661,0.105838
1011,3.34614,-3.33964,1.72851,-1.72832,0.105818
1012,3.25507,-3.25829,1.72995,-1.72968,0.105821
1013,3.25507,-3.25829,1.72946,-1.7293,0.105833
1014,3.17561,-3.16916,1.7291,-1.72903,0.105839
1015,3.17561,-3.16916,1.72735,-1.72718,0.105836
1016,3.3521,-3.34578,1.72592,-1.72566,0.105814
1017,3.3521,-3.34578,1.72793,-1.7276,0.105789
1018,3.26119,-3.26459,1.72951,-1.72913,0.105789
1019,3.26119,-3.26459,1.72914,-1.72889,0.105801
1020,3.1817,-3.17546,1.72887,-1.72873,0.105808
1021,3.1817,-3.17546,1.7272,-1.72698,0.105807
1022,3.35807,-3.35195,1.72584,-1.72554,0.105788
1023,3.35807,-3.35195,1.72791,-1.72755,0.105766
1024,3.26708,-3.2707,1.72955,-1.72915,0.10577
1025,3.26708,-3.2707,1.72923,-1.72898,0.105785
1026,3.1779,-3.18147,1.72901,-1.72887,0.105796
1027,3.1779,-3.18147,1.72722,-1.72717,0.105798
1028,3.35435,-3.35784,1.72576,-1.72579,0.105781
1029,3.35435,-3.35784,1.72776,-1.72785,0.105762
1030,3.27302,-3.27646,1.72936,-1.72949,0.105767
1031,3.27302,-3.27646,1.72918,-1.72935,0.105784
1032,3.18373,-3.18711,1.72907,-1.72927,0.105797
1033,3.18373,-3.18711,1.72738,-1.72761,0.105801
1034,3.36005,-3.36337,1.72601,-1.72625,0.105788
1035,3.36005,-3.36337,1.72809,-1.72835,0.105771
1036,3.27862,-3.28186,1.72975,-1.73002,0.10578
1037,3.27862,-3.28186,1.72963,-1.72991,0.1058
1038,3.18921,-3.19237,1.72959,-1.72987,0.105816
1039,3.18921,-3.19237,1.72795,-1.72824,0.105825
1040,3.36542,-3.36852,1.72663,-1.72692,0.105814
1041,3.36542,-3.36852,1.72876,-1.72905,0.105801
1042,3.28386,-3.28688,1.73047,-1.73076,0.105813
1043,3.28386,-3.28688,1.7304,-1.73069,0.105836
1044,3.1943,-3.19723,1.7304,-1.73069,0.105856
1045,3.1943,-3.19723,1.7288,-1.72909,0.105867
1046,3.37041,-3.37329,1.72752,-1.72781,0.10586
1047,3.37041,-3.37329,1.72969,-1.72998,0.10585
1048,3.28869,-3.29149,1.73144,-1.73172,0.105865
1049,3.28869,-3.29149,1.7314,-1.73169,0.105891
1050,3.19898,-3.2017,1.73144,-1.73172,0.105913
1051,3.19898,-3.2017,1.72988,-1.73016,0.105928
1052,3.375,-3.37766,1.72864,-1.72891,0.105923
1053,3.375,-3.37766,1.73084,-1.73111,0.105916
1054,3.29312,-3.28613,1.73262,-1.73289,0.105933
1055,3.29312,-3.28613,1.73262,-1.73271,0.105962
1056,3.20323,-3.20595,1.73268,-1.73263,0.105986
1057,3.20323,-3.20595,1.73115,-1.73115,0.106001
1058,3.37917,-3.38183,1.72993,-1.72998,0.105998
1059,3.37917,-3.38183,1.73215,-1.73224,0.105993
1060,3.29712,-3.29012,1.73395,-1.73408,0.106012
1061,3.29712,-3.29012,1.73397,-1.73394,0.106043
1062,3.20706,-3.20979,1.73406,-1.73391,0.106069
1063,3.20706,-3.20979,1.73254,-1.73247,0.106087
1064,3.38292,-3.3856,1.73135,-1.73134,0.106086
1065,3.38292,-3.3856,1.73359,-1.73363,0.106083
1066,3.3007,-3.29373,1.73542,-1.7355,0.106104
1067,3.3007,-3.29373,1.73545,-1.73539,0.106137
1068,3.21046,-3.21322,1.73556,-1.73539,0.106165
1069,3.21046,-3.21322,1.73407,-1.73397,0.106185
1070,3.38625,-3.38896,1.73289,-1.73286,0.106186
1071,3.38625,-3.38896,1.73515,-1.73518,0.106184
1072,3.29427,-3.29692,1.737,-1.73707,0.106208
1073,3.29427,-3.29692,1.73688,-1.73699,0.106242
1074,3.21364,-3.21624,1.73687,-1.737,0.106271
1075,3.21364,-3.21624,1.73545,-1.73561,0.106291
1076,3.38937,-3.39191,1.73433,-1.73451,0.106292
1077,3.38937,-3.39191,1.73665,-1.73684,0.106292
1078,3.2972,-3.29969,1.73854,-1.73874,0.106317
1079,3.2972,-3.29969,1.73846,-1.73867,0.106353
1080,3.21641,-3.20926,1.73848,-1.73869,0.106382
1081,3.21641,-3.20926,1.73708,-1.73712,0.106403
1082,3.39208,-3.38507,1.73599,-1.73589,0.106405
1083,3.39208,-3.38507,1.73833,-1.73812,0.106404
1084,3.29976,-3.30245,1.74023,-1.73993,0.106428
1085,3.29976,-3.30245,1.74015,-1.73996,0.106463
1086,3.21879,-3.21184,1.74017,-1.74007,0.106493
1087,3.21879,-3.21184,1.73878,-1.73857,0.106514
1088,3.39441,-3.3876,1.73769,-1.73739,0.106516
1089,3.39441,-3.3876,1.74002,-1.73966,0.106516
1090,3.30191,-3.30484,1.74193,-1.74151,0.106541
1091,3.30191,-3.30484,1.74186,-1.74157,0.106577
1092,3.21118,-3.21407,1.74188,-1.7417,0.106608
1093,3.21118,-3.21407,1.74031,-1.74022,0.10663
1094,3.38696,-3.38979,1.73908,-1.73906,0.106632
1095,3.38696,-3.38979,1.74131,-1.74134,0.106631
1096,3.30407,-3.29728,1.74312,-1.7432,0.106655
1097,3.30407,-3.29728,1.74314,-1.74308,0.106689
1098,3.21318,-3.21613,1.74325,-1.74307,0.106718
1099,3.21318,-3.21613,1.74173,-1.74164,0.106739
1100,3.38892,-3.39181,1.74054,-1.74053,0.10674
1101,3.38892,-3.39181,1.7428,-1.74284,0.106739
1102,3.2963,-3.29913,1.74464,-1.74472,0.106763
1103,3.2963,-3.29913,1.7445,-1.74462,0.106798
1104,3.21505,-3.21783,1.74447,-1.74462,0.106826
1105,3.21505,-3.21783,1.74303,-1.7432,0.106845
1106,3.39075,-3.39347,1.7419,-1.74209,0.106847
1107,3.39075,-3.39347,1.7442,-1.7444,0.106846
1108,3.29799,-3.30065,1.74607,-1.74629,0.10687
1109,3.29799,-3.30065,1.74596,-1.74619,0.106905
1110,3.21661,-3.20963,1.74596,-1.74619,0.106934
1111,3.21661,-3.20963,1.74453,-1.74459,0.106953
1112,3.39228,-3.38543,1.74342,-1.74333,0.106954
1113,3.39228,-3.38543,1.74572,-1.74553,0.106952
1114,3.29938,-3.30224,1.7476,-1.74732,0.106974
1115,3.29938,-3.30224,1.74749,-1.74732,0.107008
1116,3.20827,-3.21107,1.74748,-1.74739,0.107036
1117,3.20827,-3.21107,1.74587,-1.74585,0.107055
1118,3.38411,-3.38685,1.7446,-1.74463,0.107054
1119,3.38411,-3.38685,1.74678,-1.74686,0.10705
1120,3.30084,-3.29396,1.74856,-1.74867,0.10707
1121,3.30084,-3.29396,1.74853,-1.7485,0.107102
1122,3.2096,-3.21244,1.74859,-1.74843,0.107128
1123,3.2096,-3.21244,1.74702,-1.74695,0.107145
1124,3.38541,-3.38819,1.74578,-1.74577,0.107143
1125,3.38541,-3.38819,1.74799,-1.74803,0.107139
1126,3.29245,-3.29517,1.74978,-1.74987,0.107159
1127,3.29245,-3.29517,1.74959,-1.74971,0.10719
1128,3.21088,-3.20397,1.74951,-1.74966,0.107215
1129,3.21088,-3.20397,1.74801,-1.748,0.10723
1130,3.38666,-3.37989,1.74682,-1.74669,0.107226
1131,3.38666,-3.37989,1.74906,-1.74883,0.10722
1132,3.29359,-3.29654,1.75087,-1.75056,0.107238
1133,3.29359,-3.29654,1.7507,-1.7505,0.107267
1134,3.20234,-3.20522,1.75062,-1.75051,0.107291
1135,3.20234,-3.20522,1.74894,-1.74891,0.107305
1136,3.37829,-3.38111,1.74761,-1.74763,0.1073
1137,3.37829,-3.38111,1.74973,-1.7498,0.107292
1138,3.29489,-3.28809,1.75144,-1.75155,0.107308
1139,3.29489,-3.28809,1.75135,-1.75132,0.107335
1140,3.20353,-3.20647,1.75135,-1.75119,0.107356
1141,3.20353,-3.20647,1.74972,-1.74965,0.107369
1142,3.37946,-3.38234,1.74841,-1.74841,0.107362
1143,3.37946,-3.38234,1.75056,-1.75061,0.107353
1144,3.2864,-3.28922,1.75229,-1.75239,0.107369
1145,3.2864,-3.28922,1.75204,-1.75217,0.107396
1146,3.20474,-3.19792,1.7519,-1.75205,0.107416
1147,3.20474,-3.19792,1.75034,-1.75034,0.107427
1148,3.38065,-3.37396,1.74908,-1.74896,0.107419
1149,3.38065,-3.37396,1.75127,-1.75104,0.107408
1150,3.28751,-3.28095,1.75302,-1.75272,0.107422
1151,3.28751,-3.28095,1.75278,-1.75242,0.107446
1152,3.19619,-3.19935,1.75265,-1.75223,0.107464
1153,3.19619,-3.19935,1.7509,-1.75062,0.107473
1154,3.37227,-3.37537,1.7495,-1.74933,0.107462
1155,3.37227,-3.37537,1.75156,-1.75148,0.107449
1156,3.27925,-3.2823,1.75321,-1.7532,0.10746
1157,3.27925,-3.2823,1.75288,-1.75293,0.107482
1158,3.19764,-3.19106,1.75266,-1.75276,0.107498
1159,3.19764,-3.19106,1.75103,-1.75098,0.107504
1160,3.37369,-3.36724,1.7497,-1.74955,0.107492
1161,3.37369,-3.36724,1.75182,-1.75157,0.107476
1162,3.28061,-3.28389,1.75351,-1.75319,0.107485
1163,3.28061,-3.28389,1.75321,-1.75301,0.107505
1164,3.18938,-3.19259,1.75301,-1.75291,0.10752
1165,3.18938,-3.19259,1.75121,-1.75119,0.107526
1166,3.36559,-3.36874,1.74976,-1.7498,0.107512
1167,3.36559,-3.36874,1.75176,-1.75185,0.107494
1168,3.28225,-3.27576,1.75336,-1.75349,0.107502
1169,3.28225,-3.27576,1.75316,-1.75315,0.10752
1170,3.19097,-3.1942,1.75304,-1.75291,0.107533
1171,3.19097,-3.1942,1.75129,-1.75125,0.107537
1172,3.36715,-3.37032,1.74988,-1.7499,0.107522
1173,3.36715,-3.37032,1.75192,-1.75199,0.107505
1174,3.27419,-3.27729,1.75354,-1.75366,0.107512
1175,3.27419,-3.27729,1.75318,-1.75334,0.10753
1176,3.18307,-3.18611,1.75293,-1.75312,0.107543
1177,3.18307,-3.18611,1.75109,-1.75129,0.107545
1178,3.35941,-3.36239,1.74959,-1.74981,0.107528
1179,3.35941,-3.36239,1.75155,-1.75179,0.107507
1180,3.27618,-3.26951,1.75311,-1.75335,0.107511
1181,3.27618,-3.26951,1.75286,-1.75294,0.107525
1182,3.18502,-3.18806,1.7527,-1.75263,0.107534
1183,3.18502,-3.18806,1.75091,-1.75092,0.107534
1184,3.36132,-3.3643,1.74945,-1.74951,0.107516
1185,3.36132,-3.3643,1.75144,-1.75155,0.107495
1186,3.26849,-3.27139,1.75302,-1.75316,0.107498
1187,3.26849,-3.27139,1.75262,-1.75279,0.107513
1188,3.1871,-3.18035,1.75233,-1.75252,0.107521
1189,3.1871,-3.18035,1.75062,-1.75065,0.107521
1190,3.36336,-3.35675,1.74922,-1.74912,0.107501
1191,3.36336,-3.35675,1.75125,-1.75105,0.107478
1192,3.27049,-3.2736,1.75287,-1.75258,0.10748
1193,3.27049,-3.2736,1.75248,-1.75231,0.107494
1194,3.17949,-3.18253,1.75221,-1.75212,0.107502
1195,3.17949,-3.18253,1.75033,-1.75032,0.107501
1196,3.3559,-3.35888,1.7488,-1.74884,0.107481
1197,3.3559,-3.35888,1.75073,-1.75082,0.107458
1198,3.27279,-3.26614,1.75225,-1.75238,0.107459
1199,3.27279,-3.26614,1.75197,-1.75195,0.107471
1200,3.18177,-3.18483,1.75177,-1.75164,0.107477
1201,3.18177,-3.18483,1.74996,-1.7499,0.107476
1202,3.35813,-3.36114,1.74847,-1.74848,0.107455
1203,3.35813,-3.36114,1.75044,-1.7505,0.107432
1204,3.26544,-3.26837,1.75199,-1.7521,0.107433
1205,3.26544,-3.26837,1.75157,-1.75171,0.107446
1206,3.17458,-3.17746,1.75125,-1.75142,0.107453
1207,3.17458,-3.17746,1.74934,-1.74953,0.10745
1208,3.35109,-3.35391,1.74777,-1.74798,0.107428
1209,3.35109,-3.35391,1.74967,-1.74989,0.107402
1210,3.26814,-3.26131,1.75116,-1.75139,0.1074
1211,3.26814,-3.26131,1.75086,-1.75092,0.10741
1212,3.17728,-3.18015,1.75063,-1.75056,0.107414
1213,3.17728,-3.18015,1.74879,-1.74878,0.107409
1214,3.35373,-3.35655,1.74727,-1.74732,0.107386
1215,3.35373,-3.35655,1.74921,-1.7493,0.10736
1216,3.2612,-3.26394,1.75073,-1.75085,0.107359
1217,3.2612,-3.26394,1.75028,-1.75043,0.107369
1218,3.1801,-3.1732,1.74993,-1.7501,0.107373
1219,3.1801,-3.1732,1.74817,-1.74818,0.107368
1220,3.3565,-3.34974,1.74672,-1.7466,0.107344
1221,3.3565,-3.34974,1.74871,-1.74849,0.107318
1222,3.26394,-3.2669,1.75027,-1.74997,0.107316
1223,3.26394,-3.2669,1.74985,-1.74966,0.107325
1224,3.17326,-3.17615,1.74952,-1.74942,0.10733
1225,3.17326,-3.17615,1.74761,-1.74758,0.107325
1226,3.34979,-3.35263,1.74603,-1.74606,0.107301
1227,3.34979,-3.35263,1.74792,-1.74799,0.107274
1228,3.267,-3.2602,1.7494,-1.74951,0.107272
1229,3.267,-3.2602,1.74908,-1.74905,0.107281
1230,3.17628,-3.17921,1.74885,-1.7487,0.107284
1231,3.17628,-3.17921,1.747,-1.74693,0.107279
1232,3.35276,-3.35563,1.74547,-1.74547,0.107255
1233,3.35276,-3.35563,1.74741,-1.74746,0.107229
1234,3.26037,-3.26318,1.74893,-1.74902,0.107228
1235,3.26037,-3.26318,1.74847,-1.7486,0.107238
1236,3.17943,-3.1726,1.74812,-1.74828,0.107242
1237,3.17943,-3.1726,1.74636,-1.74636,0.107237
1238,3.35584,-3.34914,1.74491,-1.74479,0.107213
1239,3.35584,-3.34914,1.7469,-1.74668,0.107186
1240,3.26344,-3.26646,1.74846,-1.74816,0.107184
1241,3.26344,-3.26646,1.74804,-1.74785,0.107194
1242,3.17289,-3.17585,1.74772,-1.74762,0.107198
1243,3.17289,-3.17585,1.74581,-1.74578,0.107194
1244,3.34943,-3.35233,1.74423,-1.74427,0.10717
1245,3.34943,-3.35233,1.74613,-1.74621,0.107143
1246,3.26678,-3.26005,1.74761,-1.74773,0.107141
1247,3.26678,-3.26005,1.7473,-1.74727,0.10715
1248,3.17621,-3.17921,1.74707,-1.74693,0.107153
1249,3.17621,-3.17921,1.74523,-1.74517,0.107149
1250,3.35268,-3.35563,1.74371,-1.74372,0.107125
1251,3.35268,-3.35563,1.74565,-1.74571,0.107099
1252,3.26044,-3.26332,1.74718,-1.74728,0.107099
1253,3.26044,-3.26332,1.74673,-1.74686,0.107109
1254,3.17963,-3.17286,1.74639,-1.74655,0.107113
1255,3.17963,-3.17286,1.74464,-1.74465,0.107109
1256,3.35603,-3.34941,1.7432,-1.74308,0.107085
1257,3.35603,-3.34941,1.7452,-1.74498,0.107059
1258,3.26376,-3.26684,1.74677,-1.74647,0.107058
1259,3.26376,-3.26684,1.74636,-1.74617,0.107068
1260,3.17334,-3.17635,1.74604,-1.74595,0.107073
1261,3.17334,-3.17635,1.74414,-1.74412,0.107069
1262,3.34987,-3.35282,1.74258,-1.74262,0.107046
1263,3.34987,-3.35282,1.74448,-1.74457,0.10702
1264,3.26733,-3.26066,1.74598,-1.7461,0.107018
1265,3.26733,-3.26066,1.74568,-1.74566,0.107028
1266,3.17688,-3.17993,1.74546,-1.74532,0.107032
1267,3.17688,-3.17993,1.74363,-1.74358,0.107028
1268,3.35334,-3.35633,1.74213,-1.74214,0.107005
1269,3.35334,-3.35633,1.74408,-1.74414,0.10698
1270,3.26121,-3.26413,1.74562,-1.74572,0.10698
1271,3.26121,-3.26413,1.74518,-1.74532,0.106991
1272,3.1805,-3.17378,1.74486,-1.74502,0.106997
1273,3.1805,-3.17378,1.74312,-1.74313,0.106993
1274,3.35689,-3.35031,1.74169,-1.74158,0.10697
1275,3.35689,-3.35031,1.7437,-1.74349,0.106945
1276,3.26472,-3.26784,1.74529,-1.74499,0.106944
1277,3.26472,-3.26784,1.74489,-1.74471,0.106956
1278,3.17439,-3.17745,1.74459,-1.7445,0.106961
1279,3.17439,-3.17745,1.74271,-1.74269,0.106959
1280,3.3509,-3.3539,1.74116,-1.7412,0.106936
1281,3.3509,-3.3539,1.74308,-1.74317,0.106911
1282,3.26845,-3.26183,1.74458,-1.74471,0.106911
1283,3.26845,-3.26183,1.7443,-1.74429,0.106921
1284,3.17808,-3.18119,1.7441,-1.74396,0.106927
1285,3.17808,-3.18119,1.74229,-1.74224,0.106924
1286,3.35451,-3.35756,1.7408,-1.74081,0.106902
1287,3.35451,-3.35756,1.74277,-1.74283,0.106878
1288,3.27205,-3.26544,1.74432,-1.74443,0.106879
1289,3.27205,-3.26544,1.74408,-1.74404,0.106892
1290,3.18164,-3.18475,1.74391,-1.74376,0.106899
1291,3.18164,-3.18475,1.74213,-1.74207,0.106898
1292,3.35801,-3.36106,1.74068,-1.74068,0.106879
1293,3.35801,-3.36106,1.74267,-1.74273,0.106857
1294,3.2659,-3.26889,1.74425,-1.74436,0.106861
1295,3.2659,-3.26889,1.74387,-1.74401,0.106875
1296,3.18521,-3.17856,1.74358,-1.74375,0.106884
1297,3.18521,-3.17856,1.7419,-1.74191,0.106883
1298,3.36151,-3.35499,1.74051,-1.7404,0.106864
1299,3.36151,-3.35499,1.74257,-1.74236,0.106842
1300,3.26934,-3.27254,1.74419,-1.74391,0.106845
1301,3.26934,-3.27254,1.74384,-1.74367,0.106859
1302,3.17901,-3.18215,1.74359,-1.7435,0.106868
1303,3.17901,-3.18215,1.74175,-1.74174,0.106869
1304,3.35543,-3.35851,1.74024,-1.74029,0.10685
1305,3.35543,-3.35851,1.7422,-1.7423,0.106828
1306,3.27299,-3.26642,1.74375,-1.74388,0.10683
1307,3.27299,-3.26642,1.74351,-1.7435,0.106844
1308,3.18259,-3.18576,1.74335,-1.74322,0.106853
1309,3.18259,-3.18576,1.74158,-1.74153,0.106853
1310,3.35894,-3.36205,1.74013,-1.74015,0.106835
1311,3.35894,-3.36205,1.74214,-1.74221,0.106814
1312,3.26686,-3.26989,1.74373,-1.74385,0.106818
1313,3.26686,-3.26989,1.74335,-1.7435,0.106833
1314,3.1862,-3.17959,1.74308,-1.74326,0.106843
1315,3.1862,-3.17959,1.7414,-1.74143,0.106843
1316,3.36248,-3.35599,1.74003,-1.73993,0.106824
1317,3.36248,-3.35599,1.7421,-1.74189,0.106803
1318,3.27033,-3.27356,1.74373,-1.74345,0.106807
1319,3.27033,-3.27356,1.74339,-1.74322,0.106822
1320,3.18961,-3.18319,1.74315,-1.74307,0.106832
1321,3.18961,-3.18319,1.74149,-1.74131,0.106833
1322,3.36582,-3.35952,1.74014,-1.73988,0.106816
1323,3.36582,-3.35952,1.74223,-1.7419,0.106797
1324,3.27362,-3.27704,1.74389,-1.7435,0.106802
1325,3.27362,-3.27704,1.74357,-1.74332,0.106819
1326,3.18324,-3.18661,1.74334,-1.74321,0.106831
1327,3.18324,-3.18661,1.74154,-1.74149,0.106835
1328,3.35958,-3.36288,1.74006,-1.74009,0.106818
1329,3.35958,-3.36288,1.74206,-1.74213,0.106799
1330,3.27707,-3.27074,1.74364,-1.74376,0.106805
1331,3.27707,-3.27074,1.74343,-1.74342,0.106821
1332,3.18661,-3.19001,1.74331,-1.74318,0.106833
1333,3.18661,-3.19001,1.74157,-1.74153,0.106836
1334,3.36288,-3.36621,1.74016,-1.74018,0.10682
1335,3.36288,-3.36621,1.74219,-1.74228,0.106802
1336,3.27074,-3.27398,1.74382,-1.74395,0.106808
1337,3.27074,-3.27398,1.74347,-1.74364,0.106827
1338,3.19001,-3.1836,1.74324,-1.74343,0.106838
1339,3.19001,-3.1836,1.74159,-1.74163,0.106841
1340,3.36621,-3.35992,1.74025,-1.74016,0.106825
1341,3.36621,-3.35992,1.74234,-1.74216,0.106807
1342,3.27399,-3.2774,1.74401,-1.74375,0.106813
1343,3.27399,-3.2774,1.7437,-1.74355,0.10683
1344,3.19318,-3.18694,1.74349,-1.74343,0.106843
1345,3.19318,-3.18694,1.74186,-1.7417,0.106846
1346,3.36932,-3.3632,1.74054,-1.7403,0.106832
1347,3.36932,-3.3632,1.74266,-1.74234,0.106815
1348,3.27702,-3.28063,1.74434,-1.74398,0.106822
1349,3.27702,-3.28063,1.74405,-1.74382,0.106842
1350,3.18654,-3.1901,1.74386,-1.74374,0.106856
1351,3.18654,-3.1901,1.74207,-1.74204,0.106861
1352,3.36281,-3.3663,1.74063,-1.74067,0.106847
1353,3.36281,-3.3663,1.74265,-1.74274,0.10683
1354,3.28021,-3.27406,1.74426,-1.7444,0.106838
1355,3.28021,-3.27406,1.74407,-1.74408,0.106856
1356,3.18966,-3.19323,1.74397,-1.74386,0.10687
1357,3.18966,-3.19323,1.74226,-1.74223,0.106875
1358,3.36586,-3.36936,1.74087,-1.74092,0.106861
1359,3.36586,-3.36936,1.74293,-1.74303,0.106844
1360,3.27361,-3.27703,1.74458,-1.74473,0.106853
1361,3.27361,-3.27703,1.74426,-1.74444,0.106873
1362,3.19277,-3.18654,1.74404,-1.74425,0.106887
1363,3.19277,-3.18654,1.74241,-1.74247,0.106891
1364,3.36892,-3.36281,1.74109,-1.74102,0.106877
1365,3.36892,-3.36281,1.74321,-1.74304,0.10686
1366,3.27659,-3.28017,1.7449,-1.74465,0.106868
1367,3.27659,-3.28017,1.74461,-1.74447,0.106887
1368,3.18608,-3.18959,1.74441,-1.74437,0.106901
1369,3.18608,-3.18959,1.74263,-1.74266,0.106906
1370,3.36235,-3.3658,1.74118,-1.74127,0.106891
1371,3.36235,-3.3658,1.7432,-1.74333,0.106874
1372,3.27971,-3.27352,1.7448,-1.74498,0.106881
1373,3.27971,-3.27352,1.74462,-1.74464,0.106899
1374,3.18913,-3.19266,1.74451,-1.74442,0.106912
1375,3.18913,-3.19266,1.74279,-1.74278,0.106917
1376,3.36535,-3.3688,1.7414,-1.74145,0.106902
1377,3.36535,-3.3688,1.74346,-1.74356,0.106886
1378,3.28265,-3.27644,1.7451,-1.74525,0.106894
1379,3.28265,-3.27644,1.74494,-1.74495,0.106914
1380,3.19198,-3.19551,1.74486,-1.74476,0.106928
1381,3.19198,-3.19551,1.74317,-1.74315,0.106934
1382,3.36814,-3.3716,1.7418,-1.74185,0.106921
1383,3.36814,-3.3716,1.74388,-1.74398,0.106906
1384,3.27578,-3.27916,1.74555,-1.74569,0.106916
1385,3.27578,-3.27916,1.74524,-1.74542,0.106937
1386,3.19484,-3.18856,1.74504,-1.74525,0.106952
1387,3.19484,-3.18856,1.74342,-1.74348,0.106958
1388,3.37094,-3.36479,1.74212,-1.74205,0.106945
1389,3.37094,-3.36479,1.74425,-1.74408,0.106929
1390,3.2785,-3.28204,1.74595,-1.7457,0.106937
1391,3.2785,-3.28204,1.74567,-1.74553,0.106958
1392,3.18788,-3.19135,1.74549,-1.74544,0.106973
1393,3.18788,-3.19135,1.74371,-1.74374,0.106979
1394,3.36412,-3.36753,1.74228,-1.74236,0.106965
1395,3.36412,-3.36753,1.7443,-1.74444,0.106949
1396,3.28137,-3.27513,1.74592,-1.74609,0.106957
1397,3.28137,-3.27513,1.74575,-1.74577,0.106976
1398,3.19066,-3.19415,1.74565,-1.74555,0.10699
1399,3.19066,-3.19415,1.74394,-1.74392,0.106995
1400,3.36685,-3.37026,1.74255,-1.7426,0.106981
1401,3.36685,-3.37026,1.74462,-1.74472,0.106966
1402,3.27445,-3.2778,1.74627,-1.74641,0.106974
1403,3.27445,-3.2778,1.74594,-1.74612,0.106994
1404,3.19347,-3.18715,1.74573,-1.74594,0.107008
1405,3.19347,-3.18715,1.7441,-1.74415,0.107013
1406,3.3696,-3.36341,1.74278,-1.74271,0.106999
1407,3.3696,-3.36341,1.74489,-1.74472,0.106982
1408,3.27712,-3.28064,1.74658,-1.74633,0.10699
1409,3.27712,-3.28064,1.74629,-1.74615,0.107009
1410,3.18648,-3.18992,1.74609,-1.74604,0.107023
1411,3.18648,-3.18992,1.7443,-1.74433,0.107028
1412,3.36275,-3.36612,1.74285,-1.74294,0.107013
1413,3.36275,-3.36612,1.74487,-1.74499,0.106996
1414,3.27998,-3.27371,1.74647,-1.74663,0.107003
1415,3.27998,-3.27371,1.74628,-1.7463,0.107021
1416,3.18927,-3.19269,1.74617,-1.74607,0.107034
1417,3.18927,-3.19269,1.74444,-1.74442,0.107038
1418,3.36548,-3.36884,1.74304,-1.74309,0.107023
1419,3.36548,-3.36884,1.74509,-1.74519,0.107006
1420,3.27308,-3.27635,1.74673,-1.74687,0.107014
1421,3.27308,-3.27635,1.74639,-1.74657,0.107033
1422,3.19208,-3.1857,1.74616,-1.74637,0.107046
1423,3.19208,-3.1857,1.74452,-1.74457,0.10705
1424,3.36824,-3.36199,1.74319,-1.74311,0.107035
1425,3.36824,-3.36199,1.74529,-1.74511,0.107017
1426,3.27575,-3.27921,1.74697,-1.74671,0.107024
1427,3.27575,-3.27921,1.74666,-1.74651,0.107042
1428,3.18511,-3.18849,1.74645,-1.74639,0.107055
1429,3.18511,-3.18849,1.74465,-1.74466,0.107059
1430,3.36141,-3.36472,1.74318,-1.74326,0.107043
1431,3.36141,-3.36472,1.74518,-1.7453,0.107025
1432,3.27863,-3.28189,1.74677,-1.74693,0.107031
1433,3.27863,-3.28189,1.74657,-1.74676,0.107048
1434,3.18791,-3.1911,1.74645,-1.74666,0.107061
1435,3.18791,-3.1911,1.74471,-1.74494,0.107066
1436,3.36415,-3.36728,1.74331,-1.74355,0.107051
1437,3.36415,-3.36728,1.74535,-1.74561,0.107034
1438,3.28133,-3.2748,1.74699,-1.74725,0.107041
1439,3.28133,-3.2748,1.74682,-1.74691,0.10706
1440,3.19056,-3.19373,1.74673,-1.74668,0.107073
1441,3.19056,-3.19373,1.74502,-1.74504,0.107078
1442,3.36674,-3.36986,1.74363,-1.74371,0.107064
1443,3.36674,-3.36986,1.7457,-1.74582,0.107048
1444,3.27428,-3.27731,1.74735,-1.7475,0.107056
1445,3.27428,-3.27731,1.74702,-1.7472,0.107076
1446,3.19321,-3.18659,1.7468,-1.747,0.107089
1447,3.19321,-3.18659,1.74517,-1.74521,0.107093
1448,3.36935,-3.36286,1.74384,-1.74375,0.107079
1449,3.36935,-3.36286,1.74595,-1.74576,0.107061
1450,3.2768,-3.28002,1.74763,-1.74736,0.107069
1451,3.2768,-3.28002,1.74733,-1.74717,0.107087
1452,3.18609,-3.18923,1.74713,-1.74705,0.107101
1453,3.18609,-3.18923,1.74533,-1.74533,0.107105
1454,3.36236,-3.36545,1.74387,-1.74393,0.10709
1455,3.36236,-3.36545,1.74588,-1.74598,0.107072
1456,3.27953,-3.27298,1.74747,-1.74761,0.107078
1457,3.27953,-3.27298,1.74727,-1.74727,0.107096
1458,3.18874,-3.19192,1.74715,-1.74703,0.107108
1459,3.18874,-3.19192,1.74542,-1.74537,0.107112
1460,3.36497,-3.36808,1.74401,-1.74403,0.107097
1461,3.36497,-3.36808,1.74605,-1.74612,0.107079
1462,3.2725,-3.27553,1.74768,-1.7478,0.107086
1463,3.2725,-3.27553,1.74733,-1.74748,0.107105
1464,3.19145,-3.18482,1.74709,-1.74727,0.107117
1465,3.19145,-3.18482,1.74544,-1.74546,0.10712
1466,3.36762,-3.36113,1.74409,-1.74399,0.107104
1467,3.36762,-3.36113,1.74619,-1.74598,0.107085
1468,3.27507,-3.2783,1.74785,-1.74757,0.107091
1469,3.27507,-3.2783,1.74753,-1.74736,0.107109
1470,3.18438,-3.18753,1.74731,-1.74723,0.107121
1471,3.18438,-3.18753,1.7455,-1.74549,0.107125
1472,3.36069,-3.36378,1.74403,-1.74408,0.107108
1473,3.36069,-3.36378,1.74602,-1.74612,0.107089
1474,3.27786,-3.27132,1.7476,-1.74773,0.107094
1475,3.27786,-3.27132,1.74738,-1.74737,0.107111
1476,3.18709,-3.19028,1.74725,-1.74712,0.107122
1477,3.18709,-3.19028,1.7455,-1.74545,0.107124
1478,3.36335,-3.36648,1.74407,-1.74409,0.107108
1479,3.36335,-3.36648,1.7461,-1.74618,0.107089
1480,3.2709,-3.27395,1.74771,-1.74783,0.107095
1481,3.2709,-3.27395,1.74735,-1.74751,0.107113
1482,3.18986,-3.18327,1.7471,-1.74728,0.107124
1483,3.18986,-3.18327,1.74544,-1.74546,0.107126
1484,3.36606,-3.3596,1.74408,-1.74398,0.107109
1485,3.36606,-3.3596,1.74616,-1.74596,0.10709
1486,3.27354,-3.2768,1.74781,-1.74753,0.107095
1487,3.27354,-3.2768,1.74748,-1.74731,0.107111
1488,3.18288,-3.18606,1.74724,-1.74717,0.107122
1489,3.18288,-3.18606,1.74542,-1.74542,0.107125
1490,3.35922,-3.36234,1.74393,-1.74399,0.107108
1491,3.35922,-3.36234,1.74591,-1.74601,0.107087
1492,3.27643,-3.26991,1.74748,-1.74762,0.107092
1493,3.27643,-3.26991,1.74725,-1.74725,0.107107
1494,3.1857,-3.1889,1.74711,-1.74698,0.107117
1495,3.1857,-3.1889,1.74535,-1.7453,0.107119
1496,3.36199,-3.36512,1.74391,-1.74394,0.107102
1497,3.36199,-3.36512,1.74593,-1.74601,0.107082
1498,3.26958,-3.27263,1.74753,-1.74765,0.107087
1499,3.26958,-3.27263,1.74716,-1.74731,0.107104
1500,3.18858,-3.18198,1.7469,-1.74708,0.107114
1501,3.18858,-3.18198,1.74522,-1.74525,0.107116
1502,3.36481,-3.35835,1.74385,-1.74375,0.107098
1503,3.36481,-3.35835,1.74592,-1.74572,0.107077
1504,3.27235,-3.27558,1.74757,-1.74729,0.107082
1505,3.27235,-3.27558,1.74723,-1.74706,0.107098
1506,3.18171,-3.18488,1.74698,-1.74691,0.107108
1507,3.18171,-3.18488,1.74515,-1.74515,0.10711
1508,3.35808,-3.36118,1.74366,-1.74371,0.107092
1509,3.35808,-3.36118,1.74562,-1.74573,0.107071
1510,3.27533,-3.2688,1.74718,-1.74732,0.107074
1511,3.27533,-3.2688,1.74695,-1.74694,0.107089
1512,3.18463,-3.18782,1.7468,-1.74667,0.107099
1513,3.18463,-3.18782,1.74503,-1.74498,0.1071
1514,3.36094,-3.36407,1.74358,-1.74361,0.107082
1515,3.36094,-3.36407,1.74559,-1.74567,0.107062
1516,3.26856,-3.27162,1.74719,-1.74731,0.107066
1517,3.26856,-3.27162,1.74681,-1.74696,0.107082
1518,3.18761,-3.18103,1.74654,-1.74672,0.107092
1519,3.18761,-3.18103,1.74486,-1.74488,0.107093
1520,3.36386,-3.35741,1.74348,-1.74338,0.107074
1521,3.36386,-3.35741,1.74555,-1.74535,0.107053
1522,3.27142,-3.27468,1.74718,-1.7469,0.107057
1523,3.27142,-3.27468,1.74684,-1.74667,0.107072
1524,3.18083,-3.18402,1.74659,-1.74651,0.107082
1525,3.18083,-3.18402,1.74475,-1.74475,0.107083
1526,3.35721,-3.36034,1.74325,-1.7433,0.107065
1527,3.35721,-3.36034,1.74521,-1.74531,0.107044
1528,3.27451,-3.26801,1.74676,-1.74691,0.107047
1529,3.27451,-3.26801,1.74653,-1.74652,0.107061
1530,3.18387,-3.18708,1.74637,-1.74624,0.10707
1531,3.18387,-3.18708,1.74459,-1.74455,0.107071
1532,3.36019,-3.36334,1.74315,-1.74317,0.107053
1533,3.36019,-3.36334,1.74515,-1.74523,0.107032
1534,3.26786,-3.27094,1.74674,-1.74686,0.107036
1535,3.26786,-3.27094,1.74636,-1.74651,0.107052
1536,3.18695,-3.18038,1.74609,-1.74627,0.107061
1537,3.18695,-3.18038,1.7444,-1.74443,0.107061
1538,3.36321,-3.35678,1.74302,-1.74292,0.107043
1539,3.36321,-3.35678,1.74508,-1.74488,0.107022
1540,3.27082,-3.2741,1.74671,-1.74644,0.107025
1541,3.27082,-3.2741,1.74636,-1.7462,0.10704
1542,3.18028,-3.18349,1.74611,-1.74604,0.10705
1543,3.18028,-3.18349,1.74427,-1.74427,0.10705
1544,3.35667,-3.35982,1.74277,-1.74283,0.107032
1545,3.35667,-3.35982,1.74473,-1.74483,0.10701
1546,3.27401,-3.27711,1.74628,-1.74642,0.107013
1547,3.27401,-3.27711,1.74604,-1.74621,0.107027
1548,3.18341,-3.18646,1.74588,-1.74607,0.107037
1549,3.18341,-3.18646,1.74411,-1.74432,0.107039
1550,3.35974,-3.36273,1.74266,-1.74289,0.107022
1551,3.35974,-3.36273,1.74468,-1.74492,0.107002
1552,3.27705,-3.27038,1.74627,-1.74652,0.107006
1553,3.27705,-3.27038,1.74607,-1.74615,0.107022
1554,3.1864,-3.18944,1.74595,-1.74589,0.107033
1555,3.1864,-3.18944,1.74421,-1.74422,0.107035
1556,3.36267,-3.36565,1.74279,-1.74285,0.107018
1557,3.36267,-3.36565,1.74482,-1.74493,0.106999
1558,3.27033,-3.27324,1.74644,-1.74658,0.107005
1559,3.27033,-3.27324,1.74608,-1.74625,0.107022
1560,3.18939,-3.18266,1.74583,-1.74602,0.107033
1561,3.18939,-3.18266,1.74417,-1.7442,0.107035
1562,3.3656,-3.35901,1.74281,-1.74271,0.107018
1563,3.3656,-3.35901,1.7449,-1.74469,0.106998
1564,3.27319,-3.27632,1.74655,-1.74627,0.107003
1565,3.27319,-3.27632,1.74622,-1.74605,0.10702
1566,3.18263,-3.18568,1.74599,-1.74591,0.107031
1567,3.18263,-3.18568,1.74417,-1.74416,0.107033
1568,3.35897,-3.36197,1.74268,-1.74273,0.107016
1569,3.35897,-3.36197,1.74466,-1.74476,0.106996
1570,3.27629,-3.26963,1.74624,-1.74637,0.107
1571,3.27629,-3.26963,1.74601,-1.746,0.107016
1572,3.18565,-3.18872,1.74587,-1.74573,0.107026
1573,3.18565,-3.18872,1.74411,-1.74406,0.107028
1574,3.36193,-3.36495,1.74268,-1.7427,0.107011
1575,3.36193,-3.36495,1.7447,-1.74477,0.106992
1576,3.2696,-3.27256,1.74631,-1.74642,0.106997
1577,3.2696,-3.27256,1.74595,-1.74609,0.107014
1578,3.1887,-3.18201,1.74569,-1.74586,0.107024
1579,3.1887,-3.18201,1.74402,-1.74403,0.107026
1580,3.36493,-3.35837,1.74266,-1.74254,0.107008
1581,3.36493,-3.35837,1.74473,-1.74452,0.106988
1582,3.27254,-3.27569,1.74638,-1.74609,0.106993
1583,3.27254,-3.27569,1.74604,-1.74587,0.107009
1584,3.182,-3.18507,1.74581,-1.74572,0.10702
1585,3.182,-3.18507,1.74398,-1.74397,0.107022
1586,3.35836,-3.36137,1.74249,-1.74254,0.107004
1587,3.35836,-3.36137,1.74447,-1.74456,0.106984
1588,3.27568,-3.26907,1.74603,-1.74616,0.106988
1589,3.27568,-3.26907,1.74581,-1.74579,0.107003
1590,3.18508,-3.18819,1.74566,-1.74553,0.107013
1591,3.18508,-3.18819,1.7439,-1.74385,0.107014
1592,3.36138,-3.36442,1.74246,-1.74248,0.106997
1593,3.36138,-3.36442,1.74448,-1.74455,0.106977
1594,3.26909,-3.27206,1.74609,-1.7462,0.106982
1595,3.26909,-3.27206,1.74572,-1.74586,0.106999
1596,3.18821,-3.18153,1.74545,-1.74563,0.107009
1597,3.18821,-3.18153,1.74378,-1.7438,0.10701
1598,3.36445,-3.3579,1.74242,-1.74231,0.106993
1599,3.36445,-3.3579,1.74449,-1.74428,0.106972
1600,3.27209,-3.27525,1.74613,-1.74584,0.106977
1601,3.27209,-3.27525,1.7458,-1.74562,0.106993
1602,3.18158,-3.18467,1.74556,-1.74547,0.107003
1603,3.18158,-3.18467,1.74373,-1.74372,0.107005
1604,3.35795,-3.36097,1.74224,-1.74229,0.106987
1605,3.35795,-3.36097,1.74421,-1.7443,0.106967
1606,3.27531,-3.2687,1.74577,-1.74591,0.10697
1607,3.27531,-3.2687,1.74555,-1.74553,0.106985
1608,3.18473,-3.18783,1.7454,-1.74526,0.106995
1609,3.18473,-3.18783,1.74364,-1.74358,0.106996
1610,3.36103,-3.36407,1.7422,-1.74221,0.106979
1611,3.36103,-3.36407,1.74421,-1.74428,0.106959
1612,3.27834,-3.27173,1.74581,-1.74593,0.106964
1613,3.27834,-3.27173,1.74562,-1.74559,0.10698
1614,3.1877,-3.19083,1.7455,-1.74535,0.106992
1615,3.1877,-3.19083,1.74377,-1.74371,0.106995
1616,3.36395,-3.36701,1.74236,-1.74236,0.106979
1617,3.36395,-3.36701,1.7444,-1.74446,0.106961
1618,3.27162,-3.27461,1.74602,-1.74613,0.106968
1619,3.27162,-3.27461,1.74568,-1.74582,0.106986
1620,3.19069,-3.18406,1.74543,-1.7456,0.106998
1621,3.19069,-3.18406,1.74378,-1.7438,0.107
1622,3.36688,-3.36038,1.74244,-1.74233,0.106984
1623,3.36688,-3.36038,1.74453,-1.74432,0.106966
1624,3.27448,-3.27769,1.7462,-1.74591,0.106972
1625,3.27448,-3.27769,1.74588,-1.74571,0.106989
1626,3.18391,-3.18706,1.74566,-1.74558,0.107001
1627,3.18391,-3.18706,1.74385,-1.74384,0.107004
1628,3.36023,-3.36332,1.74238,-1.74243,0.106988
1629,3.36023,-3.36332,1.74437,-1.74447,0.106969
1630,3.27754,-3.271,1.74595,-1.74609,0.106974
1631,3.27754,-3.271,1.74574,-1.74573,0.106991
1632,3.18691,-3.19007,1.74561,-1.74548,0.107002
1633,3.18691,-3.19007,1.74387,-1.74382,0.107005
1634,3.36317,-3.36627,1.74245,-1.74247,0.106989
1635,3.36317,-3.36627,1.74448,-1.74456,0.10697
1636,3.27084,-3.27388,1.7461,-1.74622,0.106976
1637,3.27084,-3.27388,1.74575,-1.7459,0.106994
1638,3.18993,-3.18332,1.7455,-1.74568,0.107006
1639,3.18993,-3.18332,1.74384,-1.74386,0.107008
1640,3.36613,-3.35965,1.74249,-1.74239,0.106991
1641,3.36613,-3.35965,1.74458,-1.74437,0.106972
1642,3.27374,-3.27697,1.74624,-1.74595,0.106978
1643,3.27374,-3.27697,1.74591,-1.74574,0.106995
1644,3.18318,-3.18635,1.74569,-1.74561,0.107006
1645,3.18318,-3.18635,1.74387,-1.74387,0.107009
1646,3.35952,-3.36262,1.74239,-1.74245,0.106992
1647,3.35952,-3.36262,1.74438,-1.74448,0.106973
1648,3.27684,-3.2703,1.74596,-1.74609,0.106977
1649,3.27684,-3.2703,1.74574,-1.74573,0.106994
1650,3.18622,-3.1894,1.7456,-1.74548,0.107004
1651,3.18622,-3.1894,1.74385,-1.74381,0.107006
1652,3.36249,-3.36561,1.74243,-1.74245,0.10699
1653,3.36249,-3.36561,1.74446,-1.74453,0.106971
1654,3.27018,-3.27324,1.74607,-1.74619,0.106977
1655,3.27018,-3.27324,1.74571,-1.74586,0.106994
1656,3.18928,-3.18269,1.74546,-1.74564,0.107005
1657,3.18928,-3.18269,1.74379,-1.74382,0.107007
1658,3.3655,-3.35904,1.74244,-1.74234,0.10699
1659,3.3655,-3.35904,1.74452,-1.74432,0.106971
1660,3.27312,-3.27636,1.74617,-1.74589,0.106976
1661,3.27312,-3.27636,1.74584,-1.74568,0.106992
1662,3.19217,-3.18575,1.74562,-1.74554,0.107003
1663,3.19217,-3.18575,1.74397,-1.74379,0.107006
1664,3.36832,-3.36204,1.74263,-1.74237,0.10699
1665,3.36832,-3.36204,1.74473,-1.7444,0.106972
1666,3.27588,-3.27933,1.7464,-1.74602,0.106979
1667,3.27588,-3.27933,1.74609,-1.74584,0.106997
1668,3.18528,-3.18866,1.74587,-1.74574,0.10701
1669,3.18528,-3.18866,1.74407,-1.74402,0.107014
1670,3.36157,-3.36489,1.74261,-1.74263,0.106998
1671,3.36157,-3.36489,1.74461,-1.74469,0.10698
1672,3.27884,-3.27253,1.7462,-1.74632,0.106986
1673,3.27884,-3.27253,1.746,-1.74598,0.107004
1674,3.18816,-3.19158,1.74587,-1.74574,0.107016
1675,3.18816,-3.19158,1.74414,-1.7441,0.107019
1676,3.3644,-3.36775,1.74273,-1.74276,0.107004
1677,3.3644,-3.36775,1.74477,-1.74485,0.106986
1678,3.27202,-3.27531,1.7464,-1.74653,0.106993
1679,3.27202,-3.27531,1.74605,-1.74622,0.107012
1680,3.19108,-3.1847,1.74581,-1.74601,0.107024
1681,3.19108,-3.1847,1.74416,-1.74421,0.107027
1682,3.36726,-3.36101,1.74282,-1.74274,0.107012
1683,3.36726,-3.36101,1.74492,-1.74473,0.106993
1684,3.27482,-3.27827,1.74659,-1.74632,0.106999
1685,3.27482,-3.27827,1.74627,-1.74612,0.107017
1686,3.18422,-3.18759,1.74605,-1.746,0.107029
1687,3.18422,-3.18759,1.74425,-1.74426,0.107033
1688,3.36054,-3.36384,1.74278,-1.74285,0.107017
1689,3.36054,-3.36384,1.74477,-1.74489,0.106998
1690,3.27782,-3.27147,1.74635,-1.74651,0.107003
1691,3.27782,-3.27147,1.74615,-1.74616,0.10702
1692,3.18714,-3.19052,1.74602,-1.74591,0.107031
1693,3.18714,-3.19052,1.74427,-1.74425,0.107034
1694,3.3634,-3.36671,1.74286,-1.7429,0.107018
1695,3.3634,-3.36671,1.74489,-1.74499,0.107
1696,3.27105,-3.27427,1.74651,-1.74665,0.107006
1697,3.27105,-3.27427,1.74616,-1.74633,0.107024
1698,3.19009,-3.18368,1.74591,-1.74611,0.107036
1699,3.19009,-3.18368,1.74425,-1.7443,0.107038
1700,3.36629,-3.36001,1.7429,-1.74282,0.107022
1701,3.36629,-3.36001,1.74499,-1.74481,0.107002
1702,3.27387,-3.27729,1.74665,-1.74639,0.107008
1703,3.27387,-3.27729,1.74633,-1.74618,0.107025
1704,3.18328,-3.18663,1.7461,-1.74604,0.107037
1705,3.18328,-3.18663,1.74429,-1.7443,0.10704
1706,3.35962,-3.3629,1.74281,-1.74288,0.107023
1707,3.35962,-3.3629,1.74479,-1.74491,0.107003
1708,3.2769,-3.27055,1.74637,-1.74653,0.107008
1709,3.2769,-3.27055,1.74616,-1.74617,0.107024
1710,3.18625,-3.1896,1.74602,-1.74591,0.107035
1711,3.18625,-3.1896,1.74427,-1.74424,0.107037
1712,3.36253,-3.36581,1.74284,-1.74288,0.107021
1713,3.36253,-3.36581,1.74487,-1.74496,0.107002
1714,3.27018,-3.27339,1.74648,-1.74662,0.107008
1715,3.27018,-3.27339,1.74612,-1.74629,0.107025
1716,3.18925,-3.18282,1.74587,-1.74606,0.107036
1717,3.18925,-3.18282,1.7442,-1.74424,0.107038
1718,3.36546,-3.35916,1.74285,-1.74276,0.107021
1719,3.36546,-3.35916,1.74493,-1.74474,0.107001
1720,3.27306,-3.27646,1.74658,-1.74631,0.107006
1721,3.27306,-3.27646,1.74625,-1.74609,0.107022
1722,3.18249,-3.18582,1.74602,-1.74596,0.107034
1723,3.18249,-3.18582,1.7442,-1.74421,0.107036
1724,3.35884,-3.3621,1.74271,-1.74278,0.107019
1725,3.35884,-3.3621,1.74469,-1.74481,0.106999
1726,3.27615,-3.27936,1.74626,-1.74641,0.107003
1727,3.27615,-3.27936,1.74604,-1.74622,0.107019
1728,3.18551,-3.18865,1.7459,-1.7461,0.10703
1729,3.18551,-3.18865,1.74415,-1.74437,0.107034
1730,3.3618,-3.36488,1.74272,-1.74296,0.107018
1731,3.3618,-3.36488,1.74475,-1.745,0.106999
1732,3.27907,-3.27249,1.74636,-1.74662,0.107005
1733,3.27907,-3.27249,1.74618,-1.74627,0.107022
1734,3.18838,-3.1915,1.74607,-1.74603,0.107034
1735,3.18838,-3.1915,1.74435,-1.74437,0.107037
1736,3.36461,-3.36767,1.74295,-1.74302,0.107022
1737,3.36461,-3.36767,1.745,-1.74511,0.107004
1738,3.27223,-3.2752,1.74663,-1.74678,0.107011
1739,3.27223,-3.2752,1.74629,-1.74646,0.10703
1740,3.19125,-3.18458,1.74605,-1.74625,0.107042
1741,3.19125,-3.18458,1.74441,-1.74444,0.107045
1742,3.36742,-3.36089,1.74307,-1.74297,0.107029
1743,3.36742,-3.36089,1.74516,-1.74497,0.107011
1744,3.27496,-3.27814,1.74683,-1.74655,0.107017
1745,3.27496,-3.27814,1.74652,-1.74635,0.107035
1746,3.18434,-3.18745,1.7463,-1.74622,0.107047
1747,3.18434,-3.18745,1.74449,-1.74449,0.10705
1748,3.36066,-3.3637,1.74302,-1.74308,0.107034
1749,3.36066,-3.3637,1.74502,-1.74511,0.107015
1750,3.2779,-3.27131,1.7466,-1.74673,0.107021
1751,3.2779,-3.27131,1.74639,-1.74638,0.107037
1752,3.18722,-3.19036,1.74626,-1.74613,0.107049
1753,3.18722,-3.19036,1.74452,-1.74447,0.107051
1754,3.36348,-3.36655,1.7431,-1.74311,0.107035
1755,3.36348,-3.36655,1.74513,-1.7452,0.107017
1756,3.27109,-3.2741,1.74675,-1.74686,0.107023
1757,3.27109,-3.2741,1.74639,-1.74654,0.107041
1758,3.19013,-3.18349,1.74614,-1.74632,0.107052
1759,3.19013,-3.18349,1.74449,-1.74451,0.107055
1760,3.36633,-3.35982,1.74313,-1.74303,0.107038
1761,3.36633,-3.35982,1.74522,-1.74501,0.107019
1762,3.27387,-3.27708,1.74688,-1.74659,0.107024
1763,3.27387,-3.27708,1.74655,-1.74638,0.107041
1764,3.18327,-3.18641,1.74633,-1.74624,0.107053
1765,3.18327,-3.18641,1.74451,-1.7445,0.107056
1766,3.35961,-3.36268,1.74303,-1.74308,0.107039
1767,3.35961,-3.36268,1.74501,-1.74511,0.107019
1768,3.27688,-3.27032,1.74659,-1.74672,0.107024
1769,3.27688,-3.27032,1.74637,-1.74636,0.10704
1770,3.18621,-3.18937,1.74623,-1.7461,0.10705
1771,3.18621,-3.18937,1.74448,-1.74443,0.107052
1772,3.36248,-3.36558,1.74305,-1.74307,0.107036
1773,3.36248,-3.36558,1.74507,-1.74515,0.107017
1774,3.27012,-3.27315,1.74668,-1.7468,0.107022
1775,3.27012,-3.27315,1.74632,-1.74647,0.10704
1776,3.18918,-3.18256,1.74607,-1.74624,0.10705
1777,3.18918,-3.18256,1.7444,-1.74442,0.107052
1778,3.3654,-3.35891,1.74304,-1.74294,0.107035
1779,3.3654,-3.35891,1.74512,-1.74491,0.107015
1780,3.27297,-3.2762,1.74677,-1.74648,0.10702
1781,3.27297,-3.2762,1.74643,-1.74626,0.107036
1782,3.18239,-3.18555,1.7462,-1.74612,0.107047
1783,3.18239,-3.18555,1.74438,-1.74437,0.10705
1784,3.35874,-3.36184,1.74289,-1.74294,0.107032
1785,3.35874,-3.36184,1.74487,-1.74497,0.107012
1786,3.27604,-3.2695,1.74644,-1.74657,0.107016
1787,3.27604,-3.2695,1.74621,-1.7462,0.107032
1788,3.18539,-3.18857,1.74607,-1.74594,0.107042
1789,3.18539,-3.18857,1.74431,-1.74426,0.107043
1790,3.36168,-3.3648,1.74287,-1.7429,0.107026
1791,3.36168,-3.3648,1.74489,-1.74497,0.107007
1792,3.26935,-3.27241,1.7465,-1.74661,0.107012
1793,3.26935,-3.27241,1.74613,-1.74628,0.107028
1794,3.18843,-3.19144,1.74587,-1.74605,0.107039
1795,3.18843,-3.19144,1.74419,-1.7444,0.10704
1796,3.36466,-3.36761,1.74283,-1.74305,0.107024
1797,3.36466,-3.36761,1.74491,-1.74514,0.107006
1798,3.27227,-3.27516,1.74656,-1.7468,0.107012
1799,3.27227,-3.27516,1.74624,-1.74648,0.10703
1800,3.19131,-3.18453,1.74601,-1.74627,0.107042
1801,3.19131,-3.18453,1.74438,-1.74446,0.107045
1802,3.36748,-3.36084,1.74304,-1.74298,0.107029
1803,3.36748,-3.36084,1.74514,-1.74497,0.107011
1804,3.27503,-3.27809,1.74682,-1.74656,0.107017
1805,3.27503,-3.27809,1.74651,-1.74635,0.107034
1806,3.18441,-3.1874,1.74629,-1.74622,0.107047
1807,3.18441,-3.1874,1.74449,-1.74449,0.10705
1808,3.36072,-3.36365,1.74302,-1.74307,0.107034
1809,3.36072,-3.36365,1.74501,-1.74511,0.107015
1810,3.27798,-3.27127,1.7466,-1.74673,0.10702
1811,3.27798,-3.27127,1.74639,-1.74637,0.107037
1812,3.18729,-3.19031,1.74626,-1.74612,0.107048
1813,3.18729,-3.19031,1.74452,-1.74446,0.107051
1814,3.36354,-3.3665,1.7431,-1.74311,0.107035
1815,3.36354,-3.3665,1.74513,-1.74519,0.107017
1816,3.27116,-3.27406,1.74675,-1.74686,0.107023
1817,3.27116,-3.27406,1.7464,-1.74653,0.107041
1818,3.1902,-3.18345,1.74615,-1.74631,0.107052
1819,3.1902,-3.18345,1.74449,-1.7445,0.107055
1820,3.36639,-3.35978,1.74314,-1.74302,0.107038
1821,3.36639,-3.35978,1.74522,-1.74501,0.107019
1822,3.27394,-3.27705,1.74688,-1.74659,0.107024
1823,3.27394,-3.27705,1.74655,-1.74637,0.107041
1824,3.18334,-3.18638,1.74633,-1.74624,0.107053
1825,3.18334,-3.18638,1.74451,-1.74449,0.107055
1826,3.35967,-3.36265,1.74303,-1.74307,0.107039
1827,3.35967,-3.36265,1.74502,-1.7451,0.107019
1828,3.27693,-3.27028,1.74659,-1.74672,0.107024
1829,3.27693,-3.27028,1.74637,-1.74635,0.10704
1830,3.18626,-3.18934,1.74623,-1.74609,0.10705
1831,3.18626,-3.18934,1.74448,-1.74443,0.107052
1832,3.36253,-3.36556,1.74305,-1.74306,0.107036
1833,3.36253,-3.36556,1.74508,-1.74514,0.107017
1834,3.27017,-3.27312,1.74669,-1.7468,0.107022
1835,3.27017,-3.27312,1.74633,-1.74647,0.10704
1836,3.18923,-3.18254,1.74607,-1.74624,0.10705
1837,3.18923,-3.18254,1.7444,-1.74442,0.107052
1838,3.36545,-3.35889,1.74304,-1.74293,0.107035
1839,3.36545,-3.35889,1.74512,-1.74491,0.107015
1840,3.27302,-3.27618,1.74677,-1.74648,0.10702
1841,3.27302,-3.27618,1.74644,-1.74626,0.107036
1842,3.18244,-3.18553,1.74621,-1.74612,0.107047
1843,3.18244,-3.18553,1.74438,-1.74437,0.10705
1844,3.35879,-3.36182,1.7429,-1.74294,0.107032
1845,3.35879,-3.36182,1.74487,-1.74497,0.107012
1846,3.27608,-3.26948,1.74644,-1.74657,0.107016
1847,3.27608,-3.26948,1.74622,-1.7462,0.107032
1848,3.18543,-3.18856,1.74607,-1.74594,0.107042
1849,3.18543,-3.18856,1.74431,-1.74426,0.107043
1850,3.36173,-3.36478,1.74288,-1.74289,0.107026
1851,3.36173,-3.36478,1.7449,-1.74497,0.107007
1852,3.26939,-3.27239,1.7465,-1.74661,0.107012
1853,3.26939,-3.27239,1.74613,-1.74628,0.107029
1854,3.18847,-3.18183,1.74587,-1.74605,0.107039
1855,3.18847,-3.18183,1.7442,-1.74422,0.10704
1856,3.3647,-3.3582,1.74284,-1.74273,0.107023
1857,3.3647,-3.3582,1.74491,-1.7447,0.107002
1858,3.27231,-3.27552,1.74655,-1.74627,0.107007
1859,3.27231,-3.27552,1.74622,-1.74604,0.107023
1860,3.18175,-3.18489,1.74598,-1.7459,0.107033
1861,3.18175,-3.18489,1.74415,-1.74414,0.107035
1862,3.35812,-3.3612,1.74266,-1.74271,0.107018
1863,3.35812,-3.3612,1.74463,-1.74473,0.106997
1864,3.27545,-3.26888,1.74619,-1.74633,0.107001
1865,3.27545,-3.26888,1.74597,-1.74596,0.107016
1866,3.18482,-3.18799,1.74582,-1.74569,0.107026
1867,3.18482,-3.18799,1.74405,-1.74401,0.107027
1868,3.36113,-3.36423,1.74262,-1.74264,0.107009
1869,3.36113,-3.36423,1.74463,-1.7447,0.106989
1870,3.27841,-3.27185,1.74623,-1.74635,0.106994
1871,3.27841,-3.27185,1.74603,-1.74601,0.107011
1872,3.18774,-3.19091,1.74591,-1.74577,0.107022
1873,3.18774,-3.19091,1.74418,-1.74412,0.107025
1874,3.36399,-3.36709,1.74277,-1.74278,0.107009
1875,3.36399,-3.36709,1.74481,-1.74487,0.106991
1876,3.27162,-3.27466,1.74643,-1.74654,0.106998
1877,3.27162,-3.27466,1.74608,-1.74623,0.107016
1878,3.19066,-3.18406,1.74584,-1.74602,0.107028
1879,3.19066,-3.18406,1.74419,-1.74421,0.107031
1880,3.36685,-3.36038,1.74284,-1.74274,0.107014
1881,3.36685,-3.36038,1.74493,-1.74473,0.106996
1882,3.27441,-3.27767,1.7466,-1.74631,0.107001
1883,3.27441,-3.27767,1.74628,-1.74611,0.107019
1884,3.18382,-3.187,1.74606,-1.74598,0.107031
1885,3.18382,-3.187,1.74425,-1.74424,0.107034
1886,3.36014,-3.36326,1.74277,-1.74283,0.107018
1887,3.36014,-3.36326,1.74476,-1.74486,0.106998
1888,3.27743,-3.2709,1.74634,-1.74648,0.107003
1889,3.27743,-3.2709,1.74613,-1.74612,0.10702
1890,3.18676,-3.18996,1.74599,-1.74587,0.107031
1891,3.18676,-3.18996,1.74425,-1.74421,0.107033
1892,3.36303,-3.36616,1.74283,-1.74285,0.107017
1893,3.36303,-3.36616,1.74486,-1.74493,0.106999
1894,3.27068,-3.27374,1.74647,-1.74659,0.107005
1895,3.27068,-3.27374,1.74612,-1.74627,0.107022
1896,3.18974,-3.18315,1.74587,-1.74605,0.107033
1897,3.18974,-3.18315,1.7442,-1.74423,0.107036
1898,3.36594,-3.35949,1.74285,-1.74275,0.107019
1899,3.36594,-3.35949,1.74493,-1.74473,0.106999
1900,3.27353,-3.27679,1.74659,-1.74631,0.107005
1901,3.27353,-3.27679,1.74626,-1.7461,0.107021
1902,3.18295,-3.18614,1.74604,-1.74596,0.107033
1903,3.18295,-3.18614,1.74422,-1.74421,0.107036
1904,3.35929,-3.36241,1.74274,-1.74279,0.107019
1905,3.35929,-3.36241,1.74472,-1.74482,0.106999
1906,3.27659,-3.27007,1.74629,-1.74643,0.107003
1907,3.27659,-3.27007,1.74607,-1.74607,0.107019
1908,3.18594,-3.18915,1.74593,-1.74581,0.10703
1909,3.18594,-3.18915,1.74418,-1.74414,0.107032
1910,3.36222,-3.36536,1.74275,-1.74278,0.107015
1911,3.36222,-3.36536,1.74477,-1.74485,0.106996
1912,3.26989,-3.27296,1.74638,-1.7465,0.107001
1913,3.26989,-3.27296,1.74602,-1.74617,0.107018
1914,3.18897,-3.1824,1.74576,-1.74595,0.107029
1915,3.18897,-3.1824,1.7441,-1.74412,0.107031
1916,3.36519,-3.35875,1.74274,-1.74264,0.107014
1917,3.36519,-3.35875,1.74481,-1.74462,0.106994
1918,3.2728,-3.27607,1.74647,-1.74619,0.106998
1919,3.2728,-3.27607,1.74613,-1.74597,0.107015
1920,3.18224,-3.18544,1.7459,-1.74582,0.107026
1921,3.18224,-3.18544,1.74407,-1.74407,0.107028
1922,3.3586,-3.36173,1.74259,-1.74265,0.107011
1923,3.3586,-3.36173,1.74457,-1.74467,0.10699
1924,3.27592,-3.26941,1.74613,-1.74628,0.106994
1925,3.27592,-3.26941,1.74591,-1.74591,0.10701
1926,3.1853,-3.18851,1.74576,-1.74564,0.10702
1927,3.1853,-3.18851,1.74401,-1.74397,0.107022
1928,3.36159,-3.36474,1.74257,-1.7426,0.107004
1929,3.36159,-3.36474,1.74459,-1.74467,0.106985
1930,3.27886,-3.27235,1.7462,-1.74632,0.10699
1931,3.27886,-3.27235,1.74601,-1.74598,0.107007
1932,3.1882,-3.19141,1.74589,-1.74575,0.107019
1933,3.1882,-3.19141,1.74416,-1.74411,0.107022
1934,3.36443,-3.36758,1.74275,-1.74277,0.107006
1935,3.36443,-3.36758,1.74479,-1.74487,0.106989
1936,3.27207,-3.27514,1.74642,-1.74654,0.106995
1937,3.27207,-3.27514,1.74608,-1.74623,0.107014
1938,3.19111,-3.18454,1.74584,-1.74602,0.107026
1939,3.19111,-3.18454,1.74419,-1.74422,0.107029
1940,3.36729,-3.36085,1.74285,-1.74275,0.107013
1941,3.36729,-3.36085,1.74494,-1.74474,0.106995
1942,3.27485,-3.27813,1.74661,-1.74633,0.107001
1943,3.27485,-3.27813,1.7463,-1.74613,0.107019
1944,3.18425,-3.18745,1.74608,-1.74601,0.107031
1945,3.18425,-3.18745,1.74427,-1.74427,0.107034
1946,3.36056,-3.3637,1.7428,-1.74286,0.107018
1947,3.36056,-3.3637,1.74479,-1.7449,0.106999
1948,3.27784,-3.27133,1.74638,-1.74652,0.107005
1949,3.27784,-3.27133,1.74617,-1.74617,0.107021
1950,3.18716,-3.19038,1.74604,-1.74592,0.107033
1951,3.18716,-3.19038,1.7443,-1.74426,0.107035
1952,3.36342,-3.36657,1.74288,-1.7429,0.107019
1953,3.36342,-3.36657,1.74491,-1.74499,0.107001
1954,3.27106,-3.27414,1.74653,-1.74665,0.107007
1955,3.27106,-3.27414,1.74618,-1.74633,0.107025
1956,3.19011,-3.18355,1.74593,-1.74611,0.107037
1957,3.19011,-3.18355,1.74427,-1.7443,0.107039
1958,3.36631,-3.35988,1.74292,-1.74282,0.107023
1959,3.36631,-3.35988,1.74501,-1.74481,0.107003
1960,3.27388,-3.27716,1.74667,-1.74639,0.107009
1961,3.27388,-3.27716,1.74634,-1.74618,0.107026
1962,3.1833,-3.1865,1.74612,-1.74604,0.107037
1963,3.1833,-3.1865,1.7443,-1.7443,0.10704
1964,3.35963,-3.36277,1.74282,-1.74288,0.107024
1965,3.35963,-3.36277,1.74481,-1.74491,0.107004
1966,3.27691,-3.27042,1.74638,-1.74653,0.107009
1967,3.27691,-3.27042,1.74617,-1.74616,0.107025
1968,3.18626,-3.18948,1.74603,-1.74591,0.107036
1969,3.18626,-3.18948,1.74428,-1.74424,0.107038
1970,3.36253,-3.36569,1.74285,-1.74288,0.107021
1971,3.36253,-3.36569,1.74488,-1.74496,0.107002
1972,3.27019,-3.27328,1.74649,-1.74661,0.107008
1973,3.27019,-3.27328,1.74613,-1.74628,0.107025
1974,3.18926,-3.18271,1.74588,-1.74606,0.107036
1975,3.18926,-3.18271,1.74421,-1.74424,0.107038
1976,3.36548,-3.35905,1.74285,-1.74275,0.107021
1977,3.36548,-3.35905,1.74493,-1.74473,0.107001
1978,3.27307,-3.27635,1.74658,-1.74631,0.107006
1979,3.27307,-3.27635,1.74625,-1.74609,0.107023
1980,3.1825,-3.18571,1.74602,-1.74595,0.107034
1981,3.1825,-3.18571,1.7442,-1.7442,0.107036
1982,3.35885,-3.36199,1.74272,-1.74277,0.107019
1983,3.35885,-3.36199,1.74469,-1.7448,0.106999
1984,3.27616,-3.26967,1.74626,-1.74641,0.107003
1985,3.27616,-3.26967,1.74604,-1.74604,0.107019
1986,3.18553,-3.18874,1.7459,-1.74578,0.107029
1987,3.18553,-3.18874,1.74414,-1.7441,0.107031
1988,3.36182,-3.36497,1.74271,-1.74274,0.107014
1989,3.36182,-3.36497,1.74473,-1.74481,0.106994
1990,3.26949,-3.27258,1.74634,-1.74646,0.106999
1991,3.26949,-3.27258,1.74597,-1.74613,0.107016
1992,3.18858,-3.19162,1.74571,-1.74589,0.107027
1993,3.18858,-3.19162,1.74404,-1.74424,0.107029
1994,3.36481,-3.36779,1.74268,-1.7429,0.107012
1995,3.36481,-3.36779,1.74476,-1.74499,0.106994
1996,3.27242,-3.27533,1.74641,-1.74666,0.107001
1997,3.27242,-3.27533,1.74609,-1.74634,0.107019
1998,3.19146,-3.18472,1.74587,-1.74613,0.107031
1999,3.19146,-3.18472,1.74423,-1.74432,0.107034
2000,3.36763,-3.36102,1.7429,-1.74285,0.107018
2001,3.36763,-3.36102,1.74501,-1.74484,0.107
2002,3.27519,-3.27828,1.74668,-1.74643,0.107006
2003,3.27519,-3.27828,1.74637,-1.74622,0.107024
2004,3.18458,-3.18759,1.74616,-1.74609,0.107036
2005,3.18458,-3.18759,1.74436,-1.74436,0.10704
2006,3.36089,-3.36384,1.74289,-1.74295,0.107024
2007,3.36089,-3.36384,1.74489,-1.74499,0.107005
2008,3.27814,-3.27147,1.74647,-1.74661,0.107011
2009,3.27814,-3.27147,1.74627,-1.74626,0.107027
2010,3.18746,-3.19051,1.74614,-1.74601,0.107039
2011,3.18746,-3.19051,1.7444,-1.74435,0.107042
2012,3.36371,-3.3667,1.74298,-1.743,0.107026
2013,3.36371,-3.3667,1.74502,-1.74508,0.107007
2014,3.27134,-3.27425,1.74664,-1.74675,0.107014
2015,3.27134,-3.27425,1.74629,-1.74643,0.107032
2016,3.19038,-3.18365,1.74604,-1.74621,0.107043
2017,3.19038,-3.18365,1.74438,-1.7444,0.107046
2018,3.36657,-3.35997,1.74303,-1.74292,0.10703
2019,3.36657,-3.35997,1.74512,-1.74491,0.107011
2020,3.27413,-3.27724,1.74678,-1.74649,0.107016
2021,3.27413,-3.27724,1.74646,-1.74628,0.107033
2022,3.18352,-3.18657,1.74623,-1.74615,0.107045
2023,3.18352,-3.18657,1.74442,-1.7444,0.107048
2024,3.35985,-3.36284,1.74294,-1.74298,0.107031
2025,3.35985,-3.36284,1.74493,-1.74502,0.107012
2026,3.27712,-3.27048,1.7465,-1.74663,0.107017
2027,3.27712,-3.27048,1.74629,-1.74627,0.107033
2028,3.18645,-3.18954,1.74615,-1.74601,0.107043
2029,3.18645,-3.18954,1.7444,-1.74435,0.107046
2030,3.36272,-3.36575,1.74297,-1.74299,0.107029
2031,3.36272,-3.36575,1.745,-1.74507,0.10701
2032,3.27037,-3.27332,1.74661,-1.74672,0.107016
2033,3.27037,-3.27332,1.74625,-1.74639,0.107033
2034,3.18943,-3.18273,1.746,-1.74617,0.107044
2035,3.18943,-3.18273,1.74433,-1.74435,0.107046
2036,3.36564,-3.35908,1.74298,-1.74287,0.107029
2037,3.36564,-3.35908,1.74506,-1.74485,0.10701
2038,3.27322,-3.27636,1.74671,-1.74642,0.107015
2039,3.27322,-3.27636,1.74638,-1.7462,0.107031
2040,3.18263,-3.18572,1.74615,-1.74606,0.107042
2041,3.18263,-3.18572,1.74433,-1.74431,0.107045
2042,3.35898,-3.362,1.74284,-1.74289,0.107027
2043,3.35898,-3.362,1.74482,-1.74491,0.107007
2044,3.27627,-3.26966,1.74639,-1.74652,0.107012
2045,3.27627,-3.26966,1.74617,-1.74615,0.107027
2046,3.18562,-3.18874,1.74602,-1.74589,0.107037
2047,3.18562,-3.18874,1.74427,-1.74421,0.107039
2048,3.36191,-3.36496,1.74283,-1.74285,0.107022
2049,3.36191,-3.36496,1.74485,-1.74492,0.107003
2050,3.26958,-3.27257,1.74646,-1.74657,0.107008
2051,3.26958,-3.27257,1.74609,-1.74624,0.107025
2052,3.18867,-3.18201,1.74583,-1.74601,0.107035
2053,3.18867,-3.18201,1.74416,-1.74418,0.107037
2054,3.36489,-3.35837,1.7428,-1.74269,0.107019
2055,3.36489,-3.35837,1.74488,-1.74467,0.106999
2056,3.2725,-3.27569,1.74652,-1.74624,0.107004
2057,3.2725,-3.27569,1.74619,-1.74601,0.10702
2058,3.18194,-3.18506,1.74595,-1.74587,0.107031
2059,3.18194,-3.18506,1.74412,-1.74411,0.107033
2060,3.3583,-3.36136,1.74263,-1.74268,0.107015
2061,3.3583,-3.36136,1.74461,-1.7447,0.106995
2062,3.27563,-3.27863,1.74617,-1.74631,0.106998
2063,3.27563,-3.27863,1.74595,-1.74611,0.107014
2064,3.185,-3.18795,1.7458,-1.74599,0.107025
2065,3.185,-3.18795,1.74404,-1.74425,0.107028
2066,3.3613,-3.3642,1.74261,-1.74283,0.107011
2067,3.3613,-3.3642,1.74464,-1.74487,0.106992
2068,3.27857,-3.27182,1.74625,-1.74649,0.106998
2069,3.27857,-3.27182,1.74606,-1.74613,0.107015
2070,3.18791,-3.19086,1.74595,-1.74588,0.107026
2071,3.18791,-3.19086,1.74422,-1.74422,0.107029
2072,3.36415,-3.36704,1.74281,-1.74287,0.107014
2073,3.36415,-3.36704,1.74486,-1.74496,0.106996
2074,3.27177,-3.2746,1.74649,-1.74662,0.107002
2075,3.27177,-3.2746,1.74614,-1.7463,0.10702
2076,3.19081,-3.184,1.7459,-1.74608,0.107032
2077,3.19081,-3.184,1.74425,-1.74427,0.107035
2078,3.367,-3.36032,1.74291,-1.7428,0.107019
2079,3.367,-3.36032,1.745,-1.74479,0.107
2080,3.27456,-3.2776,1.74667,-1.74637,0.107006
2081,3.27456,-3.2776,1.74635,-1.74617,0.107023
2082,3.18396,-3.18693,1.74613,-1.74604,0.107035
2083,3.18396,-3.18693,1.74432,-1.7443,0.107039
2084,3.36028,-3.36319,1.74284,-1.74288,0.107022
2085,3.36028,-3.36319,1.74483,-1.74492,0.107003
2086,3.27755,-3.27084,1.74641,-1.74654,0.107008
2087,3.27755,-3.27084,1.7462,-1.74618,0.107025
2088,3.18689,-3.18988,1.74607,-1.74592,0.107036
2089,3.18689,-3.18988,1.74432,-1.74426,0.107038
2090,3.36315,-3.36609,1.7429,-1.74291,0.107022
2091,3.36315,-3.36609,1.74493,-1.74499,0.107003
2092,3.2708,-3.27367,1.74655,-1.74665,0.107009
2093,3.2708,-3.27367,1.74619,-1.74632,0.107027
2094,3.18984,-3.18308,1.74594,-1.7461,0.107038
2095,3.18984,-3.18308,1.74428,-1.74428,0.10704
2096,3.36605,-3.35942,1.74292,-1.74281,0.107024
2097,3.36605,-3.35942,1.74501,-1.74479,0.107004
2098,3.27363,-3.27671,1.74666,-1.74637,0.107009
2099,3.27363,-3.27671,1.74634,-1.74615,0.107026
2100,3.18303,-3.18606,1.74611,-1.74601,0.107038
2101,3.18303,-3.18606,1.74429,-1.74427,0.10704
2102,3.35937,-3.36234,1.74281,-1.74285,0.107023
2103,3.35937,-3.36234,1.74479,-1.74488,0.107003
2104,3.27667,-3.27,1.74636,-1.74649,0.107008
2105,3.27667,-3.27,1.74614,-1.74612,0.107024
2106,3.18602,-3.18908,1.746,-1.74586,0.107034
2107,3.18602,-3.18908,1.74425,-1.74419,0.107036
2108,3.3623,-3.3653,1.74282,-1.74283,0.107019
2109,3.3623,-3.3653,1.74484,-1.74491,0.107
2110,3.26996,-3.27289,1.74645,-1.74656,0.107006
2111,3.26996,-3.27289,1.74609,-1.74623,0.107023
2112,3.18903,-3.18233,1.74583,-1.746,0.107034
2113,3.18903,-3.18233,1.74416,-1.74418,0.107035
2114,3.36525,-3.35868,1.7428,-1.74269,0.107018
2115,3.36525,-3.35868,1.74488,-1.74467,0.106998
2116,3.27285,-3.276,1.74653,-1.74624,0.107003
2117,3.27285,-3.276,1.7462,-1.74602,0.107019
2118,3.18229,-3.18536,1.74597,-1.74588,0.10703
2119,3.18229,-3.18536,1.74414,-1.74413,0.107032
2120,3.35864,-3.36165,1.74265,-1.7427,0.107015
2121,3.35864,-3.36165,1.74463,-1.74472,0.106995
2122,3.27596,-3.26933,1.7462,-1.74633,0.106999
2123,3.27596,-3.26933,1.74597,-1.74596,0.107014
2124,3.18532,-3.18843,1.74583,-1.74569,0.107024
2125,3.18532,-3.18843,1.74407,-1.74402,0.107026
2126,3.36162,-3.36466,1.74264,-1.74265,0.107009
2127,3.36162,-3.36466,1.74465,-1.74472,0.106989
2128,3.27889,-3.27228,1.74626,-1.74637,0.106994
2129,3.27889,-3.27228,1.74607,-1.74603,0.107011
2130,3.18821,-3.19133,1.74595,-1.7458,0.107023
2131,3.18821,-3.19133,1.74422,-1.74416,0.107026
2132,3.36445,-3.3675,1.74281,-1.74282,0.10701
2133,3.36445,-3.3675,1.74485,-1.74491,0.106993
2134,3.27207,-3.27506,1.74648,-1.74659,0.107
2135,3.27207,-3.27506,1.74614,-1.74628,0.107018
2136,3.1911,-3.18446,1.7459,-1.74607,0.10703
2137,3.1911,-3.18446,1.74425,-1.74426,0.107033
2138,3.36728,-3.36077,1.7429,-1.74279,0.107017
2139,3.36728,-3.36077,1.745,-1.74479,0.106999
2140,3.27484,-3.27804,1.74667,-1.74638,0.107005
2141,3.27484,-3.27804,1.74635,-1.74617,0.107022
2142,3.18423,-3.18736,1.74613,-1.74605,0.107035
2143,3.18423,-3.18736,1.74432,-1.74431,0.107038
2144,3.36055,-3.36361,1.74285,-1.7429,0.107022
2145,3.36055,-3.36361,1.74484,-1.74494,0.107003
2146,3.27781,-3.27125,1.74643,-1.74656,0.107008
2147,3.27781,-3.27125,1.74622,-1.74621,0.107025
2148,3.18714,-3.19029,1.74609,-1.74596,0.107036
2149,3.18714,-3.19029,1.74434,-1.7443,0.107039
2150,3.3634,-3.36649,1.74292,-1.74294,0.107023
2151,3.3634,-3.36649,1.74496,-1.74503,0.107004
2152,3.27103,-3.27406,1.74657,-1.74669,0.107011
2153,3.27103,-3.27406,1.74622,-1.74637,0.107028
2154,3.19008,-3.18346,1.74597,-1.74615,0.10704
2155,3.19008,-3.18346,1.74431,-1.74433,0.107042
2156,3.36628,-3.35979,1.74296,-1.74286,0.107026
2157,3.36628,-3.35979,1.74505,-1.74484,0.107006
2158,3.27385,-3.27707,1.74671,-1.74642,0.107012
2159,3.27385,-3.27707,1.74638,-1.74621,0.107029
2160,3.18326,-3.1864,1.74616,-1.74608,0.10704
2161,3.18326,-3.1864,1.74434,-1.74433,0.107043
2162,3.35959,-3.36267,1.74286,-1.74291,0.107027
2163,3.35959,-3.36267,1.74484,-1.74494,0.107007
2164,3.27687,-3.27032,1.74642,-1.74656,0.107011
2165,3.27687,-3.27032,1.7462,-1.74619,0.107028
2166,3.18622,-3.18938,1.74606,-1.74593,0.107038
2167,3.18622,-3.18938,1.74431,-1.74427,0.10704
2168,3.36249,-3.36559,1.74288,-1.74291,0.107024
2169,3.36249,-3.36559,1.74491,-1.74498,0.107005
2170,3.27014,-3.27318,1.74652,-1.74664,0.10701
2171,3.27014,-3.27318,1.74616,-1.74631,0.107027
2172,3.1892,-3.18261,1.7459,-1.74608,0.107038
2173,3.1892,-3.18261,1.74424,-1.74426,0.10704
2174,3.36542,-3.35896,1.74288,-1.74278,0.107023
2175,3.36542,-3.35896,1.74496,-1.74476,0.107003
2176,3.27301,-3.27626,1.74661,-1.74633,0.107008
2177,3.27301,-3.27626,1.74628,-1.74611,0.107025
2178,3.18245,-3.18562,1.74605,-1.74597,0.107036
2179,3.18245,-3.18562,1.74422,-1.74422,0.107038
2180,3.3588,-3.36191,1.74274,-1.74279,0.107021
2181,3.3588,-3.36191,1.74472,-1.74482,0.107001
2182,3.2761,-3.26958,1.74629,-1.74642,0.107005
2183,3.2761,-3.26958,1.74606,-1.74606,0.10702
2184,3.18547,-3.18866,1.74592,-1.74579,0.107031
2185,3.18547,-3.18866,1.74416,-1.74412,0.107032
2186,3.36176,-3.36489,1.74273,-1.74275,0.107015
2187,3.36176,-3.36489,1.74475,-1.74482,0.106996
2188,3.26943,-3.27249,1.74635,-1.74647,0.107001
2189,3.26943,-3.27249,1.74599,-1.74614,0.107018
2190,3.18852,-3.18195,1.74573,-1.74591,0.107028
2191,3.18852,-3.18195,1.74406,-1.74408,0.10703
2192,3.36475,-3.35831,1.74269,-1.74259,0.107012
2193,3.36475,-3.35831,1.74477,-1.74457,0.106992
2194,3.27237,-3.27563,1.74641,-1.74613,0.106996
2195,3.27237,-3.27563,1.74608,-1.74591,0.107012
2196,3.19141,-3.18501,1.74584,-1.74576,0.107023
2197,3.19141,-3.18501,1.74419,-1.74401,0.107025
2198,3.36758,-3.36131,1.74284,-1.74258,0.107009
2199,3.36758,-3.36131,1.74493,-1.74461,0.10699
2200,3.27514,-3.27859,1.7466,-1.74622,0.106996
2201,3.27514,-3.27859,1.74628,-1.74603,0.107014
2202,3.18454,-3.18794,1.74606,-1.74592,0.107026
2203,3.18454,-3.18794,1.74425,-1.7442,0.10703
2204,3.36084,-3.36418,1.74278,-1.7428,0.107014
2205,3.36084,-3.36418,1.74477,-1.74485,0.106995
2206,3.27811,-3.27181,1.74635,-1.74648,0.107001
2207,3.27811,-3.27181,1.74614,-1.74613,0.107018
2208,3.18743,-3.19086,1.74601,-1.74589,0.107029
2209,3.18743,-3.19086,1.74427,-1.74423,0.107032
2210,3.36368,-3.36704,1.74285,-1.74289,0.107016
2211,3.36368,-3.36704,1.74489,-1.74498,0.106998
2212,3.27132,-3.2746,1.74651,-1.74664,0.107005
2213,3.27132,-3.2746,1.74616,-1.74633,0.107023
2214,3.19036,-3.184,1.74592,-1.74611,0.107035
2215,3.19036,-3.184,1.74426,-1.7443,0.107037
2216,3.36656,-3.36032,1.74291,-1.74283,0.107021
2217,3.36656,-3.36032,1.745,-1.74482,0.107002
2218,3.27413,-3.2776,1.74666,-1.7464,0.107008
2219,3.27413,-3.2776,1.74634,-1.74619,0.107025
2220,3.18354,-3.18693,1.74612,-1.74606,0.107037
2221,3.18354,-3.18693,1.7443,-1.74432,0.10704
2222,3.35987,-3.36319,1.74283,-1.7429,0.107024
2223,3.35987,-3.36319,1.74482,-1.74494,0.107004
2224,3.27714,-3.27084,1.7464,-1.74656,0.107009
2225,3.27714,-3.27084,1.74618,-1.7462,0.107025
2226,3.18649,-3.18989,1.74605,-1.74594,0.107036
2227,3.18649,-3.18989,1.7443,-1.74428,0.107039
2228,3.36276,-3.36609,1.74287,-1.74292,0.107022
2229,3.36276,-3.36609,1.7449,-1.745,0.107003
2230,3.27041,-3.27367,1.74652,-1.74666,0.107009
2231,3.27041,-3.27367,1.74616,-1.74633,0.107027
2232,3.18947,-3.18307,1.74591,-1.74611,0.107038
2233,3.18947,-3.18307,1.74425,-1.74429,0.10704
2234,3.36569,-3.35941,1.74289,-1.74281,0.107023
2235,3.36569,-3.35941,1.74497,-1.74479,0.107004
2236,3.27327,-3.27671,1.74663,-1.74637,0.107009
2237,3.27327,-3.27671,1.7463,-1.74615,0.107025
2238,3.1827,-3.18606,1.74607,-1.74601,0.107037
2239,3.1827,-3.18606,1.74425,-1.74426,0.107039
2240,3.35905,-3.36233,1.74277,-1.74284,0.107022
2241,3.35905,-3.36233,1.74475,-1.74487,0.107002
2242,3.27635,-3.27,1.74632,-1.74648,0.107007
2243,3.27635,-3.27,1.7461,-1.74611,0.107022
2244,3.18571,-3.18906,1.74596,-1.74585,0.107033
2245,3.18571,-3.18906,1.7442,-1.74418,0.107035
2246,3.36199,-3.36528,1.74277,-1.74281,0.107018
2247,3.36199,-3.36528,1.7448,-1.74489,0.106998
2248,3.26966,-3.27289,1.7464,-1.74654,0.107004
2249,3.26966,-3.27289,1.74604,-1.74621,0.107021
2250,3.18874,-3.18232,1.74578,-1.74598,0.107032
2251,3.18874,-3.18232,1.74411,-1.74415,0.107033
2252,3.36497,-3.35868,1.74275,-1.74267,0.107016
2253,3.36497,-3.35868,1.74483,-1.74464,0.106996
2254,3.27258,-3.27599,1.74648,-1.74621,0.107001
2255,3.27258,-3.27599,1.74614,-1.74599,0.107017
2256,3.18203,-3.18536,1.74591,-1.74585,0.107028
2257,3.18203,-3.18536,1.74408,-1.7441,0.10703
2258,3.35839,-3.36165,1.7426,-1.74267,0.107012
2259,3.35839,-3.36165,1.74457,-1.74469,0.106992
2260,3.27571,-3.27891,1.74614,-1.74629,0.106996
2261,3.27571,-3.27891,1.74591,-1.7461,0.107012
2262,3.18509,-3.18824,1.74577,-1.74598,0.107023
2263,3.18509,-3.18824,1.74401,-1.74424,0.107026
2264,3.36139,-3.36447,1.74259,-1.74283,0.107009
2265,3.36139,-3.36447,1.74461,-1.74486,0.10699
2266,3.27867,-3.27209,1.74622,-1.74648,0.106996
2267,3.27867,-3.27209,1.74604,-1.74613,0.107013
2268,3.18801,-3.19112,1.74593,-1.74588,0.107025
2269,3.18801,-3.19112,1.7442,-1.74422,0.107028
2270,3.36425,-3.36729,1.7428,-1.74287,0.107012
2271,3.36425,-3.36729,1.74484,-1.74496,0.106994
2272,3.27189,-3.27486,1.74647,-1.74662,0.107001
2273,3.27189,-3.27486,1.74613,-1.74631,0.107019
2274,3.19093,-3.18425,1.74589,-1.74609,0.107031
2275,3.19093,-3.18425,1.74425,-1.74428,0.107034
2276,3.36711,-3.36057,1.7429,-1.74281,0.107018
2277,3.36711,-3.36057,1.745,-1.7448,0.107
2278,3.27467,-3.27783,1.74666,-1.74639,0.107006
2279,3.27467,-3.27783,1.74635,-1.74618,0.107023
2280,3.18407,-3.18716,1.74613,-1.74605,0.107035
2281,3.18407,-3.18716,1.74432,-1.74431,0.107039
2282,3.36039,-3.36342,1.74285,-1.7429,0.107022
2283,3.36039,-3.36342,1.74484,-1.74494,0.107003
2284,3.27765,-3.27106,1.74642,-1.74656,0.107008
2285,3.27765,-3.27106,1.74621,-1.7462,0.107025
2286,3.18698,-3.19011,1.74608,-1.74595,0.107036
2287,3.18698,-3.19011,1.74433,-1.74428,0.107039
2288,3.36325,-3.3663,1.74291,-1.74293,0.107023
2289,3.36325,-3.3663,1.74494,-1.74501,0.107004
2290,3.27088,-3.27388,1.74656,-1.74667,0.10701
2291,3.27088,-3.27388,1.74621,-1.74635,0.107028
2292,3.18993,-3.18328,1.74596,-1.74613,0.107039
2293,3.18993,-3.18328,1.7443,-1.74432,0.107042
2294,3.36614,-3.35962,1.74294,-1.74284,0.107025
2295,3.36614,-3.35962,1.74503,-1.74482,0.107006
2296,3.27372,-3.27689,1.74669,-1.7464,0.107011
2297,3.27372,-3.27689,1.74636,-1.74619,0.107028
2298,3.18312,-3.18624,1.74613,-1.74605,0.107039
2299,3.18312,-3.18624,1.74431,-1.74431,0.107042
2300,3.35946,-3.36252,1.74283,-1.74288,0.107025
2301,3.35946,-3.36252,1.74482,-1.74491,0.107005
2302,3.27674,-3.27018,1.74639,-1.74653,0.10701
2303,3.27674,-3.27018,1.74617,-1.74616,0.107026
2304,3.18609,-3.18924,1.74603,-1.7459,0.107036
2305,3.18609,-3.18924,1.74428,-1.74423,0.107038
2306,3.36237,-3.36545,1.74285,-1.74287,0.107022
2307,3.36237,-3.36545,1.74488,-1.74495,0.107003
2308,3.27003,-3.27304,1.74649,-1.7466,0.107008
2309,3.27003,-3.27304,1.74612,-1.74627,0.107025
2310,3.1891,-3.18247,1.74587,-1.74604,0.107036
2311,3.1891,-3.18247,1.7442,-1.74422,0.107038
2312,3.36532,-3.35882,1.74284,-1.74274,0.107021
2313,3.36532,-3.35882,1.74492,-1.74472,0.107001
2314,3.27291,-3.27614,1.74657,-1.74629,0.107006
2315,3.27291,-3.27614,1.74624,-1.74607,0.107022
2316,3.18234,-3.1855,1.74601,-1.74593,0.107033
2317,3.18234,-3.1855,1.74418,-1.74418,0.107035
2318,3.3587,-3.36179,1.7427,-1.74275,0.107018
2319,3.3587,-3.36179,1.74467,-1.74477,0.106998
2320,3.27602,-3.26946,1.74624,-1.74638,0.107002
2321,3.27602,-3.26946,1.74602,-1.74601,0.107017
2322,3.18538,-3.18855,1.74587,-1.74574,0.107028
2323,3.18538,-3.18855,1.74411,-1.74407,0.107029
2324,3.36167,-3.36478,1.74268,-1.7427,0.107012
2325,3.36167,-3.36478,1.7447,-1.74478,0.106992
2326,3.27894,-3.27239,1.74631,-1.74642,0.106998
2327,3.27894,-3.27239,1.74611,-1.74609,0.107015
2328,3.18826,-3.19143,1.746,-1.74586,0.107026
2329,3.18826,-3.19143,1.74427,-1.74421,0.107029
2330,3.3645,-3.3676,1.74286,-1.74287,0.107014
2331,3.3645,-3.3676,1.7449,-1.74497,0.106996
2332,3.27212,-3.27515,1.74653,-1.74664,0.107003
2333,3.27212,-3.27515,1.74619,-1.74633,0.107022
2334,3.19114,-3.18454,1.74595,-1.74612,0.107034
2335,3.19114,-3.18454,1.7443,-1.74432,0.107037
2336,3.36732,-3.36085,1.74296,-1.74285,0.107021
2337,3.36732,-3.36085,1.74505,-1.74485,0.107002
2338,3.27488,-3.27812,1.74672,-1.74644,0.107009
2339,3.27488,-3.27812,1.7464,-1.74623,0.107026
2340,3.18426,-3.18744,1.74619,-1.74611,0.107038
2341,3.18426,-3.18744,1.74438,-1.74437,0.107042
2342,3.36057,-3.36369,1.74291,-1.74296,0.107026
2343,3.36057,-3.36369,1.7449,-1.745,0.107007
2344,3.27783,-3.27132,1.74648,-1.74662,0.107012
2345,3.27783,-3.27132,1.74627,-1.74627,0.107029
2346,3.18716,-3.19036,1.74614,-1.74602,0.10704
2347,3.18716,-3.19036,1.7444,-1.74436,0.107043
2348,3.36341,-3.36656,1.74298,-1.743,0.107027
2349,3.36341,-3.36656,1.74501,-1.74509,0.107008
2350,3.27105,-3.27411,1.74663,-1.74675,0.107015
2351,3.27105,-3.27411,1.74628,-1.74643,0.107032
2352,3.19009,-3.18351,1.74603,-1.74621,0.107044
2353,3.19009,-3.18351,1.74437,-1.7444,0.107046
2354,3.36629,-3.35984,1.74302,-1.74292,0.10703
2355,3.36629,-3.35984,1.7451,-1.7449,0.107011
2356,3.27385,-3.2771,1.74676,-1.74648,0.107016
2357,3.27385,-3.2771,1.74644,-1.74627,0.107033
2358,3.18325,-3.18643,1.74621,-1.74614,0.107045
2359,3.18325,-3.18643,1.74439,-1.74439,0.107047
2360,3.35959,-3.3627,1.74292,-1.74297,0.107031
2361,3.35959,-3.3627,1.7449,-1.745,0.107011
2362,3.27686,-3.27035,1.74647,-1.74661,0.107016
2363,3.27686,-3.27035,1.74626,-1.74625,0.107032
2364,3.18619,-3.18941,1.74612,-1.74599,0.107042
2365,3.18619,-3.18941,1.74437,-1.74432,0.107044
2366,3.36247,-3.36562,1.74294,-1.74296,0.107028
2367,3.36247,-3.36562,1.74496,-1.74504,0.107009
2368,3.27012,-3.27319,1.74657,-1.7467,0.107014
2369,3.27012,-3.27319,1.74621,-1.74637,0.107032
2370,3.18919,-3.18261,1.74596,-1.74614,0.107043
2371,3.18919,-3.18261,1.74429,-1.74432,0.107044
2372,3.36541,-3.35896,1.74293,-1.74283,0.107027
2373,3.36541,-3.35896,1.74501,-1.74481,0.107007
2374,3.273,-3.27625,1.74666,-1.74638,0.107012
2375,3.273,-3.27625,1.74633,-1.74616,0.107029
2376,3.18242,-3.18561,1.7461,-1.74602,0.10704
2377,3.18242,-3.18561,1.74428,-1.74427,0.107042
2378,3.35877,-3.3619,1.74279,-1.74285,0.107025
2379,3.35877,-3.3619,1.74477,-1.74487,0.107005
2380,3.27607,-3.26957,1.74634,-1.74648,0.107009
2381,3.27607,-3.26957,1.74611,-1.74611,0.107024
2382,3.18543,-3.18865,1.74597,-1.74584,0.107034
2383,3.18543,-3.18865,1.74421,-1.74417,0.107036
2384,3.36172,-3.36487,1.74278,-1.7428,0.107019
2385,3.36172,-3.36487,1.7448,-1.74488,0.106999
2386,3.2694,-3.27248,1.7464,-1.74652,0.107005
2387,3.2694,-3.27248,1.74603,-1.74619,0.107021
2388,3.18848,-3.18192,1.74577,-1.74596,0.107032
2389,3.18848,-3.18192,1.7441,-1.74413,0.107033
2390,3.36471,-3.35828,1.74274,-1.74264,0.107016
2391,3.36471,-3.35828,1.74481,-1.74462,0.106996
2392,3.27232,-3.27561,1.74646,-1.74618,0.107
2393,3.27232,-3.27561,1.74612,-1.74596,0.107016
2394,3.19137,-3.18498,1.74589,-1.74581,0.107027
2395,3.19137,-3.18498,1.74423,-1.74406,0.107029
2396,3.36754,-3.36128,1.74289,-1.74263,0.107012
2397,3.36754,-3.36128,1.74498,-1.74465,0.106994
2398,3.27509,-3.27856,1.74664,-1.74626,0.107
2399,3.27509,-3.27856,1.74632,-1.74608,0.107017
2400,3.18448,-3.18789,1.7461,-1.74597,0.107029
2401,3.18448,-3.18789,1.74429,-1.74424,0.107033
2402,3.36079,-3.36414,1.74282,-1.74284,0.107017
2403,3.36079,-3.36414,1.74481,-1.74489,0.106998
2404,3.27806,-3.27176,1.74639,-1.74652,0.107004
2405,3.27806,-3.27176,1.74618,-1.74617,0.107021
2406,3.18739,-3.19079,1.74605,-1.74593,0.107032
2407,3.18739,-3.19079,1.74431,-1.74427,0.107035
2408,3.36364,-3.36698,1.74289,-1.74292,0.107019
2409,3.36364,-3.36698,1.74493,-1.74501,0.107001
2410,3.27128,-3.27454,1.74655,-1.74668,0.107008
2411,3.27128,-3.27454,1.7462,-1.74636,0.107026
2412,3.19031,-3.18393,1.74595,-1.74615,0.107037
2413,3.19031,-3.18393,1.7443,-1.74434,0.10704
2414,3.36651,-3.36025,1.74295,-1.74286,0.107024
2415,3.36651,-3.36025,1.74503,-1.74485,0.107005
2416,3.27408,-3.27752,1.7467,-1.74643,0.10701
2417,3.27408,-3.27752,1.74637,-1.74622,0.107028
2418,3.18348,-3.18685,1.74615,-1.74609,0.107039
2419,3.18348,-3.18685,1.74434,-1.74435,0.107043
2420,3.35981,-3.36311,1.74286,-1.74293,0.107026
2421,3.35981,-3.36311,1.74485,-1.74497,0.107007
2422,3.27709,-3.27077,1.74643,-1.74658,0.107011
2423,3.27709,-3.27077,1.74621,-1.74622,0.107028
2424,3.18644,-3.18983,1.74608,-1.74597,0.107039
2425,3.18644,-3.18983,1.74433,-1.7443,0.107041
2426,3.36271,-3.36603,1.7429,-1.74295,0.107024
2427,3.36271,-3.36603,1.74493,-1.74503,0.107006
2428,3.27035,-3.27359,1.74654,-1.74668,0.107012
2429,3.27035,-3.27359,1.74619,-1.74636,0.107029
2430,3.18941,-3.183,1.74593,-1.74613,0.10704
2431,3.18941,-3.183,1.74427,-1.74431,0.107042
2432,3.36563,-3.35934,1.74291,-1.74283,0.107025
2433,3.36563,-3.35934,1.74499,-1.74481,0.107006
2434,3.27319,-3.27662,1.74665,-1.74639,0.107011
2435,3.27319,-3.27662,1.74632,-1.74617,0.107027
2436,3.18262,-3.18597,1.74609,-1.74603,0.107038
2437,3.18262,-3.18597,1.74427,-1.74428,0.107041
2438,3.35897,-3.36225,1.74279,-1.74286,0.107024
2439,3.35897,-3.36225,1.74477,-1.74488,0.107004
2440,3.27626,-3.26992,1.74634,-1.74649,0.107008
2441,3.27626,-3.26992,1.74612,-1.74613,0.107024
2442,3.18562,-3.18899,1.74597,-1.74586,0.107034
2443,3.18562,-3.18899,1.74422,-1.74419,0.107036
2444,3.3619,-3.36521,1.74279,-1.74283,0.107019
2445,3.3619,-3.36521,1.74481,-1.7449,0.107
2446,3.26958,-3.27279,1.74642,-1.74655,0.107005
2447,3.26958,-3.27279,1.74605,-1.74622,0.107022
2448,3.18866,-3.18222,1.74579,-1.74599,0.107033
2449,3.18866,-3.18222,1.74412,-1.74416,0.107034
2450,3.36489,-3.35858,1.74276,-1.74268,0.107017
2451,3.36489,-3.35858,1.74484,-1.74465,0.106997
2452,3.27249,-3.27588,1.74649,-1.74622,0.107001
2453,3.27249,-3.27588,1.74615,-1.746,0.107018
2454,3.18194,-3.18525,1.74592,-1.74585,0.107028
2455,3.18194,-3.18525,1.74409,-1.7441,0.10703
2456,3.3583,-3.36155,1.7426,-1.74267,0.107013
2457,3.3583,-3.36155,1.74458,-1.74469,0.106992
2458,3.2756,-3.27884,1.74614,-1.74629,0.106996
2459,3.2756,-3.27884,1.74592,-1.7461,0.107012
2460,3.18498,-3.18814,1.74577,-1.74598,0.107023
2461,3.18498,-3.18814,1.74401,-1.74424,0.107026
2462,3.36128,-3.36438,1.74258,-1.74283,0.10701
2463,3.36128,-3.36438,1.74461,-1.74486,0.106991
2464,3.27858,-3.27203,1.74622,-1.74648,0.106996
2465,3.27858,-3.27203,1.74603,-1.74613,0.107013
2466,3.18789,-3.19106,1.74592,-1.74588,0.107025
2467,3.18789,-3.19106,1.74419,-1.74422,0.107028
2468,3.36413,-3.36724,1.74279,-1.74286,0.107012
2469,3.36413,-3.36724,1.74484,-1.74495,0.106994
2470,3.27179,-3.27478,1.74647,-1.74662,0.107001
2471,3.27179,-3.27478,1.74612,-1.7463,0.107019
2472,3.19082,-3.18418,1.74588,-1.74608,0.107031
2473,3.19082,-3.18418,1.74423,-1.74427,0.107034
2474,3.36701,-3.3605,1.74289,-1.7428,0.107018
2475,3.36701,-3.3605,1.74498,-1.74479,0.106999
2476,3.27457,-3.27775,1.74665,-1.74638,0.107005
2477,3.27457,-3.27775,1.74633,-1.74617,0.107023
2478,3.18397,-3.18708,1.74611,-1.74604,0.107035
2479,3.18397,-3.18708,1.7443,-1.7443,0.107038
2480,3.36029,-3.36334,1.74283,-1.74289,0.107022
2481,3.36029,-3.36334,1.74482,-1.74492,0.107002
2482,3.27755,-3.27098,1.7464,-1.74654,0.107008
2483,3.27755,-3.27098,1.74619,-1.74618,0.107024
2484,3.18689,-3.19003,1.74606,-1.74593,0.107035
2485,3.18689,-3.19003,1.74431,-1.74427,0.107038
2486,3.36315,-3.36623,1.74289,-1.74291,0.107022
2487,3.36315,-3.36623,1.74492,-1.745,0.107003
2488,3.27079,-3.2738,1.74654,-1.74666,0.107009
2489,3.27079,-3.2738,1.74618,-1.74633,0.107027
2490,3.18985,-3.1832,1.74593,-1.74611,0.107038
2491,3.18985,-3.1832,1.74427,-1.74429,0.10704
2492,3.36605,-3.35954,1.74292,-1.74282,0.107024
2493,3.36605,-3.35954,1.745,-1.7448,0.107004
2494,3.27362,-3.27681,1.74666,-1.74638,0.107009
2495,3.27362,-3.27681,1.74633,-1.74616,0.107026
2496,3.18303,-3.18616,1.74611,-1.74603,0.107038
2497,3.18303,-3.18616,1.74429,-1.74428,0.10704
2498,3.35937,-3.36244,1.74281,-1.74286,0.107024
2499,3.35937,-3.36244,1.74479,-1.74489,0.107004
2500,3.27664,-3.27009,1.74636,-1.7465,0.107008
2501,3.27664,-3.27009,1.74614,-1.74613,0.107024
2502,3.186,-3.18916,1.746,-1.74587,0.107035
2503,3.186,-3.18916,1.74425,-1.7442,0.107037
2504,3.36228,-3.36538,1.74282,-1.74284,0.10702
2505,3.36228,-3.36538,1.74485,-1.74492,0.107001
2506,3.26994,-3.27295,1.74645,-1.74657,0.107006
2507,3.26994,-3.27295,1.74609,-1.74624,0.107023
2508,3.18901,-3.18238,1.74584,-1.74601,0.107034
2509,3.18901,-3.18238,1.74417,-1.74419,0.107036
2510,3.36523,-3.35874,1.74281,-1.7427,0.107019
2511,3.36523,-3.35874,1.74489,-1.74468,0.106999
2512,3.27283,-3.27603,1.74654,-1.74625,0.107003
2513,3.27283,-3.27603,1.7462,-1.74603,0.10702
2514,3.18227,-3.18539,1.74597,-1.74589,0.107031
2515,3.18227,-3.18539,1.74414,-1.74414,0.107033
2516,3.35862,-3.36168,1.74266,-1.74271,0.107016
2517,3.35862,-3.36168,1.74463,-1.74473,0.106995
2518,3.27594,-3.26939,1.7462,-1.74634,0.106999
2519,3.27594,-3.26939,1.74598,-1.74597,0.107015
2520,3.1853,-3.18847,1.74583,-1.7457,0.107025
2521,3.1853,-3.18847,1.74407,-1.74403,0.107026
2522,3.36159,-3.36471,1.74264,-1.74266,0.107009
2523,3.36159,-3.36471,1.74466,-1.74473,0.10699
2524,3.2693,-3.27234,1.74626,-1.74638,0.106995
2525,3.2693,-3.27234,1.7459,-1.74605,0.107011
2526,3.18838,-3.19137,1.74563,-1.74581,0.107022
2527,3.18838,-3.19137,1.74396,-1.74416,0.107023
2528,3.36462,-3.36754,1.7426,-1.74282,0.107007
2529,3.36462,-3.36754,1.74468,-1.74491,0.106989
2530,3.27225,-3.27511,1.74633,-1.74657,0.106995
2531,3.27225,-3.27511,1.74601,-1.74625,0.107013
2532,3.19129,-3.1845,1.74578,-1.74604,0.107025
2533,3.19129,-3.1845,1.74415,-1.74423,0.107028
2534,3.36747,-3.36081,1.74281,-1.74275,0.107012
2535,3.36747,-3.36081,1.74492,-1.74475,0.106994
2536,3.27504,-3.27808,1.74659,-1.74633,0.107
2537,3.27504,-3.27808,1.74628,-1.74612,0.107018
2538,3.18443,-3.1874,1.74607,-1.746,0.10703
2539,3.18443,-3.1874,1.74426,-1.74426,0.107033
2540,3.36075,-3.36365,1.7428,-1.74285,0.107017
2541,3.36075,-3.36365,1.74479,-1.74489,0.106998
2542,3.27802,-3.2713,1.74638,-1.74651,0.107004
2543,3.27802,-3.2713,1.74617,-1.74615,0.107021
2544,3.18734,-3.19035,1.74604,-1.7459,0.107032
2545,3.18734,-3.19035,1.7443,-1.74424,0.107035
2546,3.36359,-3.36654,1.74288,-1.74289,0.107019
2547,3.36359,-3.36654,1.74492,-1.74498,0.107
2548,3.27123,-3.27409,1.74654,-1.74664,0.107007
2549,3.27123,-3.27409,1.74618,-1.74632,0.107025
2550,3.19028,-3.1835,1.74594,-1.7461,0.107036
2551,3.19028,-3.1835,1.74428,-1.74429,0.107039
2552,3.36648,-3.35983,1.74293,-1.74281,0.107022
2553,3.36648,-3.35983,1.74502,-1.7448,0.107003
2554,3.27402,-3.2771,1.74668,-1.74638,0.107009
2555,3.27402,-3.2771,1.74635,-1.74617,0.107026
2556,3.18344,-3.18645,1.74613,-1.74603,0.107037
2557,3.18344,-3.18645,1.74431,-1.74429,0.10704
2558,3.35977,-3.36272,1.74283,-1.74287,0.107024
2559,3.35977,-3.36272,1.74482,-1.7449,0.107004
2560,3.27702,-3.27037,1.7464,-1.74652,0.107009
2561,3.27702,-3.27037,1.74618,-1.74616,0.107025
2562,3.18637,-3.18943,1.74604,-1.7459,0.107036
2563,3.18637,-3.18943,1.74429,-1.74423,0.107038
2564,3.36265,-3.36564,1.74286,-1.74287,0.107021
2565,3.36265,-3.36564,1.74489,-1.74495,0.107002
2566,3.27031,-3.27322,1.7465,-1.74661,0.107008
2567,3.27031,-3.27322,1.74614,-1.74628,0.107025
2568,3.18936,-3.18263,1.74589,-1.74605,0.107036
2569,3.18936,-3.18263,1.74422,-1.74423,0.107038
2570,3.36558,-3.35898,1.74286,-1.74275,0.107021
2571,3.36558,-3.35898,1.74494,-1.74473,0.107001
2572,3.27316,-3.27628,1.7466,-1.7463,0.107006
2573,3.27316,-3.27628,1.74626,-1.74608,0.107023
2574,3.18257,-3.18564,1.74603,-1.74594,0.107034
2575,3.18257,-3.18564,1.74421,-1.7442,0.107036
2576,3.35892,-3.36193,1.74273,-1.74277,0.107019
2577,3.35892,-3.36193,1.7447,-1.7448,0.106999
2578,3.27622,-3.26961,1.74627,-1.7464,0.107003
2579,3.27622,-3.26961,1.74605,-1.74603,0.107019
2580,3.18558,-3.18869,1.74591,-1.74577,0.107029
2581,3.18558,-3.18869,1.74415,-1.7441,0.107031
2582,3.36187,-3.36491,1.74272,-1.74273,0.107014
2583,3.36187,-3.36491,1.74474,-1.74481,0.106994
2584,3.26956,-3.27252,1.74635,-1.74646,0.107
2585,3.26956,-3.27252,1.74598,-1.74612,0.107016
2586,3.18865,-3.18196,1.74572,-1.74589,0.107027
2587,3.18865,-3.18196,1.74405,-1.74407,0.107029
2588,3.36487,-3.35832,1.74269,-1.74258,0.107011
2589,3.36487,-3.35832,1.74476,-1.74455,0.106991
2590,3.27251,-3.27565,1.74641,-1.74612,0.106995
2591,3.27251,-3.27565,1.74607,-1.7459,0.107012
2592,3.19153,-3.18501,1.74584,-1.74575,0.107022
2593,3.19153,-3.18501,1.74419,-1.744,0.107025
2594,3.36769,-3.36131,1.74284,-1.74257,0.107008
2595,3.36769,-3.36131,1.74493,-1.74459,0.106989
2596,3.27527,-3.27861,1.7466,-1.74621,0.106995
2597,3.27527,-3.27861,1.74628,-1.74602,0.107013
2598,3.18464,-3.18793,1.74606,-1.74591,0.107026
2599,3.18464,-3.18793,1.74425,-1.74419,0.107029
2600,3.36095,-3.36417,1.74278,-1.74279,0.107014
2601,3.36095,-3.36417,1.74477,-1.74484,0.106995
2602,3.2782,-3.27181,1.74635,-1.74647,0.107
2603,3.2782,-3.27181,1.74615,-1.74612,0.107017
2604,3.18753,-3.19085,1.74602,-1.74588,0.107029
2605,3.18753,-3.19085,1.74428,-1.74423,0.107032
2606,3.36378,-3.36703,1.74286,-1.74288,0.107016
2607,3.36378,-3.36703,1.7449,-1.74497,0.106998
2608,3.27141,-3.2746,1.74652,-1.74664,0.107005
2609,3.27141,-3.2746,1.74617,-1.74632,0.107023
2610,3.19045,-3.18399,1.74592,-1.74611,0.107035
2611,3.19045,-3.18399,1.74427,-1.7443,0.107037
2612,3.36665,-3.36031,1.74292,-1.74283,0.107021
2613,3.36665,-3.36031,1.74501,-1.74482,0.107002
2614,3.2742,-3.27758,1.74667,-1.7464,0.107008
2615,3.2742,-3.27758,1.74635,-1.74619,0.107025
2616,3.1836,-3.18691,1.74613,-1.74606,0.107037
2617,3.1836,-3.18691,1.74431,-1.74432,0.10704
2618,3.35993,-3.36317,1.74284,-1.7429,0.107024
2619,3.35993,-3.36317,1.74482,-1.74494,0.107004
2620,3.27719,-3.27082,1.7464,-1.74655,0.107009
2621,3.27719,-3.27082,1.74619,-1.74619,0.107025
2622,3.18652,-3.18988,1.74605,-1.74594,0.107036
2623,3.18652,-3.18988,1.7443,-1.74428,0.107039
2624,3.36279,-3.36608,1.74288,-1.74292,0.107022
2625,3.36279,-3.36608,1.74491,-1.745,0.107004
2626,3.27045,-3.27364,1.74652,-1.74666,0.10701
2627,3.27045,-3.27364,1.74617,-1.74633,0.107027
2628,3.18952,-3.18306,1.74591,-1.74611,0.107038
2629,3.18952,-3.18306,1.74425,-1.74429,0.10704
2630,3.36573,-3.3594,1.7429,-1.74281,0.107023
2631,3.36573,-3.3594,1.74498,-1.74479,0.107004
2632,3.27329,-3.27666,1.74663,-1.74637,0.107009
2633,3.27329,-3.27666,1.7463,-1.74615,0.107026
2634,3.18272,-3.18602,1.74608,-1.74601,0.107037
2635,3.18272,-3.18602,1.74425,-1.74426,0.107039
2636,3.35906,-3.3623,1.74277,-1.74284,0.107022
2637,3.35906,-3.3623,1.74475,-1.74487,0.107002
2638,3.27635,-3.26996,1.74632,-1.74648,0.107007
2639,3.27635,-3.26996,1.7461,-1.74611,0.107023
2640,3.18571,-3.18903,1.74596,-1.74585,0.107033
2641,3.18571,-3.18903,1.74421,-1.74418,0.107035
2642,3.36199,-3.36525,1.74278,-1.74281,0.107018
2643,3.36199,-3.36525,1.7448,-1.74489,0.106999
2644,3.26967,-3.27283,1.74641,-1.74654,0.107004
2645,3.26967,-3.27283,1.74604,-1.74621,0.107021
2646,3.18874,-3.18225,1.74578,-1.74598,0.107032
2647,3.18874,-3.18225,1.74412,-1.74415,0.107033
2648,3.36496,-3.35861,1.74275,-1.74267,0.107016
2649,3.36496,-3.35861,1.74483,-1.74464,0.106996
2650,3.27258,-3.27592,1.74648,-1.74621,0.107001
2651,3.27258,-3.27592,1.74614,-1.74599,0.107017
2652,3.182,-3.1853,1.74591,-1.74584,0.107028
2653,3.182,-3.1853,1.74408,-1.74409,0.10703
2654,3.35836,-3.36159,1.7426,-1.74266,0.107012
2655,3.35836,-3.36159,1.74457,-1.74468,0.106992
2656,3.27569,-3.27887,1.74614,-1.74629,0.106996
2657,3.27569,-3.27887,1.74591,-1.74609,0.107011
2658,3.18507,-3.18818,1.74577,-1.74597,0.107023
2659,3.18507,-3.18818,1.74401,-1.74423,0.107025
2660,3.36137,-3.36442,1.74258,-1.74282,0.107009
2661,3.36137,-3.36442,1.74461,-1.74486,0.10699
2662,3.27867,-3.27207,1.74622,-1.74648,0.106996
2663,3.27867,-3.27207,1.74604,-1.74612,0.107013
2664,3.18797,-3.19109,1.74592,-1.74587,0.107024
2665,3.18797,-3.19109,1.7442,-1.74421,0.107027
2666,3.36421,-3.36726,1.74279,-1.74286,0.107012
2667,3.36421,-3.36726,1.74484,-1.74495,0.106994
2668,3.27187,-3.27482,1.74647,-1.74662,0.107001
2669,3.27187,-3.27482,1.74613,-1.7463,0.107019
2670,3.19089,-3.1842,1.74589,-1.74608,0.107031
2671,3.19089,-3.1842,1.74424,-1.74427,0.107034
2672,3.36707,-3.36052,1.7429,-1.7428,0.107018
2673,3.36707,-3.36052,1.74499,-1.74479,0.106999
2674,3.27465,-3.27778,1.74666,-1.74638,0.107005
2675,3.27465,-3.27778,1.74634,-1.74617,0.107023
2676,3.18403,-3.18712,1.74612,-1.74604,0.107035
2677,3.18403,-3.18712,1.74431,-1.7443,0.107038
2678,3.36035,-3.36338,1.74284,-1.74289,0.107022
2679,3.36035,-3.36338,1.74483,-1.74493,0.107003
2680,3.27761,-3.27101,1.74641,-1.74655,0.107008
2681,3.27761,-3.27101,1.7462,-1.74619,0.107024
2682,3.18694,-3.19007,1.74607,-1.74594,0.107036
2683,3.18694,-3.19007,1.74432,-1.74427,0.107038
2684,3.36321,-3.36626,1.7429,-1.74292,0.107022
2685,3.36321,-3.36626,1.74493,-1.745,0.107003
2686,3.27084,-3.27383,1.74655,-1.74666,0.10701
2687,3.27084,-3.27383,1.74619,-1.74634,0.107027
2688,3.1899,-3.18323,1.74594,-1.74612,0.107038
2689,3.1899,-3.18323,1.74428,-1.7443,0.107041
2690,3.3661,-3.35957,1.74293,-1.74282,0.107024
2691,3.3661,-3.35957,1.74502,-1.74481,0.107005
2692,3.27367,-3.27684,1.74667,-1.74638,0.10701
2693,3.27367,-3.27684,1.74635,-1.74617,0.107027
2694,3.18308,-3.18618,1.74612,-1.74603,0.107038
2695,3.18308,-3.18618,1.7443,-1.74429,0.107041
2696,3.35941,-3.36245,1.74282,-1.74287,0.107024
2697,3.35941,-3.36245,1.7448,-1.7449,0.107004
2698,3.27669,-3.27012,1.74638,-1.74651,0.107009
2699,3.27669,-3.27012,1.74616,-1.74614,0.107025
2700,3.18603,-3.18919,1.74602,-1.74588,0.107035
2701,3.18603,-3.18919,1.74426,-1.74421,0.107037
2702,3.36231,-3.36541,1.74283,-1.74285,0.107021
2703,3.36231,-3.36541,1.74486,-1.74493,0.107001
2704,3.26998,-3.27298,1.74647,-1.74658,0.107007
2705,3.26998,-3.27298,1.7461,-1.74625,0.107024
2706,3.18906,-3.18241,1.74585,-1.74602,0.107035
2707,3.18906,-3.18241,1.74418,-1.7442,0.107037
2708,3.36528,-3.35876,1.74282,-1.74272,0.107019
2709,3.36528,-3.35876,1.7449,-1.74469,0.107
2710,3.27286,-3.27606,1.74655,-1.74626,0.107004
2711,3.27286,-3.27606,1.74622,-1.74604,0.107021
2712,3.18229,-3.18542,1.74598,-1.7459,0.107032
2713,3.18229,-3.18542,1.74416,-1.74415,0.107034
2714,3.35865,-3.36171,1.74267,-1.74272,0.107017
2715,3.35865,-3.36171,1.74465,-1.74475,0.106996
2716,3.27596,-3.26941,1.74622,-1.74635,0.107
2717,3.27596,-3.26941,1.74599,-1.74598,0.107016
2718,3.18532,-3.18849,1.74585,-1.74572,0.107026
2719,3.18532,-3.18849,1.74409,-1.74404,0.107027
2720,3.36162,-3.36472,1.74266,-1.74268,0.10701
2721,3.36162,-3.36472,1.74467,-1.74475,0.106991
2722,3.26932,-3.27235,1.74628,-1.7464,0.106996
2723,3.26932,-3.27235,1.74591,-1.74606,0.107013
2724,3.1884,-3.19138,1.74565,-1.74583,0.107023
2725,3.1884,-3.19138,1.74398,-1.74418,0.107025
2726,3.36463,-3.36755,1.74262,-1.74283,0.107008
2727,3.36463,-3.36755,1.74469,-1.74492,0.10699
2728,3.27227,-3.27511,1.74635,-1.74659,0.106996
2729,3.27227,-3.27511,1.74602,-1.74627,0.107014
2730,3.19132,-3.1845,1.7458,-1.74605,0.107026
2731,3.19132,-3.1845,1.74416,-1.74424,0.107029
2732,3.36749,-3.36081,1.74283,-1.74277,0.107014
2733,3.36749,-3.36081,1.74493,-1.74476,0.106995
2734,3.27507,-3.27808,1.74661,-1.74635,0.107001
2735,3.27507,-3.27808,1.7463,-1.74614,0.107019
2736,3.18446,-3.1874,1.74609,-1.74601,0.107031
2737,3.18446,-3.1874,1.74428,-1.74428,0.107035
2738,3.36077,-3.36365,1.74281,-1.74286,0.107019
2739,3.36077,-3.36365,1.74481,-1.7449,0.107
2740,3.27804,-3.27129,1.74639,-1.74652,0.107005
2741,3.27804,-3.27129,1.74619,-1.74617,0.107022
2742,3.18736,-3.19033,1.74606,-1.74592,0.107033
2743,3.18736,-3.19033,1.74432,-1.74426,0.107036
2744,3.36361,-3.36652,1.7429,-1.74291,0.10702
2745,3.36361,-3.36652,1.74493,-1.74499,0.107002
2746,3.27125,-3.27408,1.74655,-1.74665,0.107008
2747,3.27125,-3.27408,1.7462,-1.74633,0.107026
2748,3.19029,-3.18348,1.74595,-1.74611,0.107037
2749,3.19029,-3.18348,1.7443,-1.7443,0.10704
2750,3.36648,-3.35981,1.74295,-1.74283,0.107023
2751,3.36648,-3.35981,1.74503,-1.74481,0.107004
2752,3.27404,-3.27707,1.74669,-1.74639,0.10701
2753,3.27404,-3.27707,1.74637,-1.74618,0.107027
2754,3.18344,-3.18642,1.74614,-1.74605,0.107038
2755,3.18344,-3.18642,1.74433,-1.7443,0.107041
2756,3.35977,-3.36269,1.74285,-1.74289,0.107025
2757,3.35977,-3.36269,1.74483,-1.74492,0.107005
2758,3.27704,-3.27034,1.74641,-1.74653,0.10701
2759,3.27704,-3.27034,1.74619,-1.74617,0.107026
2760,3.18639,-3.18941,1.74606,-1.74591,0.107037
2761,3.18639,-3.18941,1.74431,-1.74424,0.107039
2762,3.36266,-3.36562,1.74288,-1.74288,0.107022
2763,3.36266,-3.36562,1.74491,-1.74496,0.107003
2764,3.2703,-3.2732,1.74652,-1.74662,0.107009
2765,3.2703,-3.2732,1.74616,-1.74629,0.107026
2766,3.18937,-3.18261,1.7459,-1.74607,0.107037
2767,3.18937,-3.18261,1.74424,-1.74425,0.107039
2768,3.36558,-3.35896,1.74288,-1.74276,0.107022
2769,3.36558,-3.35896,1.74496,-1.74474,0.107002
2770,3.27316,-3.27626,1.74661,-1.74631,0.107007
2771,3.27316,-3.27626,1.74628,-1.7461,0.107024
2772,3.18258,-3.18561,1.74605,-1.74596,0.107035
2773,3.18258,-3.18561,1.74422,-1.74421,0.107037
2774,3.35892,-3.3619,1.74274,-1.74278,0.10702
2775,3.35892,-3.3619,1.74472,-1.74481,0.107
2776,3.27622,-3.26959,1.74629,-1.74641,0.107004
2777,3.27622,-3.26959,1.74606,-1.74604,0.10702
2778,3.18557,-3.18867,1.74592,-1.74578,0.10703
2779,3.18557,-3.18867,1.74416,-1.74411,0.107032
2780,3.36186,-3.36489,1.74273,-1.74274,0.107015
2781,3.36186,-3.36489,1.74475,-1.74482,0.106995
2782,3.26956,-3.2725,1.74636,-1.74647,0.107001
2783,3.26956,-3.2725,1.74599,-1.74613,0.107017
2784,3.18865,-3.18194,1.74573,-1.7459,0.107028
2785,3.18865,-3.18194,1.74406,-1.74408,0.107029
2786,3.36487,-3.3583,1.7427,-1.74259,0.107012
2787,3.36487,-3.3583,1.74477,-1.74456,0.106992
2788,3.27248,-3.27563,1.74642,-1.74613,0.106996
2789,3.27248,-3.27563,1.74608,-1.74591,0.107012
2790,3.1915,-3.185,1.74585,-1.74576,0.107023
2791,3.1915,-3.185,1.7442,-1.74401,0.107025
2792,3.36767,-3.3613,1.74285,-1.74258,0.107009
2793,3.36767,-3.3613,1.74494,-1.7446,0.10699
2794,3.27523,-3.27859,1.74661,-1.74621,0.106996
2795,3.27523,-3.27859,1.74629,-1.74603,0.107014
2796,3.18461,-3.1879,1.74607,-1.74592,0.107026
2797,3.18461,-3.1879,1.74426,-1.7442,0.10703
2798,3.36092,-3.36414,1.74279,-1.7428,0.107014
2799,3.36092,-3.36414,1.74478,-1.74485,0.106995
2800,3.27817,-3.2718,1.74636,-1.74648,0.107001
2801,3.27817,-3.2718,1.74615,-1.74613,0.107018
2802,3.18749,-3.19084,1.74602,-1.74589,0.107029
2803,3.18749,-3.19084,1.74428,-1.74423,0.107032
2804,3.36374,-3.36702,1.74286,-1.74289,0.107017
2805,3.36374,-3.36702,1.7449,-1.74498,0.106999
2806,3.27138,-3.27457,1.74652,-1.74664,0.107005
2807,3.27138,-3.27457,1.74617,-1.74633,0.107023
2808,3.19042,-3.18397,1.74592,-1.74611,0.107035
2809,3.19042,-3.18397,1.74427,-1.7443,0.107038
2810,3.36662,-3.36029,1.74292,-1.74283,0.107021
2811,3.36662,-3.36029,1.74501,-1.74482,0.107002
2812,3.27416,-3.27756,1.74667,-1.7464,0.107008
2813,3.27416,-3.27756,1.74635,-1.74619,0.107025
2814,3.18357,-3.18689,1.74613,-1.74606,0.107037
2815,3.18357,-3.18689,1.74431,-1.74432,0.10704
2816,3.3599,-3.36315,1.74284,-1.74291,0.107024
2817,3.3599,-3.36315,1.74483,-1.74494,0.107004
2818,3.27716,-3.2708,1.7464,-1.74656,0.107009
2819,3.27716,-3.2708,1.74619,-1.7462,0.107026
2820,3.1865,-3.18985,1.74605,-1.74594,0.107037
2821,3.1865,-3.18985,1.74431,-1.74428,0.107039
2822,3.36277,-3.36605,1.74288,-1.74292,0.107023
2823,3.36277,-3.36605,1.74491,-1.745,0.107004
2824,3.27043,-3.27362,1.74652,-1.74666,0.10701
2825,3.27043,-3.27362,1.74617,-1.74633,0.107027
2826,3.18948,-3.18304,1.74591,-1.74611,0.107038
2827,3.18948,-3.18304,1.74425,-1.74429,0.10704
2828,3.36569,-3.35938,1.7429,-1.74281,0.107023
2829,3.36569,-3.35938,1.74498,-1.74479,0.107004
2830,3.27327,-3.27664,1.74663,-1.74637,0.107009
2831,3.27327,-3.27664,1.7463,-1.74615,0.107026
2832,3.18269,-3.186,1.74607,-1.74601,0.107037
2833,3.18269,-3.186,1.74425,-1.74426,0.107039
2834,3.35904,-3.36228,1.74277,-1.74284,0.107022
2835,3.35904,-3.36228,1.74475,-1.74487,0.107002
2836,3.27632,-3.26993,1.74632,-1.74647,0.107007
2837,3.27632,-3.26993,1.7461,-1.74611,0.107023
2838,3.18569,-3.18901,1.74596,-1.74585,0.107033
2839,3.18569,-3.18901,1.7442,-1.74417,0.107035
2840,3.36197,-3.36523,1.74277,-1.74281,0.107018
2841,3.36197,-3.36523,1.7448,-1.74489,0.106999
2842,3.26964,-3.27283,1.7464,-1.74654,0.107004
2843,3.26964,-3.27283,1.74604,-1.7462,0.107021
2844,3.18872,-3.18225,1.74578,-1.74597,0.107032
2845,3.18872,-3.18225,1.74411,-1.74415,0.107033
2846,3.36494,-3.3586,1.74275,-1.74266,0.107016
2847,3.36494,-3.3586,1.74483,-1.74464,0.106996
2848,3.27256,-3.27592,1.74648,-1.74621,0.107
2849,3.27256,-3.27592,1.74614,-1.74598,0.107017
2850,3.18199,-3.18529,1.74591,-1.74584,0.107027
2851,3.18199,-3.18529,1.74408,-1.74409,0.107029
2852,3.35835,-3.36158,1.74259,-1.74266,0.107012
2853,3.35835,-3.36158,1.74457,-1.74468,0.106992
2854,3.27568,-3.26928,1.74613,-1.74629,0.106996
2855,3.27568,-3.26928,1.74591,-1.74591,0.107011
2856,3.18506,-3.18837,1.74576,-1.74565,0.107021
2857,3.18506,-3.18837,1.744,-1.74397,0.107022
2858,3.36135,-3.3646,1.74257,-1.7426,0.107005
2859,3.36135,-3.3646,1.74458,-1.74467,0.106985
2860,3.27864,-3.27223,1.74619,-1.74632,0.10699
2861,3.27864,-3.27223,1.74599,-1.74598,0.107007
2862,3.18796,-3.19128,1.74588,-1.74575,0.107019
2863,3.18796,-3.19128,1.74414,-1.7441,0.107022
2864,3.3642,-3.36745,1.74274,-1.74276,0.107006
2865,3.3642,-3.36745,1.74478,-1.74486,0.106988
2866,3.27184,-3.27504,1.7464,-1.74653,0.106995
2867,3.27184,-3.27504,1.74606,-1.74622,0.107013
2868,3.19088,-3.18442,1.74582,-1.74601,0.107026
2869,3.19088,-3.18442,1.74417,-1.7442,0.107029
2870,3.36706,-3.36073,1.74283,-1.74274,0.107013
2871,3.36706,-3.36073,1.74492,-1.74473,0.106994
2872,3.27463,-3.278,1.74659,-1.74632,0.107
2873,3.27463,-3.278,1.74627,-1.74611,0.107017
2874,3.18402,-3.18733,1.74605,-1.74598,0.10703
2875,3.18402,-3.18733,1.74424,-1.74425,0.107033
2876,3.36034,-3.36358,1.74277,-1.74284,0.107017
2877,3.36034,-3.36358,1.74476,-1.74487,0.106998
2878,3.27762,-3.27123,1.74634,-1.74649,0.107003
2879,3.27762,-3.27123,1.74613,-1.74614,0.10702
2880,3.18696,-3.19028,1.746,-1.74589,0.107031
2881,3.18696,-3.19028,1.74426,-1.74423,0.107033
2882,3.36322,-3.36647,1.74284,-1.74287,0.107017
2883,3.36322,-3.36647,1.74487,-1.74496,0.106999
2884,3.27086,-3.27403,1.74649,-1.74662,0.107005
2885,3.27086,-3.27403,1.74613,-1.7463,0.107023
2886,3.18991,-3.18344,1.74588,-1.74608,0.107034
2887,3.18991,-3.18344,1.74423,-1.74426,0.107037
2888,3.36611,-3.35977,1.74287,-1.74278,0.10702
2889,3.36611,-3.35977,1.74496,-1.74477,0.107001
2890,3.27368,-3.27705,1.74662,-1.74635,0.107006
2891,3.27368,-3.27705,1.74629,-1.74613,0.107023
2892,3.1831,-3.18639,1.74607,-1.746,0.107035
2893,3.1831,-3.18639,1.74425,-1.74426,0.107037
2894,3.35944,-3.36266,1.74277,-1.74284,0.107021
2895,3.35944,-3.36266,1.74475,-1.74487,0.107001
2896,3.27672,-3.27032,1.74633,-1.74648,0.107006
2897,3.27672,-3.27032,1.74611,-1.74612,0.107022
2898,3.18607,-3.18939,1.74597,-1.74586,0.107032
2899,3.18607,-3.18939,1.74422,-1.74419,0.107034
2900,3.36235,-3.3656,1.74279,-1.74283,0.107018
2901,3.36235,-3.3656,1.74482,-1.74491,0.106999
2902,3.27001,-3.27318,1.74643,-1.74656,0.107004
2903,3.27001,-3.27318,1.74607,-1.74623,0.107021
2904,3.18909,-3.18261,1.74581,-1.746,0.107032
2905,3.18909,-3.18261,1.74415,-1.74418,0.107034
2906,3.36531,-3.35896,1.74279,-1.7427,0.107017
2907,3.36531,-3.35896,1.74487,-1.74468,0.106997
2908,3.2729,-3.27625,1.74652,-1.74625,0.107002
2909,3.2729,-3.27625,1.74618,-1.74603,0.107018
2910,3.18234,-3.18562,1.74595,-1.74589,0.107029
2911,3.18234,-3.18562,1.74413,-1.74414,0.107032
2912,3.35869,-3.3619,1.74264,-1.74271,0.107015
2913,3.35869,-3.3619,1.74462,-1.74473,0.106994
2914,3.27599,-3.26959,1.74619,-1.74634,0.106998
2915,3.27599,-3.26959,1.74597,-1.74597,0.107014
2916,3.18536,-3.18868,1.74582,-1.74571,0.107024
2917,3.18536,-3.18868,1.74407,-1.74403,0.107026
2918,3.36165,-3.3649,1.74263,-1.74267,0.107009
2919,3.36165,-3.3649,1.74465,-1.74474,0.106989
2920,3.26935,-3.27254,1.74626,-1.74639,0.106995
2921,3.26935,-3.27254,1.74589,-1.74606,0.107011
2922,3.18844,-3.19156,1.74563,-1.74582,0.107022
2923,3.18844,-3.19156,1.74396,-1.74417,0.107023
2924,3.36467,-3.36773,1.7426,-1.74283,0.107007
2925,3.36467,-3.36773,1.74468,-1.74492,0.106989
2926,3.27231,-3.27531,1.74633,-1.74659,0.106995
2927,3.27231,-3.27531,1.74601,-1.74627,0.107014
2928,3.19135,-3.18469,1.74579,-1.74605,0.107026
2929,3.19135,-3.18469,1.74415,-1.74425,0.107029
2930,3.36752,-3.361,1.74282,-1.74277,0.107013
2931,3.36752,-3.361,1.74493,-1.74477,0.106994
2932,3.2751,-3.27825,1.7466,-1.74635,0.107001
2933,3.2751,-3.27825,1.74629,-1.74615,0.107018
2934,3.18449,-3.18758,1.74608,-1.74602,0.107031
2935,3.18449,-3.18758,1.74428,-1.74429,0.107034
2936,3.3608,-3.36382,1.74281,-1.74287,0.107018
2937,3.3608,-3.36382,1.74481,-1.74491,0.106999
2938,3.27806,-3.27145,1.74639,-1.74653,0.107005
2939,3.27806,-3.27145,1.74619,-1.74618,0.107022
2940,3.18739,-3.19049,1.74606,-1.74593,0.107033
2941,3.18739,-3.19049,1.74432,-1.74427,0.107036
2942,3.36364,-3.36668,1.7429,-1.74292,0.10702
2943,3.36364,-3.36668,1.74494,-1.74501,0.107002
2944,3.27127,-3.27424,1.74656,-1.74667,0.107008
2945,3.27127,-3.27424,1.7462,-1.74635,0.107026
2946,3.19032,-3.18363,1.74596,-1.74613,0.107038
2947,3.19032,-3.18363,1.7443,-1.74432,0.10704
2948,3.36651,-3.35996,1.74295,-1.74284,0.107024
2949,3.36651,-3.35996,1.74504,-1.74483,0.107005
2950,3.27407,-3.27722,1.7467,-1.74641,0.10701
2951,3.27407,-3.27722,1.74638,-1.7462,0.107028
2952,3.18347,-3.18657,1.74615,-1.74607,0.107039
2953,3.18347,-3.18657,1.74434,-1.74433,0.107042
2954,3.3598,-3.36284,1.74286,-1.74291,0.107026
2955,3.3598,-3.36284,1.74485,-1.74494,0.107006
2956,3.27707,-3.27047,1.74642,-1.74655,0.107011
2957,3.27707,-3.27047,1.74621,-1.74619,0.107027
2958,3.18642,-3.18954,1.74607,-1.74594,0.107038
2959,3.18642,-3.18954,1.74432,-1.74427,0.10704
2960,3.36269,-3.36575,1.74289,-1.74291,0.107023
2961,3.36269,-3.36575,1.74492,-1.74499,0.107005
2962,3.27033,-3.27331,1.74653,-1.74665,0.10701
2963,3.27033,-3.27331,1.74617,-1.74632,0.107028
2964,3.18939,-3.18273,1.74592,-1.74609,0.107039
2965,3.18939,-3.18273,1.74425,-1.74427,0.107041
2966,3.36561,-3.35908,1.7429,-1.74279,0.107024
2967,3.36561,-3.35908,1.74498,-1.74477,0.107004
2968,3.27317,-3.27637,1.74663,-1.74634,0.107009
2969,3.27317,-3.27637,1.7463,-1.74612,0.107025
2970,3.1826,-3.18572,1.74607,-1.74599,0.107037
2971,3.1826,-3.18572,1.74425,-1.74424,0.107039
2972,3.35895,-3.36201,1.74276,-1.74281,0.107022
2973,3.35895,-3.36201,1.74474,-1.74484,0.107002
2974,3.27624,-3.26968,1.74631,-1.74644,0.107006
2975,3.27624,-3.26968,1.74609,-1.74608,0.107022
2976,3.1856,-3.18876,1.74594,-1.74581,0.107032
2977,3.1856,-3.18876,1.74419,-1.74414,0.107034
2978,3.36189,-3.36499,1.74276,-1.74278,0.107017
2979,3.36189,-3.36499,1.74478,-1.74485,0.106997
2980,3.26957,-3.27259,1.74638,-1.7465,0.107003
2981,3.26957,-3.27259,1.74602,-1.74617,0.107019
2982,3.18866,-3.18203,1.74576,-1.74593,0.10703
2983,3.18866,-3.18203,1.74409,-1.74411,0.107031
2984,3.36488,-3.35839,1.74273,-1.74262,0.107014
2985,3.36488,-3.35839,1.7448,-1.7446,0.106994
2986,3.27249,-3.27569,1.74645,-1.74616,0.106998
2987,3.27249,-3.27569,1.74611,-1.74594,0.107014
2988,3.19151,-3.18507,1.74588,-1.7458,0.107025
2989,3.19151,-3.18507,1.74423,-1.74404,0.107027
2990,3.36768,-3.36137,1.74288,-1.74261,0.107011
2991,3.36768,-3.36137,1.74497,-1.74464,0.106992
2992,3.27523,-3.27867,1.74663,-1.74625,0.106998
2993,3.27523,-3.27867,1.74631,-1.74607,0.107016
2994,3.18462,-3.18797,1.7461,-1.74596,0.107029
2995,3.18462,-3.18797,1.74429,-1.74424,0.107032
2996,3.36093,-3.36421,1.74282,-1.74284,0.107016
2997,3.36093,-3.36421,1.74481,-1.74488,0.106998
2998,3.27818,-3.27186,1.74639,-1.74651,0.107003
2999,3.27818,-3.27186,1.74618,-1.74617,0.10702
3000,3.1875,-3.1909,1.74605,-1.74592,0.107032
3001,3.1875,-3.1909,1.74431,-1.74427,0.107035
3002,3.36375,-3.36708,1.7429,-1.74292,0.107019
3003,3.36375,-3.36708,1.74493,-1.74502,0.107001
3004,3.27139,-3.27463,1.74655,-1.74668,0.107008
3005,3.27139,-3.27463,1.7462,-1.74637,0.107026
3006,3.19043,-3.18403,1.74596,-1.74615,0.107037
3007,3.19043,-3.18403,1.7443,-1.74434,0.10704
3008,3.36662,-3.36035,1.74295,-1.74287,0.107024
3009,3.36662,-3.36035,1.74504,-1.74486,0.107005
3010,3.27417,-3.27759,1.74671,-1.74644,0.107011
3011,3.27417,-3.27759,1.74638,-1.74623,0.107028
3012,3.18358,-3.18693,1.74616,-1.7461,0.10704
3013,3.18358,-3.18693,1.74435,-1.74436,0.107043
3014,3.35991,-3.36319,1.74287,-1.74294,0.107026
3015,3.35991,-3.36319,1.74486,-1.74498,0.107007
3016,3.27716,-3.27082,1.74644,-1.74659,0.107012
3017,3.27716,-3.27082,1.74622,-1.74623,0.107028
3018,3.18651,-3.18988,1.74609,-1.74598,0.107039
3019,3.18651,-3.18988,1.74434,-1.74431,0.107041
3020,3.36278,-3.36608,1.74292,-1.74296,0.107025
3021,3.36278,-3.36608,1.74495,-1.74504,0.107006
3022,3.27042,-3.27365,1.74656,-1.7467,0.107012
3023,3.27042,-3.27365,1.7462,-1.74637,0.10703
3024,3.18948,-3.18305,1.74595,-1.74615,0.107041
3025,3.18948,-3.18305,1.74429,-1.74433,0.107043
3026,3.36569,-3.35939,1.74293,-1.74285,0.107026
3027,3.36569,-3.35939,1.74501,-1.74483,0.107007
3028,3.27326,-3.27667,1.74667,-1.7464,0.107012
3029,3.27326,-3.27667,1.74634,-1.74619,0.107028
3030,3.18268,-3.18603,1.74611,-1.74605,0.10704
3031,3.18268,-3.18603,1.74429,-1.7443,0.107042
3032,3.35902,-3.3623,1.7428,-1.74288,0.107025
3033,3.35902,-3.3623,1.74478,-1.7449,0.107005
3034,3.27631,-3.26995,1.74636,-1.74651,0.107009
3035,3.27631,-3.26995,1.74614,-1.74614,0.107025
3036,3.18567,-3.18902,1.74599,-1.74588,0.107036
3037,3.18567,-3.18902,1.74424,-1.74421,0.107037
3038,3.36196,-3.36524,1.74281,-1.74285,0.10702
3039,3.36196,-3.36524,1.74483,-1.74492,0.107001
3040,3.26962,-3.27282,1.74644,-1.74657,0.107007
3041,3.26962,-3.27282,1.74607,-1.74624,0.107023
3042,3.1887,-3.18225,1.74581,-1.74601,0.107034
3043,3.1887,-3.18225,1.74414,-1.74418,0.107036
3044,3.36493,-3.35861,1.74278,-1.7427,0.107018
3045,3.36493,-3.35861,1.74486,-1.74467,0.106998
3046,3.27255,-3.27591,1.74651,-1.74624,0.107003
3047,3.27255,-3.27591,1.74617,-1.74602,0.107019
3048,3.18197,-3.18527,1.74594,-1.74588,0.10703
3049,3.18197,-3.18527,1.74411,-1.74412,0.107032
3050,3.35833,-3.36157,1.74262,-1.74269,0.107014
3051,3.35833,-3.36157,1.7446,-1.74471,0.106994
3052,3.27565,-3.26927,1.74616,-1.74632,0.106998
3053,3.27565,-3.26927,1.74594,-1.74595,0.107013
3054,3.18502,-3.18836,1.74579,-1.74568,0.107023
3055,3.18502,-3.18836,1.74403,-1.744,0.107025
3056,3.36132,-3.36459,1.7426,-1.74263,0.107007
3057,3.36132,-3.36459,1.74461,-1.7447,0.106988
3058,3.27861,-3.27223,1.74622,-1.74635,0.106993
3059,3.27861,-3.27223,1.74602,-1.74601,0.10701
3060,3.18793,-3.19127,1.7459,-1.74578,0.107021
3061,3.18793,-3.19127,1.74417,-1.74413,0.107024
3062,3.36417,-3.36745,1.74276,-1.74279,0.107008
3063,3.36417,-3.36745,1.74481,-1.74489,0.106991
3064,3.27182,-3.27502,1.74643,-1.74656,0.106997
3065,3.27182,-3.27502,1.74609,-1.74625,0.107016
3066,3.19086,-3.18441,1.74585,-1.74604,0.107028
3067,3.19086,-3.18441,1.7442,-1.74423,0.107031
3068,3.36704,-3.36072,1.74285,-1.74276,0.107015
3069,3.36704,-3.36072,1.74495,-1.74476,0.106996
3070,3.27461,-3.278,1.74661,-1.74634,0.107002
3071,3.27461,-3.278,1.74629,-1.74614,0.10702
3072,3.184,-3.18732,1.74608,-1.74601,0.107032
3073,3.184,-3.18732,1.74427,-1.74428,0.107035
3074,3.36032,-3.36357,1.74279,-1.74286,0.107019
3075,3.36032,-3.36357,1.74479,-1.7449,0.107
3076,3.27759,-3.27121,1.74637,-1.74652,0.107005
3077,3.27759,-3.27121,1.74616,-1.74616,0.107022
3078,3.18691,-3.19026,1.74602,-1.74591,0.107033
3079,3.18691,-3.19026,1.74428,-1.74425,0.107035
3080,3.36318,-3.36646,1.74286,-1.7429,0.107019
3081,3.36318,-3.36646,1.74489,-1.74498,0.107001
3082,3.27083,-3.27401,1.74651,-1.74664,0.107007
3083,3.27083,-3.27401,1.74615,-1.74632,0.107025
3084,3.18989,-3.18342,1.74591,-1.7461,0.107036
3085,3.18989,-3.18342,1.74425,-1.74429,0.107038
3086,3.36609,-3.35975,1.7429,-1.74281,0.107022
3087,3.36609,-3.35975,1.74498,-1.74479,0.107003
3088,3.27364,-3.27702,1.74664,-1.74637,0.107008
3089,3.27364,-3.27702,1.74631,-1.74616,0.107025
3090,3.18306,-3.18637,1.74609,-1.74602,0.107036
3091,3.18306,-3.18637,1.74427,-1.74428,0.107039
3092,3.3594,-3.36264,1.74279,-1.74286,0.107022
3093,3.3594,-3.36264,1.74477,-1.74489,0.107002
3094,3.27669,-3.2703,1.74635,-1.7465,0.107007
3095,3.27669,-3.2703,1.74613,-1.74613,0.107023
3096,3.18603,-3.18936,1.74599,-1.74588,0.107034
3097,3.18603,-3.18936,1.74424,-1.74421,0.107036
3098,3.36231,-3.36557,1.74281,-1.74285,0.107019
3099,3.36231,-3.36557,1.74483,-1.74492,0.107
3100,3.26998,-3.27315,1.74644,-1.74658,0.107006
3101,3.26998,-3.27315,1.74608,-1.74625,0.107023
3102,3.18904,-3.18256,1.74583,-1.74602,0.107034
3103,3.18904,-3.18256,1.74416,-1.7442,0.107035
3104,3.36526,-3.35891,1.7428,-1.74271,0.107018
3105,3.36526,-3.35891,1.74488,-1.74469,0.106998
3106,3.27287,-3.27621,1.74653,-1.74626,0.107003
3107,3.27287,-3.27621,1.7462,-1.74604,0.10702
3108,3.18229,-3.18558,1.74597,-1.7459,0.107031
3109,3.18229,-3.18558,1.74414,-1.74415,0.107033
3110,3.35865,-3.36186,1.74266,-1.74272,0.107016
3111,3.35865,-3.36186,1.74463,-1.74475,0.106995
3112,3.27596,-3.26955,1.7462,-1.74635,0.107
3113,3.27596,-3.26955,1.74598,-1.74598,0.107015
3114,3.18533,-3.18864,1.74583,-1.74572,0.107025
3115,3.18533,-3.18864,1.74408,-1.74405,0.107027
3116,3.36162,-3.36486,1.74264,-1.74268,0.10701
3117,3.36162,-3.36486,1.74466,-1.74475,0.10699
3118,3.26932,-3.27248,1.74627,-1.7464,0.106995
3119,3.26932,-3.27248,1.7459,-1.74607,0.107012
3120,3.18841,-3.19149,1.74564,-1.74583,0.107023
3121,3.18841,-3.19149,1.74397,-1.74418,0.107024
3122,3.36464,-3.36766,1.74261,-1.74284,0.107008
3123,3.36464,-3.36766,1.74469,-1.74493,0.106989
3124,3.27228,-3.27524,1.74634,-1.74659,0.106996
3125,3.27228,-3.27524,1.74602,-1.74627,0.107014
3126,3.19131,-3.18461,1.7458,-1.74606,0.107026
3127,3.19131,-3.18461,1.74416,-1.74425,0.107029
3128,3.36749,-3.36092,1.74283,-1.74278,0.107013
3129,3.36749,-3.36092,1.74493,-1.74477,0.106995
3130,3.27508,-3.27819,1.74661,-1.74635,0.107001
3131,3.27508,-3.27819,1.7463,-1.74615,0.107019
3132,3.18445,-3.18751,1.74608,-1.74602,0.107031
3133,3.18445,-3.18751,1.74428,-1.74429,0.107035
3134,3.36076,-3.36376,1.74281,-1.74287,0.107019
3135,3.36076,-3.36376,1.74481,-1.74491,0.107
3136,3.27804,-3.27139,1.7464,-1.74653,0.107005
3137,3.27804,-3.27139,1.74619,-1.74618,0.107022
3138,3.18737,-3.19044,1.74606,-1.74593,0.107033
3139,3.18737,-3.19044,1.74432,-1.74427,0.107036
3140,3.36362,-3.36663,1.7429,-1.74292,0.10702
3141,3.36362,-3.36663,1.74494,-1.74501,0.107002
3142,3.27125,-3.27418,1.74656,-1.74667,0.107008
3143,3.27125,-3.27418,1.7462,-1.74635,0.107026
3144,3.1903,-3.18358,1.74596,-1.74613,0.107038
3145,3.1903,-3.18358,1.7443,-1.74432,0.10704
3146,3.36649,-3.35991,1.74295,-1.74284,0.107024
3147,3.36649,-3.35991,1.74504,-1.74483,0.107005
3148,3.27405,-3.27717,1.7467,-1.74641,0.10701
3149,3.27405,-3.27717,1.74638,-1.7462,0.107027
3150,3.18345,-3.18651,1.74615,-1.74606,0.107039
3151,3.18345,-3.18651,1.74434,-1.74432,0.107042
3152,3.35978,-3.36278,1.74286,-1.7429,0.107025
3153,3.35978,-3.36278,1.74484,-1.74493,0.107006
3154,3.27705,-3.27042,1.74642,-1.74655,0.107011
3155,3.27705,-3.27042,1.7462,-1.74619,0.107027
3156,3.18639,-3.18949,1.74607,-1.74593,0.107038
3157,3.18639,-3.18949,1.74432,-1.74426,0.10704
3158,3.36266,-3.3657,1.74289,-1.7429,0.107023
3159,3.36266,-3.3657,1.74492,-1.74498,0.107004
3160,3.27031,-3.27326,1.74653,-1.74664,0.10701
3161,3.27031,-3.27326,1.74617,-1.74631,0.107027
3162,3.18938,-3.18269,1.74591,-1.74608,0.107038
3163,3.18938,-3.18269,1.74425,-1.74426,0.10704
3164,3.36559,-3.35903,1.74289,-1.74278,0.107023
3165,3.36559,-3.35903,1.74497,-1.74476,0.107004
3166,3.27316,-3.27633,1.74662,-1.74633,0.107008
3167,3.27316,-3.27633,1.74629,-1.74612,0.107025
3168,3.18258,-3.18568,1.74606,-1.74598,0.107036
3169,3.18258,-3.18568,1.74424,-1.74423,0.107038
3170,3.35893,-3.36197,1.74275,-1.7428,0.107021
3171,3.35893,-3.36197,1.74473,-1.74483,0.107001
3172,3.27623,-3.26964,1.7463,-1.74643,0.107005
3173,3.27623,-3.26964,1.74608,-1.74607,0.107021
3174,3.18558,-3.18871,1.74594,-1.7458,0.107031
3175,3.18558,-3.18871,1.74418,-1.74413,0.107033
3176,3.36187,-3.36494,1.74275,-1.74276,0.107016
3177,3.36187,-3.36494,1.74477,-1.74484,0.106997
3178,3.26956,-3.27255,1.74637,-1.74649,0.107002
3179,3.26956,-3.27255,1.74601,-1.74615,0.107019
3180,3.18863,-3.18198,1.74575,-1.74592,0.107029
3181,3.18863,-3.18198,1.74408,-1.7441,0.107031
3182,3.36486,-3.35834,1.74272,-1.74261,0.107013
3183,3.36486,-3.35834,1.74479,-1.74458,0.106993
3184,3.27247,-3.27566,1.74644,-1.74615,0.106998
3185,3.27247,-3.27566,1.7461,-1.74593,0.107014
3186,3.1915,-3.18504,1.74587,-1.74578,0.107024
3187,3.1915,-3.18504,1.74421,-1.74403,0.107027
3188,3.36767,-3.36134,1.74287,-1.7426,0.10701
3189,3.36767,-3.36134,1.74496,-1.74463,0.106992
3190,3.27522,-3.27863,1.74662,-1.74624,0.106998
3191,3.27522,-3.27863,1.7463,-1.74605,0.107015
3192,3.1846,-3.18794,1.74608,-1.74594,0.107028
3193,3.1846,-3.18794,1.74427,-1.74422,0.107031
3194,3.36091,-3.36418,1.7428,-1.74282,0.107016
3195,3.36091,-3.36418,1.7448,-1.74487,0.106997
3196,3.27817,-3.27183,1.74638,-1.7465,0.107002
3197,3.27817,-3.27183,1.74617,-1.74615,0.107019
3198,3.18748,-3.19086,1.74604,-1.74591,0.107031
3199,3.18748,-3.19086,1.7443,-1.74426,0.107034
3200,3.36374,-3.36704,1.74288,-1.74291,0.107018
3201,3.36374,-3.36704,1.74492,-1.745,0.107
3202,3.27138,-3.2746,1.74654,-1.74667,0.107007
3203,3.27138,-3.2746,1.74619,-1.74635,0.107025
3204,3.19041,-3.18399,1.74594,-1.74613,0.107036
3205,3.19041,-3.18399,1.74429,-1.74432,0.107039
3206,3.3666,-3.36031,1.74294,-1.74285,0.107023
3207,3.3666,-3.36031,1.74503,-1.74484,0.107004
3208,3.27416,-3.27757,1.74669,-1.74642,0.10701
3209,3.27416,-3.27757,1.74637,-1.74621,0.107027
3210,3.18356,-3.18691,1.74615,-1.74608,0.107039
3211,3.18356,-3.18691,1.74433,-1.74434,0.107042
3212,3.35989,-3.36317,1.74286,-1.74293,0.107025
3213,3.35989,-3.36317,1.74484,-1.74496,0.107006
3214,3.27715,-3.27079,1.74642,-1.74658,0.107011
3215,3.27715,-3.27079,1.74621,-1.74622,0.107027
3216,3.1865,-3.18985,1.74607,-1.74596,0.107038
3217,3.1865,-3.18985,1.74432,-1.7443,0.10704
3218,3.36277,-3.36606,1.7429,-1.74294,0.107024
3219,3.36277,-3.36606,1.74493,-1.74502,0.107005
3220,3.27041,-3.27362,1.74654,-1.74668,0.107011
3221,3.27041,-3.27362,1.74618,-1.74635,0.107029
3222,3.18947,-3.18303,1.74593,-1.74613,0.10704
3223,3.18947,-3.18303,1.74427,-1.74431,0.107042
3224,3.36568,-3.35937,1.74291,-1.74283,0.107025
3225,3.36568,-3.35937,1.745,-1.74481,0.107005
3226,3.27326,-3.27665,1.74665,-1.74638,0.10701
3227,3.27326,-3.27665,1.74632,-1.74617,0.107027
3228,3.18267,-3.18599,1.74609,-1.74603,0.107038
3229,3.18267,-3.18599,1.74427,-1.74428,0.107041
3230,3.35902,-3.36227,1.74279,-1.74286,0.107024
3231,3.35902,-3.36227,1.74477,-1.74488,0.107004
3232,3.27631,-3.26994,1.74634,-1.74649,0.107008
3233,3.27631,-3.26994,1.74612,-1.74613,0.107024
3234,3.18567,-3.18901,1.74598,-1.74586,0.107034
3235,3.18567,-3.18901,1.74422,-1.74419,0.107036
3236,3.36195,-3.36523,1.74279,-1.74283,0.107019
3237,3.36195,-3.36523,1.74481,-1.7449,0.107
3238,3.26963,-3.27281,1.74642,-1.74655,0.107005
3239,3.26963,-3.27281,1.74605,-1.74622,0.107022
3240,3.18871,-3.18224,1.7458,-1.74599,0.107033
3241,3.18871,-3.18224,1.74413,-1.74417,0.107034
3242,3.36493,-3.3586,1.74277,-1.74268,0.107017
3243,3.36493,-3.3586,1.74484,-1.74466,0.106997
3244,3.27254,-3.27591,1.74649,-1.74622,0.107002
3245,3.27254,-3.27591,1.74616,-1.746,0.107018
3246,3.18198,-3.18527,1.74592,-1.74586,0.107029
3247,3.18198,-3.18527,1.7441,-1.7441,0.107031
3248,3.35834,-3.36157,1.74261,-1.74267,0.107013
3249,3.35834,-3.36157,1.74458,-1.7447,0.106993
3250,3.27566,-3.26927,1.74615,-1.7463,0.106997
3251,3.27566,-3.26927,1.74592,-1.74593,0.107012
3252,3.18502,-3.18835,1.74577,-1.74566,0.107022
3253,3.18502,-3.18835,1.74402,-1.74399,0.107023
3254,3.36132,-3.36458,1.74258,-1.74262,0.107006
3255,3.36132,-3.36458,1.7446,-1.74469,0.106986
3256,3.27862,-3.27223,1.7462,-1.74633,0.106992
3257,3.27862,-3.27223,1.74601,-1.746,0.107008
3258,3.18793,-3.19127,1.74589,-1.74576,0.10702
3259,3.18793,-3.19127,1.74416,-1.74412,0.107023
3260,3.36417,-3.36745,1.74275,-1.74278,0.107007
3261,3.36417,-3.36745,1.74479,-1.74487,0.106989
3262,3.27182,-3.27502,1.74642,-1.74654,0.106996
3263,3.27182,-3.27502,1.74607,-1.74623,0.107014
3264,3.19086,-3.18441,1.74583,-1.74602,0.107026
3265,3.19086,-3.18441,1.74418,-1.74422,0.107029
3266,3.36704,-3.36072,1.74284,-1.74275,0.107013
3267,3.36704,-3.36072,1.74493,-1.74474,0.106995
3268,3.2746,-3.278,1.7466,-1.74633,0.107001
3269,3.2746,-3.278,1.74628,-1.74612,0.107018
3270,3.184,-3.18732,1.74606,-1.746,0.107031
3271,3.184,-3.18732,1.74425,-1.74426,0.107034
3272,3.36032,-3.36357,1.74278,-1.74285,0.107018
3273,3.36032,-3.36357,1.74477,-1.74488,0.106999
3274,3.2776,-3.27122,1.74635,-1.74651,0.107004
3275,3.2776,-3.27122,1.74614,-1.74615,0.10702
3276,3.18693,-3.19026,1.74601,-1.7459,0.107032
3277,3.18693,-3.19026,1.74427,-1.74424,0.107034
3278,3.36319,-3.36646,1.74285,-1.74288,0.107018
3279,3.36319,-3.36646,1.74488,-1.74497,0.107
3280,3.27084,-3.27402,1.7465,-1.74663,0.107006
3281,3.27084,-3.27402,1.74614,-1.74631,0.107024
3282,3.18989,-3.18342,1.74589,-1.74609,0.107035
3283,3.18989,-3.18342,1.74423,-1.74427,0.107037
3284,3.36609,-3.35975,1.74288,-1.74279,0.107021
3285,3.36609,-3.35975,1.74497,-1.74478,0.107001
3286,3.27366,-3.27703,1.74662,-1.74636,0.107007
3287,3.27366,-3.27703,1.7463,-1.74614,0.107024
3288,3.18308,-3.18638,1.74607,-1.74601,0.107035
3289,3.18308,-3.18638,1.74426,-1.74426,0.107038
3290,3.35942,-3.36265,1.74278,-1.74284,0.107021
3291,3.35942,-3.36265,1.74476,-1.74487,0.107001
3292,3.27669,-3.2703,1.74633,-1.74649,0.107006
3293,3.27669,-3.2703,1.74612,-1.74612,0.107022
3294,3.18605,-3.18937,1.74598,-1.74586,0.107033
3295,3.18605,-3.18937,1.74422,-1.74419,0.107035
3296,3.36233,-3.36558,1.7428,-1.74283,0.107018
3297,3.36233,-3.36558,1.74482,-1.74491,0.106999
3298,3.26998,-3.27316,1.74643,-1.74656,0.107005
3299,3.26998,-3.27316,1.74607,-1.74624,0.107022
3300,3.18906,-3.18257,1.74582,-1.74601,0.107033
3301,3.18906,-3.18257,1.74415,-1.74419,0.107034
3302,3.36528,-3.35892,1.74279,-1.7427,0.107017
3303,3.36528,-3.35892,1.74487,-1.74468,0.106998
3304,3.27288,-3.27623,1.74652,-1.74625,0.107002
3305,3.27288,-3.27623,1.74619,-1.74603,0.107019
3306,3.18231,-3.18558,1.74596,-1.74589,0.10703
3307,3.18231,-3.18558,1.74413,-1.74414,0.107032
3308,3.35866,-3.36187,1.74265,-1.74271,0.107015
3309,3.35866,-3.36187,1.74462,-1.74474,0.106995
3310,3.27597,-3.26957,1.74619,-1.74634,0.106999
3311,3.27597,-3.26957,1.74597,-1.74597,0.107014
3312,3.18534,-3.18866,1.74582,-1.74571,0.107024
3313,3.18534,-3.18866,1.74407,-1.74404,0.107026
3314,3.36164,-3.36488,1.74263,-1.74267,0.107009
3315,3.36164,-3.36488,1.74465,-1.74474,0.106989
3316,3.26933,-3.27251,1.74626,-1.74639,0.106995
3317,3.26933,-3.27251,1.74589,-1.74606,0.107011
3318,3.18842,-3.19154,1.74563,-1.74582,0.107022
3319,3.18842,-3.19154,1.74396,-1.74417,0.107024
3320,3.36465,-3.3677,1.7426,-1.74283,0.107007
3321,3.36465,-3.3677,1.74468,-1.74492,0.106989
3322,3.27228,-3.27529,1.74633,-1.74659,0.106995
3323,3.27228,-3.27529,1.74601,-1.74627,0.107014
3324,3.19133,-3.18466,1.74579,-1.74605,0.107026
3325,3.19133,-3.18466,1.74415,-1.74424,0.107029
3326,3.3675,-3.36097,1.74282,-1.74277,0.107013
3327,3.3675,-3.36097,1.74492,-1.74477,0.106994
3328,3.27509,-3.27824,1.7466,-1.74635,0.107001
3329,3.27509,-3.27824,1.74629,-1.74615,0.107018
3330,3.18446,-3.18755,1.74608,-1.74602,0.107031
3331,3.18446,-3.18755,1.74427,-1.74428,0.107034
3332,3.36078,-3.3638,1.74281,-1.74287,0.107018
3333,3.36078,-3.3638,1.7448,-1.74491,0.106999
3334,3.27805,-3.27144,1.74639,-1.74653,0.107005
3335,3.27805,-3.27144,1.74618,-1.74618,0.107022
3336,3.18738,-3.19048,1.74605,-1.74593,0.107033
3337,3.18738,-3.19048,1.74431,-1.74427,0.107036
3338,3.36363,-3.36667,1.7429,-1.74292,0.10702
3339,3.36363,-3.36667,1.74493,-1.745,0.107002
3340,3.27126,-3.27422,1.74655,-1.74667,0.107008
3341,3.27126,-3.27422,1.7462,-1.74635,0.107026
3342,3.19031,-3.18362,1.74596,-1.74613,0.107038
3343,3.19031,-3.18362,1.7443,-1.74432,0.10704
3344,3.3665,-3.35995,1.74295,-1.74284,0.107024
3345,3.3665,-3.35995,1.74504,-1.74483,0.107005
3346,3.27405,-3.27722,1.7467,-1.74641,0.10701
3347,3.27405,-3.27722,1.74637,-1.7462,0.107027
3348,3.18346,-3.18655,1.74615,-1.74606,0.107039
3349,3.18346,-3.18655,1.74433,-1.74432,0.107042
3350,3.35979,-3.36282,1.74286,-1.7429,0.107025
3351,3.35979,-3.36282,1.74484,-1.74494,0.107006
3352,3.27706,-3.27046,1.74642,-1.74655,0.107011
3353,3.27706,-3.27046,1.7462,-1.74619,0.107027
3354,3.1864,-3.18952,1.74606,-1.74593,0.107037
3355,3.1864,-3.18952,1.74431,-1.74426,0.10704
3356,3.36267,-3.36573,1.74289,-1.74291,0.107023
3357,3.36267,-3.36573,1.74492,-1.74499,0.107004
3358,3.27032,-3.2733,1.74653,-1.74664,0.10701
3359,3.27032,-3.2733,1.74617,-1.74631,0.107027
3360,3.18938,-3.18273,1.74591,-1.74609,0.107038
3361,3.18938,-3.18273,1.74425,-1.74427,0.10704
3362,3.3656,-3.35907,1.74289,-1.74278,0.107023
3363,3.3656,-3.35907,1.74497,-1.74477,0.107004
3364,3.27316,-3.27635,1.74662,-1.74634,0.107009
3365,3.27316,-3.27635,1.74629,-1.74612,0.107025
3366,3.18259,-3.18572,1.74606,-1.74598,0.107036
3367,3.18259,-3.18572,1.74424,-1.74423,0.107039
3368,3.35894,-3.362,1.74276,-1.74281,0.107021
3369,3.35894,-3.362,1.74473,-1.74483,0.107001
3370,3.27622,-3.26966,1.7463,-1.74644,0.107006
3371,3.27622,-3.26966,1.74608,-1.74607,0.107021
3372,3.18559,-3.18875,1.74594,-1.74581,0.107031
3373,3.18559,-3.18875,1.74418,-1.74413,0.107033
3374,3.36188,-3.36497,1.74275,-1.74277,0.107016
3375,3.36188,-3.36497,1.74477,-1.74484,0.106997
3376,3.26956,-3.27259,1.74638,-1.74649,0.107002
3377,3.26956,-3.27259,1.74601,-1.74616,0.107019
3378,3.18864,-3.18201,1.74575,-1.74593,0.107029
3379,3.18864,-3.18201,1.74408,-1.7441,0.107031
3380,3.36487,-3.35837,1.74272,-1.74261,0.107013
3381,3.36487,-3.35837,1.74479,-1.74459,0.106993
3382,3.27248,-3.27569,1.74644,-1.74616,0.106998
3383,3.27248,-3.27569,1.7461,-1.74593,0.107014
3384,3.18191,-3.18507,1.74587,-1.74579,0.107025
3385,3.18191,-3.18507,1.74404,-1.74404,0.107027
3386,3.35827,-3.36137,1.74255,-1.7426,0.107009
3387,3.35827,-3.36137,1.74453,-1.74463,0.106989
3388,3.27561,-3.27865,1.74609,-1.74623,0.106993
3389,3.27561,-3.27865,1.74587,-1.74603,0.107008
3390,3.18499,-3.18797,1.74572,-1.74591,0.107019
3391,3.18499,-3.18797,1.74396,-1.74417,0.107022
3392,3.36129,-3.36421,1.74253,-1.74276,0.107006
3393,3.36129,-3.36421,1.74456,-1.74479,0.106987
3394,3.27857,-3.27185,1.74617,-1.74641,0.106992
3395,3.27857,-3.27185,1.74598,-1.74606,0.107009
3396,3.18789,-3.19089,1.74587,-1.74581,0.10702
3397,3.18789,-3.19089,1.74414,-1.74415,0.107023
3398,3.36413,-3.36707,1.74274,-1.74279,0.107008
3399,3.36413,-3.36707,1.74478,-1.74488,0.10699
3400,3.27178,-3.27464,1.74641,-1.74655,0.106997
3401,3.27178,-3.27464,1.74607,-1.74623,0.107015
3402,3.19082,-3.18403,1.74583,-1.74601,0.107027
3403,3.19082,-3.18403,1.74418,-1.7442,0.10703
3404,3.367,-3.36035,1.74283,-1.74273,0.107013
3405,3.367,-3.36035,1.74493,-1.74472,0.106995
3406,3.27457,-3.27763,1.74659,-1.7463,0.107001
3407,3.27457,-3.27763,1.74627,-1.74609,0.107018
3408,3.18396,-3.18696,1.74605,-1.74597,0.10703
3409,3.18396,-3.18696,1.74424,-1.74423,0.107033
3410,3.36028,-3.36322,1.74277,-1.74281,0.107017
3411,3.36028,-3.36322,1.74476,-1.74485,0.106998
3412,3.27756,-3.27089,1.74634,-1.74647,0.107003
3413,3.27756,-3.27089,1.74613,-1.74611,0.107019
3414,3.1869,-3.18994,1.746,-1.74586,0.10703
3415,3.1869,-3.18994,1.74425,-1.74419,0.107033
3416,3.36316,-3.36614,1.74283,-1.74284,0.107017
3417,3.36316,-3.36614,1.74486,-1.74492,0.106998
3418,3.2708,-3.27372,1.74648,-1.74658,0.107004
3419,3.2708,-3.27372,1.74612,-1.74626,0.107022
3420,3.18986,-3.18314,1.74587,-1.74604,0.107033
3421,3.18986,-3.18314,1.74421,-1.74422,0.107035
3422,3.36606,-3.35948,1.74286,-1.74274,0.107019
3423,3.36606,-3.35948,1.74494,-1.74473,0.106999
3424,3.27363,-3.27677,1.7466,-1.7463,0.107005
3425,3.27363,-3.27677,1.74627,-1.74609,0.107021
3426,3.18305,-3.18612,1.74604,-1.74595,0.107033
3427,3.18305,-3.18612,1.74422,-1.74421,0.107035
3428,3.35939,-3.36239,1.74274,-1.74279,0.107019
3429,3.35939,-3.36239,1.74473,-1.74482,0.106999
3430,3.27668,-3.27007,1.7463,-1.74643,0.107003
3431,3.27668,-3.27007,1.74608,-1.74606,0.107019
3432,3.18602,-3.18915,1.74594,-1.74581,0.10703
3433,3.18602,-3.18915,1.74419,-1.74414,0.107032
3434,3.3623,-3.36536,1.74276,-1.74277,0.107015
3435,3.3623,-3.36536,1.74478,-1.74485,0.106996
3436,3.26998,-3.27296,1.74639,-1.7465,0.107001
3437,3.26998,-3.27296,1.74603,-1.74617,0.107019
3438,3.18906,-3.18239,1.74577,-1.74595,0.107029
3439,3.18906,-3.18239,1.74411,-1.74412,0.107031
3440,3.36528,-3.35874,1.74275,-1.74264,0.107014
3441,3.36528,-3.35874,1.74483,-1.74462,0.106994
3442,3.27287,-3.27604,1.74648,-1.74619,0.106999
3443,3.27287,-3.27604,1.74614,-1.74597,0.107015
3444,3.18231,-3.18541,1.74591,-1.74583,0.107026
3445,3.18231,-3.18541,1.74409,-1.74408,0.107028
3446,3.35866,-3.3617,1.7426,-1.74265,0.107011
3447,3.35866,-3.3617,1.74458,-1.74467,0.106991
3448,3.27597,-3.27899,1.74615,-1.74628,0.106995
3449,3.27597,-3.27899,1.74592,-1.74608,0.107011
3450,3.18535,-3.18829,1.74578,-1.74596,0.107022
3451,3.18535,-3.18829,1.74402,-1.74423,0.107025
3452,3.36164,-3.36452,1.7426,-1.74282,0.107009
3453,3.36164,-3.36452,1.74462,-1.74486,0.10699
3454,3.27893,-3.27217,1.74624,-1.74648,0.106996
3455,3.27893,-3.27217,1.74605,-1.74612,0.107013
3456,3.18823,-3.1912,1.74594,-1.74588,0.107024
3457,3.18823,-3.1912,1.74422,-1.74422,0.107028
3458,3.36446,-3.36738,1.74281,-1.74287,0.107012
3459,3.36446,-3.36738,1.74486,-1.74496,0.106994
3460,3.27211,-3.27492,1.74649,-1.74663,0.107001
3461,3.27211,-3.27492,1.74615,-1.74631,0.10702
3462,3.19114,-3.18431,1.74592,-1.7461,0.107032
3463,3.19114,-3.18431,1.74427,-1.74429,0.107035
3464,3.36732,-3.36063,1.74293,-1.74282,0.107019
3465,3.36732,-3.36063,1.74502,-1.74481,0.107
3466,3.27487,-3.27788,1.74669,-1.7464,0.107006
3467,3.27487,-3.27788,1.74637,-1.74619,0.107024
3468,3.18426,-3.18721,1.74616,-1.74606,0.107036
3469,3.18426,-3.18721,1.74435,-1.74433,0.10704
3470,3.36057,-3.36347,1.74288,-1.74291,0.107024
3471,3.36057,-3.36347,1.74487,-1.74495,0.107004
3472,3.27781,-3.2711,1.74645,-1.74657,0.10701
3473,3.27781,-3.2711,1.74624,-1.74622,0.107026
3474,3.18715,-3.19015,1.74611,-1.74597,0.107038
3475,3.18715,-3.19015,1.74436,-1.7443,0.10704
3476,3.3634,-3.36635,1.74294,-1.74295,0.107024
3477,3.3634,-3.36635,1.74498,-1.74504,0.107006
3478,3.27103,-3.27391,1.7466,-1.7467,0.107012
3479,3.27103,-3.27391,1.74624,-1.74637,0.10703
3480,3.19007,-3.18331,1.74599,-1.74615,0.107041
3481,3.19007,-3.18331,1.74433,-1.74434,0.107043
3482,3.36627,-3.35965,1.74298,-1.74286,0.107027
3483,3.36627,-3.35965,1.74506,-1.74485,0.107007
3484,3.27383,-3.27692,1.74672,-1.74642,0.107013
3485,3.27383,-3.27692,1.7464,-1.74621,0.10703
3486,3.18324,-3.18627,1.74617,-1.74608,0.107041
3487,3.18324,-3.18627,1.74435,-1.74433,0.107044
3488,3.35957,-3.36254,1.74287,-1.74291,0.107027
3489,3.35957,-3.36254,1.74485,-1.74494,0.107007
3490,3.27684,-3.27018,1.74643,-1.74655,0.107012
3491,3.27684,-3.27018,1.74621,-1.74619,0.107028
3492,3.1862,-3.18925,1.74607,-1.74593,0.107039
3493,3.1862,-3.18925,1.74432,-1.74426,0.107041
3494,3.36247,-3.36547,1.74289,-1.7429,0.107024
3495,3.36247,-3.36547,1.74492,-1.74498,0.107005
3496,3.27011,-3.27304,1.74653,-1.74663,0.107011
3497,3.27011,-3.27304,1.74616,-1.7463,0.107028
3498,3.18919,-3.18247,1.74591,-1.74608,0.107039
3499,3.18919,-3.18247,1.74424,-1.74425,0.10704
3500,3.3654,-3.35882,1.74288,-1.74277,0.107023
3501,3.3654,-3.35882,1.74496,-1.74475,0.107003
3502,3.27297,-3.27612,1.74661,-1.74632,0.107008
3503,3.27297,-3.27612,1.74628,-1.7461,0.107025
3504,3.1824,-3.18547,1.74605,-1.74596,0.107036
3505,3.1824,-3.18547,1.74422,-1.74421,0.107038
3506,3.35876,-3.36176,1.74274,-1.74278,0.107021
3507,3.35876,-3.36176,1.74471,-1.7448,0.107
3508,3.27606,-3.26944,1.74628,-1.74641,0.107005
3509,3.27606,-3.26944,1.74606,-1.74604,0.10702
3510,3.18541,-3.18853,1.74591,-1.74578,0.10703
3511,3.18541,-3.18853,1.74415,-1.7441,0.107032
3512,3.36171,-3.36476,1.74272,-1.74273,0.107015
3513,3.36171,-3.36476,1.74474,-1.74481,0.106995
3514,3.26941,-3.27236,1.74634,-1.74645,0.107
3515,3.26941,-3.27236,1.74598,-1.74612,0.107017
3516,3.1885,-3.19139,1.74572,-1.74589,0.107027
3517,3.1885,-3.19139,1.74405,-1.74424,0.107029
3518,3.36473,-3.36756,1.74268,-1.74289,0.107013
3519,3.36473,-3.36756,1.74476,-1.74498,0.106994
3520,3.27236,-3.27511,1.74641,-1.74665,0.107001
3521,3.27236,-3.27511,1.74609,-1.74633,0.107019
3522,3.19139,-3.1845,1.74587,-1.74611,0.107031
3523,3.19139,-3.1845,1.74423,-1.7443,0.107034
3524,3.36756,-3.36081,1.7429,-1.74283,0.107018
3525,3.36756,-3.36081,1.745,-1.74482,0.107
3526,3.27512,-3.27807,1.74668,-1.74641,0.107006
3527,3.27512,-3.27807,1.74636,-1.7462,0.107023
3528,3.18451,-3.18739,1.74615,-1.74607,0.107036
3529,3.18451,-3.18739,1.74435,-1.74434,0.107039
3530,3.36082,-3.36364,1.74288,-1.74292,0.107023
3531,3.36082,-3.36364,1.74487,-1.74496,0.107004
3532,3.27807,-3.27128,1.74646,-1.74658,0.10701
3533,3.27807,-3.27128,1.74625,-1.74623,0.107026
3534,3.18738,-3.19033,1.74612,-1.74598,0.107038
3535,3.18738,-3.19033,1.74438,-1.74432,0.10704
3536,3.36363,-3.36652,1.74296,-1.74297,0.107025
3537,3.36363,-3.36652,1.745,-1.74505,0.107006
3538,3.27125,-3.27407,1.74662,-1.74671,0.107013
3539,3.27125,-3.27407,1.74626,-1.74639,0.10703
3540,3.1903,-3.18348,1.74602,-1.74617,0.107042
3541,3.1903,-3.18348,1.74436,-1.74436,0.107044
3542,3.3665,-3.35981,1.74301,-1.74289,0.107028
3543,3.3665,-3.35981,1.7451,-1.74487,0.107009
3544,3.27404,-3.27706,1.74675,-1.74645,0.107014
3545,3.27404,-3.27706,1.74643,-1.74624,0.107031
3546,3.18345,-3.18641,1.74621,-1.74611,0.107043
3547,3.18345,-3.18641,1.74439,-1.74436,0.107046
3548,3.35979,-3.36268,1.74291,-1.74294,0.107029
3549,3.35979,-3.36268,1.7449,-1.74498,0.10701
3550,3.27704,-3.27032,1.74647,-1.74659,0.107014
3551,3.27704,-3.27032,1.74625,-1.74623,0.10703
3552,3.18639,-3.18938,1.74612,-1.74597,0.107041
3553,3.18639,-3.18938,1.74436,-1.7443,0.107043
3554,3.36266,-3.36559,1.74294,-1.74294,0.107027
3555,3.36266,-3.36559,1.74496,-1.74502,0.107008
3556,3.2703,-3.27317,1.74658,-1.74668,0.107013
3557,3.2703,-3.27317,1.74621,-1.74635,0.107031
3558,3.18936,-3.18258,1.74596,-1.74612,0.107042
3559,3.18936,-3.18258,1.74429,-1.7443,0.107043
3560,3.36557,-3.35893,1.74294,-1.74282,0.107026
3561,3.36557,-3.35893,1.74501,-1.7448,0.107007
3562,3.27315,-3.27622,1.74667,-1.74637,0.107012
3563,3.27315,-3.27622,1.74633,-1.74615,0.107028
3564,3.18256,-3.18558,1.7461,-1.74601,0.107039
3565,3.18256,-3.18558,1.74428,-1.74426,0.107041
3566,3.35891,-3.36187,1.74279,-1.74283,0.107024
3567,3.35891,-3.36187,1.74477,-1.74486,0.107004
3568,3.2762,-3.26953,1.74634,-1.74647,0.107008
3569,3.2762,-3.26953,1.74612,-1.7461,0.107024
3570,3.18556,-3.18862,1.74597,-1.74583,0.107034
3571,3.18556,-3.18862,1.74422,-1.74416,0.107036
3572,3.36185,-3.36485,1.74278,-1.74279,0.107019
3573,3.36185,-3.36485,1.7448,-1.74487,0.106999
3574,3.26952,-3.27245,1.74641,-1.74651,0.107004
3575,3.26952,-3.27245,1.74604,-1.74618,0.107021
3576,3.1886,-3.18188,1.74578,-1.74595,0.107032
3577,3.1886,-3.18188,1.74411,-1.74412,0.107033
3578,3.36483,-3.35824,1.74275,-1.74263,0.107016
3579,3.36483,-3.35824,1.74482,-1.74461,0.106995
3580,3.27245,-3.27556,1.74647,-1.74617,0.107
3581,3.27245,-3.27556,1.74613,-1.74595,0.107016
3582,3.18188,-3.18493,1.74589,-1.74581,0.107027
3583,3.18188,-3.18493,1.74407,-1.74405,0.107028
3584,3.35824,-3.36123,1.74258,-1.74262,0.107011
3585,3.35824,-3.36123,1.74455,-1.74464,0.10699
3586,3.27557,-3.27853,1.74611,-1.74624,0.106994
3587,3.27557,-3.27853,1.74589,-1.74604,0.10701
3588,3.18494,-3.18785,1.74574,-1.74592,0.107021
3589,3.18494,-3.18785,1.74398,-1.74418,0.107023
3590,3.36124,-3.36409,1.74255,-1.74277,0.107007
3591,3.36124,-3.36409,1.74458,-1.7448,0.106988
3592,3.27854,-3.27174,1.74619,-1.74642,0.106993
3593,3.27854,-3.27174,1.746,-1.74606,0.10701
3594,3.18786,-3.19078,1.74588,-1.74581,0.107022
3595,3.18786,-3.19078,1.74416,-1.74415,0.107025
3596,3.3641,-3.36696,1.74275,-1.7428,0.107009
3597,3.3641,-3.36696,1.74479,-1.74489,0.106991
3598,3.27175,-3.27454,1.74642,-1.74655,0.106998
3599,3.27175,-3.27454,1.74608,-1.74623,0.107016
3600,3.19079,-3.18392,1.74584,-1.74602,0.107028
3601,3.19079,-3.18392,1.74419,-1.74421,0.10703
3602,3.36697,-3.36025,1.74284,-1.74273,0.107014
3603,3.36697,-3.36025,1.74494,-1.74472,0.106995
3604,3.27455,-3.27753,1.7466,-1.7463,0.107001
3605,3.27455,-3.27753,1.74628,-1.7461,0.107019
3606,3.18394,-3.18686,1.74606,-1.74597,0.107031
3607,3.18394,-3.18686,1.74425,-1.74423,0.107034
3608,3.36026,-3.36312,1.74278,-1.74281,0.107018
3609,3.36026,-3.36312,1.74477,-1.74485,0.106998
3610,3.27753,-3.27079,1.74635,-1.74647,0.107003
3611,3.27753,-3.27079,1.74614,-1.74611,0.10702
3612,3.18685,-3.18985,1.746,-1.74586,0.107031
3613,3.18685,-3.18985,1.74426,-1.74419,0.107033
3614,3.36312,-3.36606,1.74283,-1.74284,0.107017
3615,3.36312,-3.36606,1.74486,-1.74492,0.106998
3616,3.27077,-3.27364,1.74648,-1.74658,0.107004
3617,3.27077,-3.27364,1.74612,-1.74626,0.107022
3618,3.18983,-3.18305,1.74587,-1.74603,0.107033
3619,3.18983,-3.18305,1.74421,-1.74422,0.107035
3620,3.36603,-3.35939,1.74286,-1.74274,0.107019
3621,3.36603,-3.35939,1.74494,-1.74472,0.106999
3622,3.2736,-3.27669,1.7466,-1.7463,0.107004
3623,3.2736,-3.27669,1.74627,-1.74608,0.107021
3624,3.18302,-3.18604,1.74604,-1.74595,0.107033
3625,3.18302,-3.18604,1.74422,-1.7442,0.107035
3626,3.35936,-3.36232,1.74274,-1.74278,0.107018
3627,3.35936,-3.36232,1.74472,-1.74481,0.106998
3628,3.27665,-3.27001,1.7463,-1.74642,0.107003
3629,3.27665,-3.27001,1.74608,-1.74605,0.107019
3630,3.18599,-3.18907,1.74593,-1.7458,0.107029
3631,3.18599,-3.18907,1.74418,-1.74413,0.107031
3632,3.36227,-3.36529,1.74275,-1.74276,0.107015
3633,3.36227,-3.36529,1.74478,-1.74484,0.106995
3634,3.26997,-3.2729,1.74639,-1.74649,0.107001
3635,3.26997,-3.2729,1.74602,-1.74616,0.107018
3636,3.18903,-3.18232,1.74577,-1.74593,0.107029
3637,3.18903,-3.18232,1.7441,-1.74411,0.10703
3638,3.36525,-3.35867,1.74274,-1.74263,0.107013
3639,3.36525,-3.35867,1.74482,-1.7446,0.106993
3640,3.27286,-3.27598,1.74647,-1.74617,0.106998
3641,3.27286,-3.27598,1.74613,-1.74595,0.107014
3642,3.18228,-3.18535,1.7459,-1.74581,0.107025
3643,3.18228,-3.18535,1.74408,-1.74406,0.107028
3644,3.35863,-3.36165,1.74259,-1.74263,0.10701
3645,3.35863,-3.36165,1.74457,-1.74466,0.10699
3646,3.27596,-3.26934,1.74613,-1.74626,0.106994
3647,3.27596,-3.26934,1.74591,-1.74589,0.10701
3648,3.18533,-3.18843,1.74576,-1.74563,0.10702
3649,3.18533,-3.18843,1.74401,-1.74395,0.107021
3650,3.36163,-3.36466,1.74257,-1.74259,0.107004
3651,3.36163,-3.36466,1.74459,-1.74466,0.106984
3652,3.27892,-3.2723,1.7462,-1.74631,0.10699
3653,3.27892,-3.2723,1.746,-1.74597,0.107007
3654,3.18822,-3.19135,1.74589,-1.74574,0.107018
3655,3.18822,-3.19135,1.74416,-1.74409,0.107021
3656,3.36445,-3.36752,1.74275,-1.74276,0.107006
3657,3.36445,-3.36752,1.74479,-1.74485,0.106988
3658,3.2721,-3.27511,1.74642,-1.74653,0.106995
3659,3.2721,-3.27511,1.74608,-1.74622,0.107013
3660,3.19112,-3.18448,1.74584,-1.74601,0.107026
3661,3.19112,-3.18448,1.74419,-1.7442,0.107029
3662,3.3673,-3.36079,1.74285,-1.74274,0.107013
3663,3.3673,-3.36079,1.74494,-1.74473,0.106994
3664,3.27487,-3.27806,1.74661,-1.74632,0.107
3665,3.27487,-3.27806,1.74629,-1.74612,0.107018
3666,3.18425,-3.18739,1.74607,-1.74599,0.10703
3667,3.18425,-3.18739,1.74427,-1.74426,0.107034
3668,3.36056,-3.36364,1.7428,-1.74285,0.107018
3669,3.36056,-3.36364,1.74479,-1.74489,0.106999
3670,3.27783,-3.27129,1.74637,-1.74651,0.107004
3671,3.27783,-3.27129,1.74616,-1.74615,0.107021
3672,3.18716,-3.19033,1.74603,-1.7459,0.107032
3673,3.18716,-3.19033,1.74429,-1.74424,0.107035
3674,3.36342,-3.36653,1.74287,-1.74289,0.107019
3675,3.36342,-3.36653,1.7449,-1.74498,0.107
3676,3.27105,-3.27409,1.74652,-1.74664,0.107007
3677,3.27105,-3.27409,1.74617,-1.74632,0.107024
3678,3.19011,-3.18348,1.74592,-1.7461,0.107036
3679,3.19011,-3.18348,1.74426,-1.74428,0.107038
3680,3.3663,-3.35981,1.74291,-1.74281,0.107022
3681,3.3663,-3.35981,1.745,-1.74479,0.107003
3682,3.27387,-3.27709,1.74666,-1.74637,0.107008
3683,3.27387,-3.27709,1.74633,-1.74616,0.107025
3684,3.18327,-3.18643,1.74611,-1.74603,0.107037
3685,3.18327,-3.18643,1.74429,-1.74428,0.107039
3686,3.3596,-3.3627,1.74281,-1.74286,0.107023
3687,3.3596,-3.3627,1.74479,-1.74489,0.107003
3688,3.27688,-3.27036,1.74637,-1.74651,0.107008
3689,3.27688,-3.27036,1.74615,-1.74615,0.107024
3690,3.18622,-3.18943,1.74601,-1.74589,0.107035
3691,3.18622,-3.18943,1.74426,-1.74422,0.107037
3692,3.36249,-3.36564,1.74284,-1.74286,0.10702
3693,3.36249,-3.36564,1.74486,-1.74494,0.107001
3694,3.27016,-3.2732,1.74647,-1.74659,0.107007
3695,3.27016,-3.2732,1.74611,-1.74627,0.107024
3696,3.18923,-3.18263,1.74586,-1.74604,0.107035
3697,3.18923,-3.18263,1.74419,-1.74422,0.107037
3698,3.36544,-3.35898,1.74283,-1.74273,0.10702
3699,3.36544,-3.35898,1.74491,-1.74471,0.107
3700,3.27303,-3.27627,1.74657,-1.74629,0.107005
3701,3.27303,-3.27627,1.74623,-1.74607,0.107021
3702,3.18246,-3.18563,1.746,-1.74593,0.107032
3703,3.18246,-3.18563,1.74418,-1.74418,0.107035
3704,3.35881,-3.36191,1.74269,-1.74275,0.107018
3705,3.35881,-3.36191,1.74467,-1.74477,0.106997
3706,3.27612,-3.26961,1.74624,-1.74638,0.107002
3707,3.27612,-3.26961,1.74602,-1.74601,0.107017
3708,3.18547,-3.18868,1.74587,-1.74575,0.107027
3709,3.18547,-3.18868,1.74412,-1.74408,0.107029
3710,3.36176,-3.36491,1.74269,-1.74271,0.107012
3711,3.36176,-3.36491,1.74471,-1.74478,0.106992
3712,3.26947,-3.27252,1.74631,-1.74643,0.106998
3713,3.26947,-3.27252,1.74595,-1.7461,0.107015
3714,3.18854,-3.19155,1.74569,-1.74587,0.107025
3715,3.18854,-3.19155,1.74402,-1.74422,0.107027
3716,3.36477,-3.36772,1.74265,-1.74287,0.10701
3717,3.36477,-3.36772,1.74473,-1.74496,0.106992
3718,3.27241,-3.27526,1.74639,-1.74663,0.106999
3719,3.27241,-3.27526,1.74606,-1.74631,0.107017
3720,3.19145,-3.18465,1.74584,-1.7461,0.107029
3721,3.19145,-3.18465,1.74421,-1.74429,0.107032
3722,3.36762,-3.36096,1.74288,-1.74282,0.107016
3723,3.36762,-3.36096,1.74498,-1.74481,0.106998
3724,3.2752,-3.27821,1.74666,-1.74639,0.107004
3725,3.2752,-3.27821,1.74634,-1.74619,0.107022
3726,3.18458,-3.18753,1.74613,-1.74606,0.107034
3727,3.18458,-3.18753,1.74433,-1.74433,0.107038
3728,3.36089,-3.36377,1.74286,-1.74292,0.107022
3729,3.36089,-3.36377,1.74486,-1.74495,0.107003
3730,3.27814,-3.27141,1.74645,-1.74658,0.107008
3731,3.27814,-3.27141,1.74624,-1.74622,0.107025
3732,3.18745,-3.19045,1.74611,-1.74597,0.107037
3733,3.18745,-3.19045,1.74437,-1.74431,0.10704
3734,3.3637,-3.36664,1.74295,-1.74296,0.107024
3735,3.3637,-3.36664,1.74499,-1.74505,0.107005
3736,3.27133,-3.2742,1.74661,-1.74671,0.107012
3737,3.27133,-3.2742,1.74626,-1.74639,0.10703
3738,3.19037,-3.18359,1.74601,-1.74617,0.107041
3739,3.19037,-3.18359,1.74435,-1.74436,0.107044
3740,3.36656,-3.35992,1.743,-1.74289,0.107027
3741,3.36656,-3.35992,1.74509,-1.74487,0.107008
3742,3.27412,-3.27718,1.74675,-1.74645,0.107014
3743,3.27412,-3.27718,1.74643,-1.74624,0.107031
3744,3.18353,-3.18653,1.7462,-1.74611,0.107043
3745,3.18353,-3.18653,1.74439,-1.74437,0.107046
3746,3.35986,-3.3628,1.74291,-1.74295,0.107029
3747,3.35986,-3.3628,1.7449,-1.74498,0.107009
3748,3.27711,-3.27042,1.74647,-1.7466,0.107014
3749,3.27711,-3.27042,1.74626,-1.74623,0.10703
3750,3.18646,-3.18949,1.74612,-1.74598,0.107041
3751,3.18646,-3.18949,1.74437,-1.74431,0.107043
3752,3.36273,-3.3657,1.74294,-1.74295,0.107027
3753,3.36273,-3.3657,1.74497,-1.74503,0.107008
3754,3.27035,-3.27327,1.74658,-1.74669,0.107014
3755,3.27035,-3.27327,1.74622,-1.74636,0.107031
3756,3.18942,-3.18269,1.74597,-1.74613,0.107042
3757,3.18942,-3.18269,1.7443,-1.74431,0.107044
3758,3.36563,-3.35903,1.74295,-1.74283,0.107027
3759,3.36563,-3.35903,1.74503,-1.74481,0.107007
3760,3.27321,-3.27632,1.74668,-1.74638,0.107012
3761,3.27321,-3.27632,1.74635,-1.74616,0.107029
3762,3.18263,-3.18567,1.74612,-1.74603,0.10704
3763,3.18263,-3.18567,1.74429,-1.74428,0.107042
3764,3.35897,-3.36195,1.74281,-1.74285,0.107025
3765,3.35897,-3.36195,1.74479,-1.74488,0.107005
3766,3.27626,-3.26963,1.74636,-1.74648,0.107009
3767,3.27626,-3.26963,1.74613,-1.74611,0.107025
3768,3.18562,-3.18871,1.74599,-1.74585,0.107035
3769,3.18562,-3.18871,1.74423,-1.74418,0.107037
3770,3.36191,-3.36494,1.7428,-1.74281,0.10702
3771,3.36191,-3.36494,1.74482,-1.74489,0.107
3772,3.26957,-3.27252,1.74643,-1.74654,0.107006
3773,3.26957,-3.27252,1.74606,-1.7462,0.107022
3774,3.18866,-3.18196,1.7458,-1.74597,0.107033
3775,3.18866,-3.18196,1.74413,-1.74414,0.107034
3776,3.36488,-3.35832,1.74277,-1.74266,0.107017
3777,3.36488,-3.35832,1.74484,-1.74463,0.106997
3778,3.27249,-3.27564,1.74649,-1.7462,0.107001
3779,3.27249,-3.27564,1.74615,-1.74597,0.107017
3780,3.18193,-3.185,1.74592,-1.74583,0.107028
3781,3.18193,-3.185,1.74409,-1.74408,0.10703
3782,3.35829,-3.3613,1.7426,-1.74264,0.107012
3783,3.35829,-3.3613,1.74457,-1.74467,0.106992
3784,3.27561,-3.2786,1.74614,-1.74627,0.106996
3785,3.27561,-3.2786,1.74591,-1.74607,0.107011
3786,3.18498,-3.18791,1.74576,-1.74595,0.107022
3787,3.18498,-3.18791,1.74401,-1.74421,0.107025
3788,3.36128,-3.36415,1.74258,-1.7428,0.107009
3789,3.36128,-3.36415,1.7446,-1.74483,0.10699
3790,3.27858,-3.2718,1.74621,-1.74645,0.106995
3791,3.27858,-3.2718,1.74602,-1.74609,0.107012
3792,3.1879,-3.19084,1.74591,-1.74584,0.107023
3793,3.1879,-3.19084,1.74418,-1.74418,0.107026
3794,3.36414,-3.36702,1.74278,-1.74283,0.107011
3795,3.36414,-3.36702,1.74482,-1.74492,0.106993
3796,3.27178,-3.27458,1.74645,-1.74658,0.107
3797,3.27178,-3.27458,1.74611,-1.74626,0.107018
3798,3.19082,-3.18398,1.74587,-1.74605,0.10703
3799,3.19082,-3.18398,1.74422,-1.74424,0.107032
3800,3.367,-3.3603,1.74287,-1.74276,0.107016
3801,3.367,-3.3603,1.74497,-1.74475,0.106998
3802,3.27457,-3.27758,1.74663,-1.74634,0.107003
3803,3.27457,-3.27758,1.74631,-1.74613,0.107021
3804,3.18397,-3.18691,1.74609,-1.746,0.107033
3805,3.18397,-3.18691,1.74428,-1.74426,0.107036
3806,3.36029,-3.36317,1.74281,-1.74285,0.10702
3807,3.36029,-3.36317,1.7448,-1.74488,0.107
3808,3.27756,-3.27082,1.74638,-1.7465,0.107005
3809,3.27756,-3.27082,1.74617,-1.74614,0.107022
3810,3.18688,-3.18987,1.74603,-1.74589,0.107033
3811,3.18688,-3.18987,1.74429,-1.74422,0.107035
3812,3.36315,-3.36607,1.74286,-1.74287,0.107019
3813,3.36315,-3.36607,1.7449,-1.74495,0.107001
3814,3.2708,-3.27364,1.74651,-1.74661,0.107007
3815,3.2708,-3.27364,1.74615,-1.74629,0.107024
3816,3.18986,-3.18306,1.7459,-1.74606,0.107035
3817,3.18986,-3.18306,1.74424,-1.74425,0.107038
3818,3.36606,-3.3594,1.74289,-1.74277,0.107021
3819,3.36606,-3.3594,1.74497,-1.74475,0.107002
3820,3.27362,-3.27667,1.74663,-1.74633,0.107007
3821,3.27362,-3.27667,1.7463,-1.74611,0.107024
3822,3.18304,-3.18603,1.74607,-1.74598,0.107035
3823,3.18304,-3.18603,1.74425,-1.74423,0.107038
3824,3.35938,-3.36231,1.74277,-1.74281,0.107021
3825,3.35938,-3.36231,1.74476,-1.74484,0.107001
3826,3.27665,-3.26997,1.74633,-1.74645,0.107005
3827,3.27665,-3.26997,1.74611,-1.74608,0.107021
3828,3.18601,-3.18904,1.74597,-1.74582,0.107032
3829,3.18601,-3.18904,1.74421,-1.74415,0.107034
3830,3.36229,-3.36526,1.74278,-1.74279,0.107017
3831,3.36229,-3.36526,1.74481,-1.74487,0.106998
3832,3.26994,-3.27287,1.74642,-1.74652,0.107003
3833,3.26994,-3.27287,1.74605,-1.74619,0.10702
3834,3.18902,-3.18229,1.7458,-1.74596,0.107031
3835,3.18902,-3.18229,1.74413,-1.74414,0.107033
3836,3.36524,-3.35864,1.74277,-1.74265,0.107015
3837,3.36524,-3.35864,1.74485,-1.74463,0.106996
3838,3.27285,-3.27596,1.7465,-1.7462,0.107
3839,3.27285,-3.27596,1.74616,-1.74598,0.107017
3840,3.18227,-3.18533,1.74593,-1.74584,0.107028
3841,3.18227,-3.18533,1.7441,-1.74409,0.10703
3842,3.35863,-3.36162,1.74262,-1.74266,0.107012
3843,3.35863,-3.36162,1.74459,-1.74468,0.106992
3844,3.27594,-3.26932,1.74616,-1.74629,0.106996
3845,3.27594,-3.26932,1.74594,-1.74592,0.107012
3846,3.18531,-3.1884,1.74579,-1.74565,0.107022
3847,3.18531,-3.1884,1.74403,-1.74398,0.107023
3848,3.3616,-3.36464,1.7426,-1.74261,0.107006
3849,3.3616,-3.36464,1.74462,-1.74468,0.106986
3850,3.27888,-3.27227,1.74622,-1.74633,0.106992
3851,3.27888,-3.27227,1.74603,-1.746,0.107008
3852,3.1882,-3.19131,1.74591,-1.74576,0.10702
3853,3.1882,-3.19131,1.74418,-1.74412,0.107023
3854,3.36443,-3.36748,1.74277,-1.74278,0.107008
3855,3.36443,-3.36748,1.74482,-1.74488,0.10699
3856,3.27207,-3.27507,1.74644,-1.74655,0.106997
3857,3.27207,-3.27507,1.7461,-1.74624,0.107015
3858,3.1911,-3.18445,1.74586,-1.74603,0.107027
3859,3.1911,-3.18445,1.74421,-1.74423,0.10703
3860,3.36728,-3.36076,1.74287,-1.74276,0.107014
3861,3.36728,-3.36076,1.74496,-1.74475,0.106996
3862,3.27485,-3.27803,1.74663,-1.74634,0.107002
3863,3.27485,-3.27803,1.74631,-1.74614,0.10702
3864,3.18423,-3.18736,1.7461,-1.74601,0.107032
3865,3.18423,-3.18736,1.74429,-1.74428,0.107035
3866,3.36055,-3.36361,1.74282,-1.74287,0.107019
3867,3.36055,-3.36361,1.74481,-1.7449,0.107
3868,3.27781,-3.27124,1.74639,-1.74653,0.107006
3869,3.27781,-3.27124,1.74618,-1.74617,0.107022
3870,3.18715,-3.19029,1.74605,-1.74592,0.107033
3871,3.18715,-3.19029,1.74431,-1.74426,0.107036
3872,3.3634,-3.36649,1.74289,-1.74291,0.10702
3873,3.3634,-3.36649,1.74492,-1.74499,0.107002
3874,3.27104,-3.27404,1.74654,-1.74666,0.107008
3875,3.27104,-3.27404,1.74619,-1.74633,0.107026
3876,3.19009,-3.18345,1.74594,-1.74611,0.107037
3877,3.19009,-3.18345,1.74428,-1.7443,0.10704
3878,3.36629,-3.35978,1.74293,-1.74282,0.107023
3879,3.36629,-3.35978,1.74501,-1.74481,0.107004
3880,3.27384,-3.27704,1.74667,-1.74639,0.107009
3881,3.27384,-3.27704,1.74635,-1.74617,0.107026
3882,3.18326,-3.18638,1.74612,-1.74604,0.107038
3883,3.18326,-3.18638,1.74431,-1.7443,0.107041
3884,3.35959,-3.36265,1.74283,-1.74288,0.107024
3885,3.35959,-3.36265,1.74481,-1.74491,0.107004
3886,3.27686,-3.27031,1.74639,-1.74652,0.107009
3887,3.27686,-3.27031,1.74617,-1.74616,0.107025
3888,3.1862,-3.18938,1.74603,-1.7459,0.107036
3889,3.1862,-3.18938,1.74428,-1.74423,0.107038
3890,3.36248,-3.36559,1.74285,-1.74287,0.107021
3891,3.36248,-3.36559,1.74488,-1.74495,0.107002
3892,3.27014,-3.27316,1.74649,-1.7466,0.107008
3893,3.27014,-3.27316,1.74613,-1.74628,0.107025
3894,3.18922,-3.18259,1.74587,-1.74605,0.107036
3895,3.18922,-3.18259,1.74421,-1.74423,0.107038
3896,3.36543,-3.35894,1.74285,-1.74274,0.107021
3897,3.36543,-3.35894,1.74493,-1.74472,0.107001
3898,3.273,-3.27622,1.74658,-1.74629,0.107006
3899,3.273,-3.27622,1.74625,-1.74608,0.107022
3900,3.18243,-3.18559,1.74601,-1.74593,0.107033
3901,3.18243,-3.18559,1.74419,-1.74418,0.107036
3902,3.35878,-3.36187,1.74271,-1.74276,0.107018
3903,3.35878,-3.36187,1.74468,-1.74478,0.106998
3904,3.27607,-3.26955,1.74625,-1.74639,0.107002
3905,3.27607,-3.26955,1.74603,-1.74602,0.107018
3906,3.18544,-3.18863,1.74588,-1.74576,0.107028
3907,3.18544,-3.18863,1.74413,-1.74408,0.10703
3908,3.36173,-3.36486,1.74269,-1.74272,0.107013
3909,3.36173,-3.36486,1.74471,-1.74479,0.106993
3910,3.26942,-3.27248,1.74632,-1.74644,0.106998
3911,3.26942,-3.27248,1.74595,-1.7461,0.107015
3912,3.18851,-3.1915,1.74569,-1.74587,0.107026
3913,3.18851,-3.1915,1.74402,-1.74422,0.107027
3914,3.36474,-3.36767,1.74266,-1.74288,0.107011
3915,3.36474,-3.36767,1.74474,-1.74497,0.106993
3916,3.27238,-3.27522,1.74639,-1.74663,0.106999
3917,3.27238,-3.27522,1.74607,-1.74632,0.107017
3918,3.19142,-3.18461,1.74585,-1.7461,0.107029
3919,3.19142,-3.18461,1.74421,-1.74429,0.107033
3920,3.36759,-3.36092,1.74288,-1.74282,0.107017
3921,3.36759,-3.36092,1.74498,-1.74481,0.106998
3922,3.27517,-3.27816,1.74666,-1.7464,0.107004
3923,3.27517,-3.27816,1.74635,-1.74619,0.107022
3924,3.18456,-3.18749,1.74614,-1.74606,0.107034
3925,3.18456,-3.18749,1.74433,-1.74433,0.107038
3926,3.36087,-3.36374,1.74287,-1.74292,0.107022
3927,3.36087,-3.36374,1.74486,-1.74495,0.107003
3928,3.2781,-3.27136,1.74645,-1.74658,0.107009
3929,3.2781,-3.27136,1.74624,-1.74622,0.107025
3930,3.18743,-3.19041,1.74611,-1.74597,0.107037
3931,3.18743,-3.19041,1.74437,-1.74431,0.10704
3932,3.36368,-3.3666,1.74295,-1.74296,0.107024
3933,3.36368,-3.3666,1.74499,-1.74505,0.107005
3934,3.2713,-3.27416,1.74661,-1.74671,0.107012
3935,3.2713,-3.27416,1.74626,-1.74639,0.10703
3936,3.19035,-3.18356,1.74601,-1.74617,0.107041
3937,3.19035,-3.18356,1.74435,-1.74436,0.107044
3938,3.36654,-3.35989,1.743,-1.74288,0.107027
3939,3.36654,-3.35989,1.74509,-1.74487,0.107008
3940,3.2741,-3.27715,1.74675,-1.74645,0.107014
3941,3.2741,-3.27715,1.74643,-1.74624,0.107031
3942,3.18349,-3.1865,1.7462,-1.74611,0.107043
3943,3.18349,-3.1865,1.74439,-1.74436,0.107045
3944,3.35982,-3.36277,1.74291,-1.74295,0.107029
3945,3.35982,-3.36277,1.74489,-1.74498,0.107009
3946,3.27709,-3.27039,1.74647,-1.74659,0.107014
3947,3.27709,-3.27039,1.74625,-1.74623,0.10703
3948,3.18644,-3.18946,1.74612,-1.74597,0.107041
3949,3.18644,-3.18946,1.74437,-1.74431,0.107043
3950,3.36271,-3.36567,1.74294,-1.74295,0.107027
3951,3.36271,-3.36567,1.74497,-1.74503,0.107008
3952,3.27033,-3.27323,1.74658,-1.74668,0.107013
3953,3.27033,-3.27323,1.74622,-1.74635,0.107031
3954,3.1894,-3.18266,1.74596,-1.74613,0.107042
3955,3.1894,-3.18266,1.7443,-1.74431,0.107044
3956,3.36562,-3.35901,1.74294,-1.74282,0.107027
3957,3.36562,-3.35901,1.74502,-1.7448,0.107007
3958,3.27318,-3.27629,1.74667,-1.74638,0.107012
3959,3.27318,-3.27629,1.74634,-1.74616,0.107028
3960,3.18261,-3.18564,1.74611,-1.74602,0.107039
3961,3.18261,-3.18564,1.74429,-1.74427,0.107042
3962,3.35896,-3.36193,1.7428,-1.74284,0.107025
3963,3.35896,-3.36193,1.74478,-1.74487,0.107004
3964,3.27624,-3.2696,1.74635,-1.74647,0.107009
3965,3.27624,-3.2696,1.74613,-1.74611,0.107024
3966,3.18559,-3.18869,1.74598,-1.74584,0.107035
3967,3.18559,-3.18869,1.74422,-1.74417,0.107036
3968,3.36188,-3.36491,1.74279,-1.7428,0.107019
3969,3.36188,-3.36491,1.74481,-1.74488,0.107
3970,3.26956,-3.27249,1.74642,-1.74653,0.107005
3971,3.26956,-3.27249,1.74605,-1.74619,0.107022
3972,3.18864,-3.18193,1.74579,-1.74596,0.107032
3973,3.18864,-3.18193,1.74412,-1.74414,0.107034
3974,3.36487,-3.35829,1.74276,-1.74265,0.107016
3975,3.36487,-3.35829,1.74483,-1.74462,0.106996
3976,3.27247,-3.2756,1.74648,-1.74619,0.107001
3977,3.27247,-3.2756,1.74614,-1.74596,0.107017
3978,3.18192,-3.18498,1.74591,-1.74582,0.107027
3979,3.18192,-3.18498,1.74408,-1.74406,0.107029
3980,3.35828,-3.36128,1.74259,-1.74263,0.107012
3981,3.35828,-3.36128,1.74456,-1.74465,0.106991
3982,3.2756,-3.27858,1.74613,-1.74626,0.106995
3983,3.2756,-3.27858,1.7459,-1.74606,0.107011
3984,3.18498,-3.18789,1.74575,-1.74594,0.107022
3985,3.18498,-3.18789,1.744,-1.7442,0.107024
3986,3.36128,-3.36413,1.74257,-1.74278,0.107008
3987,3.36128,-3.36413,1.74459,-1.74482,0.106989
3988,3.27858,-3.27178,1.7462,-1.74644,0.106994
3989,3.27858,-3.27178,1.74601,-1.74608,0.107011
3990,3.18788,-3.19082,1.7459,-1.74583,0.107023
3991,3.18788,-3.19082,1.74417,-1.74417,0.107026
3992,3.36413,-3.36701,1.74277,-1.74282,0.10701
3993,3.36413,-3.36701,1.74481,-1.74491,0.106992
3994,3.27178,-3.27457,1.74644,-1.74657,0.106999
3995,3.27178,-3.27457,1.74609,-1.74625,0.107017
3996,3.19082,-3.18397,1.74586,-1.74603,0.107029
3997,3.19082,-3.18397,1.74421,-1.74422,0.107032
3998,3.367,-3.36029,1.74286,-1.74275,0.107016
3999,3.367,-3.36029,1.74495,-1.74474,0.106997
4000,3.27456,-3.27756,1.74662,-1.74632,0.107003
