time_ms,left_cmd_torque,right_cmd_torque,fl_vel,fr_vel,robot_vel
1,0,0,0,0,0
2,0,0,0,0,0
3,0,0,0,0,0
4,0,0,0,0,0
5,0,0,0,0,0
6,0,0,0,0,0
7,0,0,0,0,0
8,0,0,0,0,0
9,0,0,0,0,0
10,0,0,0,0,0
11,0,0,0,0,0
12,0,0,0,0,0
13,0,0,0,0,0
14,0,0,0,0,0
15,0,0,0,0,0
16,0,0,0,0,0
17,0,0,0,0,0
18,0,0,0,0,0
19,0,0,0,0,0
20,0,0,0,0,0
21,0,0,0,0,0
22,-0,-0,0,0,0
23,-0,-0,0,0,0
24,-0,-0,0,0,0
25,-0,-0,0,0,0
26,-0,-0,0,0,0
27,-0,-0,0,0,0
28,-0,-0,0,0,0
29,-0,-0,0,0,0
30,-0,-0,0,0,0
31,-0,-0,0,0,0
32,-0,-0,0,0,0
33,-0,-0,0,0,0
34,-0,-0,0,0,0
35,-0,-0,0,0,0
36,-0,-0,0,0,0
37,-0,-0,0,0,0
38,-0,-0.6,0,0,0
39,-0,-0.6,0,-0.0114778,0
40,-0,-0.9,0,-0.0210447,0
41,-0,-0.9,0,-0.0347549,0
42,0.6,-1.2,0,-0.0461811,0
43,0.6,-1.2,0.0114778,-0.0614366,0
44,0.9,-1.5,0.0210447,-0.074149,0
45,0.9,-1.5,0.0347549,-0.0904716,0
46,1.2,-1.8,0.0461811,-0.104071,0
47,1.2,-1.8,0.0614366,-0.121128,0
48,1.5,-2.0112,0.074149,-0.135338,0
49,1.5,-2.0112,0.0904716,-0.151204,0
50,1.8,-2.0128,0.104071,-0.164421,0
51,1.8,-2.0128,0.121128,-0.175461,0
52,2.0112,-2.0144,0.135338,-0.184657,0
53,2.0112,-2.0144,0.151204,-0.192348,0
54,2.0128,-2.016,0.164421,-0.198754,0
55,2.0128,-2.016,0.175461,-0.204121,0
56,2.0144,-2.0176,0.184657,-0.208592,0
57,2.0144,-2.0176,0.192348,-0.212347,0
58,2.016,-2.0192,0.198754,-0.215474,0
59,2.016,-2.0192,0.204121,-0.21811,0
60,2.0176,-2.0208,0.208592,-0.220305,0
61,2.0176,-2.0208,0.212347,-0.222165,0
62,2.0192,-2.0224,0.215474,-0.223714,0
63,2.0192,-2.0224,0.21811,-0.225034,0
64,2.0208,-2.024,0.220305,-0.226134,0
65,2.0208,-2.024,0.222165,-0.227081,0
66,2.0224,-2.0256,0.223714,-0.22787,0
67,2.0224,-2.0256,0.225034,-0.228557,0
68,2.024,-2.0272,0.226134,-0.22913,0
69,2.024,-2.0272,0.227081,-0.229637,0
70,2.0256,-2.0288,0.22787,-0.23006,0
71,2.0256,-2.0288,0.228557,-0.230443,0
72,2.0272,-2.0304,0.22913,-0.230761,0
73,2.0272,-2.0304,0.229637,-0.231057,0
74,2.0288,-2.032,0.23006,-0.231304,0
75,2.0288,-2.032,0.230443,-0.23154,0
76,2.0304,-2.0336,0.230761,-0.231736,0
77,2.0304,-2.0336,0.231057,-0.23193,0
78,2.032,-2.0352,0.231304,-0.232092,0
79,2.032,-2.0352,0.23154,-0.232257,0
80,2.0336,-2.0368,0.231736,-0.232394,0
81,2.0336,-2.0368,0.23193,-0.232539,0
82,2.0352,-2.0384,0.232092,-0.23266,0
83,2.0352,-2.0384,0.232257,-0.232791,0
84,2.0368,-2.04,0.232394,-0.2329,0
85,2.0368,-2.04,0.232539,-0.233022,0
86,2.0384,-2.0416,0.23266,-0.233123,0
87,2.0384,-2.0416,0.232791,-0.233238,0
88,2.04,-2.0432,0.2329,-0.233333,0
89,2.04,-2.0432,0.233022,-0.233443,0
90,2.0416,-2.0448,0.233123,-0.233535,0
91,2.0416,-2.0448,0.233238,-0.233642,0
92,2.0432,-2.0464,0.233333,-0.233731,0
93,2.0432,-2.0464,0.233443,-0.233835,0
94,2.0448,-2.048,0.233535,-0.233923,0
95,2.0448,-2.048,0.233642,-0.234026,0
96,2.0464,-2.0496,0.233731,-0.234111,0
97,2.0464,-2.0496,0.233835,-0.234213,0
98,2.048,-2.0512,0.233923,-0.234298,0
99,2.048,-2.0512,0.234026,-0.234399,0
100,2.0496,-2.0528,0.234111,-0.234484,0
101,2.0496,-2.0528,0.234213,-0.234584,0
102,2.0512,-2.0544,0.234298,-0.234668,0
103,2.0512,-2.0544,0.234399,-0.234769,0
104,2.0528,-2.056,0.234484,-0.234852,0
105,2.0528,-2.056,0.234584,-0.234952,0
106,2.0544,-2.0576,0.234668,-0.235036,0
107,2.0544,-2.0576,0.234769,-0.235135,0
108,2.056,-2.3576,0.234852,-0.235219,0
109,2.056,-2.3576,0.234952,-0.240999,0
110,2.0576,-2.3592,0.235036,-0.245813,0
111,2.0576,-2.3592,0.235135,-0.249853,0
112,2.0592,-2.6592,0.235219,-0.253218,0
113,2.0592,-2.6592,0.235318,-0.261729,0
114,2.3592,-2.9592,0.235402,-0.268816,0
115,2.3592,-2.9592,0.241182,-0.280425,0
116,2.6592,-3.2592,0.245996,-0.290091,0
117,2.6592,-3.2592,0.255714,-0.303843,0
118,2.9592,-3.5592,0.263808,-0.315293,0
119,2.9592,-3.5592,0.276255,-0.330525,0
120,3.2592,-3.8592,0.286619,-0.343206,0
121,3.2592,-3.8592,0.300965,-0.359471,6.19519e-05
122,3.5592,-4.1592,0.313132,-0.373232,0.000260919
123,3.5592,-4.1592,0.329465,-0.390882,0.000572065
124,3.8592,-4.4592,0.343826,-0.406335,0.00100351
125,3.8592,-4.4592,0.362487,-0.425894,0.00153504
126,4.1592,-4.56401,0.379268,-0.443418,0.00217804
127,4.1592,-4.56401,0.400401,-0.46146,0.00290966
128,4.4592,-4.63713,0.419667,-0.478149,0.00373103
129,4.4592,-4.63713,0.443248,-0.495281,0.00462462
130,4.6035,-4.65162,0.464897,-0.511562,0.00559398
131,4.6035,-4.65162,0.487826,-0.527565,0.00662004
132,4.61854,-4.65344,0.50921,-0.543185,0.00769605
133,4.61854,-4.65344,0.529693,-0.558622,0.00880675
134,4.69217,-4.72837,0.549213,-0.573942,0.00994201
135,4.69217,-4.72837,0.569372,-0.590632,0.0110973
136,4.70314,-4.7368,0.58872,-0.607092,0.0122757
137,4.70314,-4.7368,0.607645,-0.623567,0.0134697
138,4.70057,-4.7235,0.626045,-0.639928,0.0146749
139,4.70057,-4.7235,0.64398,-0.655963,0.0158864
140,4.77616,-4.80063,0.661588,-0.671991,0.0171
141,4.77616,-4.80063,0.680354,-0.689471,0.0183176
142,4.76045,-4.79447,0.698673,-0.706719,0.0195474
143,4.76045,-4.79447,0.716347,-0.723683,0.0207839
144,4.74202,-4.77635,0.733794,-0.740538,0.0220223
145,4.74202,-4.77635,0.750706,-0.756965,0.02326
146,4.82038,-4.85603,0.767518,-0.773371,0.0244933
147,4.82038,-4.85603,0.78571,-0.791251,0.0257263
148,4.79908,-4.82575,0.803584,-0.808865,0.0269686
149,4.79908,-4.82575,0.82081,-0.825705,0.0282148
150,4.76583,-4.79347,0.837902,-0.842476,0.029459
151,4.76583,-4.79347,0.854252,-0.858577,0.0306988
152,4.84731,-4.8764,0.870597,-0.874715,0.0319298
153,4.84731,-4.8764,0.88845,-0.892423,0.0331574
154,4.81159,-4.84169,0.906028,-0.90988,0.0343926
155,4.81159,-4.84169,0.922722,-0.926491,0.03563
156,4.76431,-4.79547,0.93935,-0.94305,0.036863
157,4.76431,-4.79547,0.955026,-0.958689,0.0380891
158,4.84942,-4.88196,0.970778,-0.97441,0.0393029
159,4.84942,-4.88196,0.988162,-0.991794,0.0405109
160,4.79997,-4.83356,1.00531,-1.00894,0.0417253
161,4.79997,-4.83356,1.02134,-1.02499,0.0429404
162,4.74893,-4.78357,1.03736,-1.04103,0.0441482
163,4.74893,-4.78357,1.05241,-1.05611,0.045347
164,4.83795,-4.8739,1.06758,-1.0713,0.0465313
165,4.83795,-4.8739,1.08448,-1.08825,0.0477087
166,4.77527,-4.81223,1.10116,-1.10497,0.0488921
167,4.77527,-4.81223,1.11648,-1.12034,0.0500755
168,4.7114,-4.74934,1.13185,-1.13575,0.0512491
169,4.7114,-4.74934,1.14604,-1.14999,0.0524114
170,4.80477,-4.84395,1.1604,-1.1644,0.053556
171,4.80477,-4.84395,1.17663,-1.18069,0.0546916
172,4.72955,-4.77925,1.19265,-1.19676,0.0558324
173,4.72955,-4.77925,1.2071,-1.21145,0.0569721
174,4.66313,-4.70396,1.22165,-1.22619,0.0581004
175,4.66313,-4.70396,1.235,-1.23955,0.059216
176,4.76107,-4.80308,1.24858,-1.25312,0.0603118
177,4.76107,-4.80308,1.26411,-1.26867,0.0613975
178,4.67384,-4.7167,1.27945,-1.28403,0.0624881
179,4.67384,-4.7167,1.293,-1.29761,0.0635768
180,4.59582,-4.63949,1.30668,-1.31131,0.0646513
181,4.59582,-4.63949,1.31898,-1.32365,0.0657107
182,4.69871,-4.7435,1.33156,-1.33625,0.066748
183,4.69871,-4.7435,1.34622,-1.35096,0.0677737
184,4.60978,-4.65533,1.36069,-1.36547,0.068804
185,4.60978,-4.65533,1.37337,-1.37819,0.0698322
186,4.5207,-4.55741,1.38618,-1.39104,0.0708458
187,4.5207,-4.55741,1.39743,-1.40215,0.0718435
188,4.62869,-4.66666,1.40898,-1.41359,0.0728163
189,4.62869,-4.66666,1.42274,-1.42729,0.0737758
190,4.52903,-4.57748,1.43632,-1.44081,0.0747397
191,4.52903,-4.57748,1.44791,-1.45254,0.0757008
192,4.42964,-4.47876,1.45967,-1.46443,0.0766465
193,4.42964,-4.47876,1.4697,-1.47457,0.0775751
194,4.54305,-4.59319,1.48009,-1.48505,0.0784776
195,4.54305,-4.59319,1.49282,-1.49788,0.0793663
196,4.44298,-4.49377,1.50539,-1.51053,0.0802596
197,4.44298,-4.49377,1.51597,-1.52119,0.0811502
198,4.34343,-4.38526,1.52674,-1.53203,0.0820248
199,4.34343,-4.38526,1.53579,-1.54096,0.0828818
200,4.46216,-4.50515,1.5452,-1.55028,0.0837116
201,4.46216,-4.50515,1.55706,-1.56208,0.0845273
202,4.35249,-4.40583,1.56873,-1.57371,0.0853482
203,4.35249,-4.40583,1.57824,-1.58337,0.0861666
204,4.24375,-4.29763,1.58795,-1.59321,0.0869685
205,4.24375,-4.29763,1.59579,-1.60116,0.0877525
206,4.36807,-4.42287,1.60404,-1.6095,0.0885085
207,4.36807,-4.42287,1.61486,-1.62042,0.0892502
208,4.25908,-4.30482,1.62551,-1.63116,0.0899976
209,4.25908,-4.30482,1.63402,-1.63956,0.0907428
210,4.14165,-4.19767,1.64274,-1.6482,0.0914703
211,4.14165,-4.19767,1.64943,-1.65501,0.0921791
212,4.27162,-4.32852,1.65655,-1.66223,0.0928589
213,4.27162,-4.32852,1.66637,-1.67215,0.093524
214,4.16384,-4.2116,1.67602,-1.68188,0.0941954
215,4.16384,-4.2116,1.68355,-1.68931,0.094865
216,4.04783,-4.09622,1.69129,-1.69696,0.0955177
217,4.04783,-4.09622,1.69703,-1.70264,0.096152
218,4.18328,-4.23269,1.70319,-1.70876,0.0967571
219,4.18328,-4.23269,1.71214,-1.71769,0.0973479
220,4.06743,-4.11743,1.72091,-1.72644,0.0979459
221,4.06743,-4.11743,1.7274,-1.73292,0.0985428
222,3.94374,-4.0039,1.73411,-1.73963,0.0991229
223,3.94374,-4.0039,1.73869,-1.74439,0.0996846
224,4.08487,-4.14582,1.74372,-1.74958,0.100217
225,4.08487,-4.14582,1.75169,-1.75769,0.100735
226,3.97118,-4.02291,1.75947,-1.76559,0.101261
227,3.97118,-4.02291,1.76502,-1.77106,0.101787
228,3.85941,-3.91169,1.77079,-1.77677,0.102295
229,3.85941,-3.91169,1.77465,-1.78059,0.102787
230,4.00582,-4.05906,1.77893,-1.78485,0.10325
231,4.00582,-4.05906,1.78621,-1.79212,0.1037
232,3.88478,-3.9385,1.79327,-1.79917,0.10416
233,3.88478,-3.9385,1.79794,-1.80384,0.10462
234,3.76601,-3.82021,1.80284,-1.80874,0.105065
235,3.76601,-3.82021,1.80571,-1.81161,0.105491
236,3.91789,-3.973,1.80902,-1.81493,0.105889
237,3.91789,-3.973,1.81544,-1.82138,0.106274
238,3.79963,-3.8552,1.82165,-1.82761,0.106669
239,3.79963,-3.8552,1.82551,-1.8315,0.107066
240,3.68378,-3.7398,1.8296,-1.83561,0.107447
241,3.68378,-3.7398,1.83171,-1.83774,0.107811
242,3.84091,-3.8978,1.83425,-1.8403,0.108148
243,3.84091,-3.8978,1.84,-1.84608,0.108472
244,3.72561,-3.78292,1.8455,-1.85162,0.108809
245,3.72561,-3.78292,1.84872,-1.85486,0.109148
246,3.60327,-3.66098,1.85213,-1.8583,0.109473
247,3.60327,-3.66098,1.85344,-1.85964,0.109782
248,3.7656,-3.82416,1.85519,-1.86141,0.110063
249,3.7656,-3.82416,1.86025,-1.86651,0.110332
250,3.65358,-3.71251,1.86507,-1.87135,0.110614
251,3.65358,-3.71251,1.86764,-1.87396,0.110899
252,3.5346,-3.59389,1.87041,-1.87675,0.111171
253,3.5346,-3.59389,1.87112,-1.87749,0.111428
254,3.70191,-3.76201,1.87226,-1.87866,0.111658
255,3.70191,-3.76201,1.87679,-1.88322,0.111877
256,3.59326,-3.65369,1.88106,-1.88752,0.112111
257,3.59326,-3.65369,1.88313,-1.88962,0.112349
258,3.47772,-3.53847,1.88538,-1.89189,0.112576
259,3.47772,-3.53847,1.88562,-1.89216,0.112788
260,3.64977,-3.7113,1.88628,-1.89284,0.112976
261,3.64977,-3.7113,1.8904,-1.89699,0.113153
262,3.54453,-3.59676,1.89423,-1.90085,0.113347
263,3.54453,-3.59676,1.89591,-1.90239,0.113546
264,3.43246,-3.49474,1.89775,-1.9041,0.113734
265,3.43246,-3.49474,1.89763,-1.90406,0.113909
266,3.60901,-3.67204,1.89791,-1.90441,0.11406
267,3.60901,-3.67204,1.90171,-1.90828,0.114203
268,3.49758,-3.56087,1.9052,-1.91183,0.114364
269,3.49758,-3.56087,1.90642,-1.91311,0.114532
270,3.38913,-3.45266,1.90781,-1.91453,0.114689
271,3.38913,-3.45266,1.90731,-1.91407,0.114834
272,3.57014,-3.63441,1.90719,-1.914,0.114955
273,3.57014,-3.63441,1.91069,-1.91754,0.115069
274,3.46225,-3.52674,1.91386,-1.92074,0.1152
275,3.46225,-3.52674,1.91482,-1.92173,0.11534
276,3.35736,-3.42205,1.91592,-1.92286,0.11547
277,3.35736,-3.42205,1.91519,-1.92216,0.115589
278,3.54261,-3.60801,1.91484,-1.92183,0.115685
279,3.54261,-3.60801,1.91815,-1.92517,0.115775
280,3.4382,-3.50378,1.92112,-1.92816,0.115884
281,3.4382,-3.50378,1.92192,-1.92899,0.116003
282,3.33678,-3.40253,1.92285,-1.92994,0.116113
283,3.33678,-3.40253,1.92199,-1.92911,0.116213
284,3.52604,-3.59248,1.92149,-1.92862,0.116291
285,3.52604,-3.59248,1.92472,-1.93187,0.116364
286,3.42502,-3.49159,1.92758,-1.93476,0.116459
287,3.42502,-3.49159,1.92832,-1.93552,0.116563
288,3.32694,-3.39365,1.92916,-1.93638,0.11666
289,3.32694,-3.39365,1.92828,-1.93551,0.116748
290,3.52,-3.58738,1.92772,-1.93497,0.116816
291,3.52,-3.58738,1.93095,-1.93822,0.11688
292,3.4222,-3.48969,1.93379,-1.94109,0.116966
293,3.4222,-3.48969,1.93456,-1.94188,0.117063
294,3.32731,-3.38532,1.93541,-1.94274,0.117154
295,3.32731,-3.38532,1.93458,-1.94175,0.117237
296,3.52396,-3.58281,1.93406,-1.94109,0.1173
297,3.52396,-3.58281,1.93737,-1.9443,0.117359
298,3.42921,-3.48835,1.94027,-1.94712,0.117442
299,3.42921,-3.48835,1.94113,-1.94793,0.117536
300,3.33731,-3.39671,1.94206,-1.9488,0.117625
301,3.33731,-3.39671,1.94134,-1.94804,0.117707
302,3.53736,-3.59758,1.94091,-1.94758,0.117771
303,3.53736,-3.59758,1.94436,-1.95102,0.117832
304,3.44547,-3.50596,1.94739,-1.95404,0.117918
305,3.44547,-3.50596,1.94842,-1.95507,0.118017
306,3.35634,-3.41711,1.94949,-1.95614,0.118113
307,3.35634,-3.41711,1.94896,-1.95561,0.118201
308,3.55961,-3.62117,1.9487,-1.95536,0.118274
309,3.55961,-3.62117,1.95238,-1.95905,0.118344
310,3.46075,-3.52259,1.95561,-1.96229,0.11844
311,3.46075,-3.52259,1.9567,-1.9634,0.118549
312,3.37435,-3.43645,1.95786,-1.96457,0.118655
313,3.37435,-3.43645,1.95746,-1.96419,0.118753
314,3.58087,-3.64372,1.95734,-1.96408,0.118835
315,3.58087,-3.64372,1.9612,-1.96797,0.118915
316,3.49417,-3.55727,1.96462,-1.97141,0.119021
317,3.49417,-3.55727,1.96611,-1.97292,0.119142
318,3.41007,-3.46382,1.96762,-1.97445,0.119261
319,3.41007,-3.46382,1.9676,-1.97427,0.119374
320,3.61947,-3.67414,1.96782,-1.97436,0.119472
321,3.61947,-3.67414,1.97206,-1.97851,0.119568
322,3.52535,-3.59,1.97582,-1.9822,0.119692
323,3.52535,-3.59,1.97751,-1.984,0.119831
324,3.44348,-3.50834,1.97922,-1.98581,0.119968
325,3.44348,-3.50834,1.97945,-1.98612,0.120099
326,3.65581,-3.72137,1.97991,-1.98667,0.120216
327,3.65581,-3.72137,1.98446,-1.99128,0.120333
328,3.56375,-3.62951,1.98851,-1.9954,0.120478
329,3.56375,-3.62951,1.99053,-1.99747,0.120638
330,3.48384,-3.5498,1.99257,-1.99955,0.120796
331,3.48384,-3.5498,1.99315,-2.00017,0.120949
332,3.69896,-3.7656,1.99396,-2.00102,0.121088
333,3.69896,-3.7656,1.99888,-2.00598,0.121227
334,3.60869,-3.67548,2.00331,-2.01044,0.121395
335,3.60869,-3.67548,2.00572,-2.01289,0.121579
336,3.53048,-3.58783,2.00814,-2.01532,0.121761
337,3.53048,-3.58783,2.00911,-2.01615,0.121938
338,3.74827,-3.80647,2.01031,-2.01722,0.122101
339,3.74827,-3.80647,2.01566,-2.02248,0.122264
340,3.65953,-3.72762,2.02049,-2.02723,0.122456
341,3.65953,-3.72762,2.02332,-2.03018,0.122664
342,3.57314,-3.64133,2.02614,-2.0331,0.122872
343,3.57314,-3.64133,2.02736,-2.0344,0.123075
344,3.79367,-3.8625,2.02882,-2.03593,0.123264
345,3.79367,-3.8625,2.03449,-2.04167,0.123453
346,3.71595,-3.7753,2.03965,-2.04689,0.123672
347,3.71595,-3.7753,2.04301,-2.05013,0.123907
348,3.63067,-3.69032,2.04633,-2.05335,0.124142
349,3.63067,-3.69032,2.04806,-2.05499,0.124374
350,3.85366,-3.91411,2.05,-2.05686,0.12459
351,3.85366,-3.91411,2.05617,-2.06299,0.124808
352,3.76732,-3.82803,2.06181,-2.0686,0.125055
353,3.76732,-3.82803,2.06549,-2.07225,0.125319
354,3.6831,-3.74407,2.06913,-2.07587,0.125584
355,3.6831,-3.74407,2.07121,-2.07793,0.125843
356,3.90864,-3.97039,2.0735,-2.08022,0.126089
357,3.90864,-3.97039,2.08008,-2.0868,0.126335
358,3.82317,-3.88517,2.08612,-2.09285,0.126611
359,3.82317,-3.88517,2.09021,-2.09694,0.126904
360,3.73971,-3.80197,2.09426,-2.101,0.127197
361,3.73971,-3.80197,2.09675,-2.1035,0.127486
362,3.96772,-4.03073,2.09946,-2.10622,0.127761
363,3.96772,-4.03073,2.10649,-2.11327,0.128037
364,3.87328,-3.93653,2.11297,-2.11977,0.128343
365,3.87328,-3.93653,2.11733,-2.12415,0.128666
366,3.79053,-3.85401,2.12167,-2.12851,0.128988
367,3.79053,-3.85401,2.12449,-2.13134,0.129305
368,4.02112,-4.08533,2.12752,-2.13438,0.129608
369,4.02112,-4.08533,2.13493,-2.14182,0.12991
370,3.92723,-3.99164,2.14179,-2.1487,0.130244
371,3.92723,-3.99164,2.14653,-2.15346,0.130594
372,3.84493,-3.90955,2.15126,-2.1582,0.130943
373,3.84493,-3.90955,2.15445,-2.16142,0.131288
374,4.07804,-4.14335,2.15787,-2.16485,0.131617
375,4.07804,-4.14335,2.1657,-2.1727,0.131948
376,3.98446,-4.04996,2.17297,-2.17999,0.132309
377,3.98446,-4.04996,2.17812,-2.18516,0.132687
378,3.89281,-3.95848,2.18325,-2.19031,0.133065
379,3.89281,-3.95848,2.18667,-2.19375,0.133437
380,4.12856,-4.19491,2.19034,-2.19743,0.133793
381,4.12856,-4.19491,2.19848,-2.2056,0.134149
382,4.03526,-4.10176,2.20607,-2.2132,0.134535
383,4.03526,-4.10176,2.21155,-2.2187,0.134938
384,3.94379,-4.01043,2.217,-2.22416,0.135341
385,3.94379,-4.01043,2.22075,-2.22794,0.135737
386,4.18212,-4.24942,2.22475,-2.23194,0.136118
387,4.18212,-4.24942,2.23326,-2.24048,0.136498
388,4.08888,-4.15631,2.24121,-2.24845,0.136909
389,4.08888,-4.15631,2.24705,-2.2543,0.137337
390,3.9974,-4.05536,2.25285,-2.26012,0.137765
391,3.9974,-4.05536,2.25696,-2.26407,0.138186
392,4.23826,-4.29705,2.2613,-2.26828,0.138591
393,4.23826,-4.29705,2.2702,-2.27708,0.138995
394,4.1353,-4.20396,2.27852,-2.28532,0.139429
395,4.1353,-4.20396,2.28455,-2.29146,0.139881
396,4.0438,-4.10296,2.29056,-2.29756,0.140331
397,4.0438,-4.10296,2.29489,-2.30179,0.140774
398,4.28732,-4.3473,2.29946,-2.30629,0.1412
399,4.28732,-4.3473,2.30865,-2.31542,0.141625
400,4.18421,-4.24447,2.31725,-2.32399,0.142081
401,4.18421,-4.24447,2.32356,-2.33026,0.142554
402,4.08291,-4.14344,2.32985,-2.33653,0.143024
403,4.08291,-4.14344,2.33428,-2.34094,0.143487
404,4.32925,-4.39057,2.33899,-2.34563,0.143932
405,4.32925,-4.39057,2.34837,-2.35501,0.144374
406,4.226,-4.2876,2.35717,-2.36382,0.144848
407,4.226,-4.2876,2.36368,-2.37034,0.145338
408,4.12452,-4.18638,2.37018,-2.37684,0.145825
409,4.12452,-4.18638,2.37482,-2.38149,0.146305
410,4.37363,-4.43626,2.37974,-2.38641,0.146766
411,4.37363,-4.43626,2.38937,-2.39607,0.147226
412,4.26053,-4.3234,2.39843,-2.40515,0.147717
413,4.26053,-4.3234,2.40501,-2.41175,0.148223
414,4.15893,-4.22205,2.41161,-2.41836,0.148726
415,4.15893,-4.22205,2.41636,-2.42313,0.14922
416,4.41095,-4.47481,2.4214,-2.42818,0.149695
417,4.41095,-4.47481,2.43122,-2.43802,0.150168
418,4.29762,-4.3617,2.44046,-2.44728,0.150672
419,4.29762,-4.3617,2.44722,-2.45406,0.151192
420,4.18618,-4.25047,2.45399,-2.46085,0.151707
421,4.18618,-4.25047,2.45875,-2.46562,0.152215
422,4.44126,-4.50626,2.46381,-2.4707,0.1527
423,4.44126,-4.50626,2.47373,-2.48064,0.153183
424,4.32779,-4.39298,2.48307,-2.49,0.153696
425,4.32779,-4.39298,2.48993,-2.49689,0.154225
426,4.21617,-4.28154,2.49681,-2.50378,0.15475
427,4.21617,-4.28154,2.50167,-2.50866,0.155266
428,4.47425,-4.54031,2.50684,-2.51385,0.15576
429,4.47425,-4.54031,2.51692,-2.52395,0.156252
430,4.36053,-4.41716,2.52642,-2.53346,0.156774
431,4.36053,-4.41716,2.53342,-2.54032,0.157312
432,4.23905,-4.30562,2.54044,-2.54721,0.157846
433,4.23905,-4.30562,2.54526,-2.5521,0.158369
434,4.50027,-4.56751,2.55041,-2.55731,0.15887
435,4.50027,-4.56751,2.56054,-2.5675,0.159367
436,4.3768,-4.44416,2.57009,-2.5771,0.159896
437,4.3768,-4.44416,2.57698,-2.58404,0.160439
438,4.25533,-4.32283,2.58392,-2.59101,0.160977
439,4.25533,-4.32283,2.58868,-2.5958,0.161505
440,4.51982,-4.58797,2.59379,-2.60094,0.162008
441,4.51982,-4.58797,2.60394,-2.61113,0.162507
442,4.39629,-4.46455,2.61352,-2.62073,0.163037
443,4.39629,-4.46455,2.62044,-2.62768,0.163582
444,4.27477,-4.34314,2.6274,-2.63466,0.164122
445,4.27477,-4.34314,2.63218,-2.63946,0.164651
446,4.54248,-4.61147,2.63731,-2.64461,0.165155
447,4.54248,-4.61147,2.64755,-2.65487,0.165656
448,4.41883,-4.47832,2.65719,-2.66453,0.166188
449,4.41883,-4.47832,2.66416,-2.67135,0.166735
450,4.28761,-4.35696,2.67118,-2.67824,0.167276
451,4.28761,-4.35696,2.67584,-2.68296,0.167806
452,4.55866,-4.62862,2.68087,-2.68806,0.168311
453,4.55866,-4.62862,2.69107,-2.69832,0.168811
454,4.42544,-4.49544,2.70069,-2.70798,0.169342
455,4.42544,-4.49544,2.70747,-2.71481,0.169888
456,4.304,-4.36448,2.71432,-2.72169,0.170428
457,4.304,-4.36448,2.71902,-2.72624,0.170955
458,4.57832,-4.63959,2.72408,-2.73118,0.171457
459,4.57832,-4.63959,2.73435,-2.74137,0.171954
460,4.44504,-4.50654,2.74401,-2.75096,0.172483
461,4.44504,-4.50654,2.75084,-2.75773,0.173027
462,4.30439,-4.36612,2.75771,-2.76456,0.173564
463,4.30439,-4.36612,2.76208,-2.7689,0.174089
464,4.5823,-4.6448,2.76686,-2.77365,0.174587
465,4.5823,-4.6448,2.77695,-2.78373,0.175078
466,4.44929,-4.51201,2.78645,-2.79322,0.1756
467,4.44929,-4.51201,2.79313,-2.79989,0.176137
468,4.30892,-4.37187,2.79987,-2.80663,0.176667
469,4.30892,-4.37187,2.80411,-2.81087,0.177184
470,4.59034,-4.65404,2.80878,-2.81554,0.177674
471,4.59034,-4.65404,2.81881,-2.82558,0.178157
472,4.45758,-4.52149,2.82824,-2.83503,0.178673
473,4.45758,-4.52149,2.83486,-2.84166,0.179203
474,4.31748,-4.38161,2.84153,-2.84834,0.179727
475,4.31748,-4.38161,2.84572,-2.85254,0.180239
476,4.60233,-4.66718,2.85032,-2.85715,0.180723
477,4.60233,-4.66718,2.86034,-2.8672,0.181201
478,4.4602,-4.51566,2.86976,-2.87664,0.181712
479,4.4602,-4.51566,2.87619,-2.8829,0.182238
480,4.31094,-4.37636,2.88269,-2.88928,0.182755
481,4.31094,-4.37636,2.88655,-2.89322,0.183258
482,4.59952,-4.66563,2.89087,-2.89759,0.183733
483,4.59952,-4.66563,2.90069,-2.90748,0.1842
484,4.45794,-4.52421,2.90992,-2.91676,0.184699
485,4.45794,-4.52421,2.91618,-2.92306,0.185214
486,4.30925,-4.37569,2.92251,-2.92943,0.185721
487,4.30925,-4.37569,2.92623,-2.93318,0.186214
488,4.60146,-4.66858,2.9304,-2.93738,0.186678
489,4.60146,-4.66858,2.94014,-2.94716,0.187135
490,4.46042,-4.51809,2.94928,-2.95633,0.187625
491,4.46042,-4.51809,2.95544,-2.96235,0.18813
492,4.31229,-4.37029,2.96169,-2.96847,0.188626
493,4.31229,-4.37029,2.96532,-2.972,0.189109
494,4.60804,-4.66688,2.96939,-2.97599,0.189563
495,4.60804,-4.66688,2.97908,-2.98564,0.190009
496,4.45792,-4.51706,2.98816,-2.99468,0.190489
497,4.45792,-4.51706,2.9941,-3.00058,0.190984
498,4.3105,-4.36995,3.00013,-3.00658,0.191471
499,4.3105,-4.36995,3.00357,-3.01001,0.191943
500,4.60989,-4.66995,3.00746,-3.01389,0.192386
501,4.60989,-4.66995,3.01705,-3.02347,0.192823
502,4.45083,-4.52098,3.02601,-3.03244,0.193293
503,4.45083,-4.52098,3.03167,-3.03828,0.193778
504,4.30428,-4.36495,3.03745,-3.04421,0.194255
505,4.30428,-4.36495,3.04068,-3.04739,0.194717
506,4.60427,-4.66495,3.04437,-3.05105,0.195149
507,4.60427,-4.66495,3.05377,-3.06042,0.195574
508,4.44913,-4.52047,3.06256,-3.06918,0.196032
509,4.44913,-4.52047,3.06812,-3.0749,0.196506
510,4.29383,-4.36524,3.07378,-3.08071,0.196971
511,4.29383,-4.36524,3.07674,-3.08378,0.197422
512,4.59383,-4.66524,3.08018,-3.08732,0.197843
513,4.59383,-4.66524,3.08934,-3.09657,0.198255
514,4.45306,-4.51552,3.0979,-3.10519,0.198701
515,4.45306,-4.51552,3.1035,-3.11069,0.199163
516,4.29856,-4.36125,3.10918,-3.11628,0.199617
517,4.29856,-4.36125,3.11214,-3.11917,0.200058
518,4.59856,-4.66125,3.11555,-3.12253,0.200468
519,4.59856,-4.66125,3.12467,-3.1316,0.200871
520,4.4429,-4.51611,3.13317,-3.14006,0.201307
521,4.4429,-4.51611,3.13844,-3.14548,0.20176
522,4.28955,-4.35318,3.14382,-3.15099,0.202203
523,4.28955,-4.35318,3.14652,-3.15363,0.202633
524,4.58955,-4.65318,3.1497,-3.15676,0.203031
525,4.58955,-4.65318,3.1586,-3.16561,0.203421
526,4.44831,-4.51285,3.16688,-3.17386,0.203845
527,4.44831,-4.51285,3.1722,-3.17916,0.204284
528,4.28627,-4.35099,3.1776,-3.18454,0.204717
529,4.28627,-4.35099,3.18014,-3.18708,0.205135
530,4.58627,-4.65099,3.18316,-3.19009,0.205523
531,4.58627,-4.65099,3.19189,-3.19882,0.205903
532,4.44015,-4.50575,3.20002,-3.20694,0.206316
533,4.44015,-4.50575,3.2051,-3.21203,0.206745
534,4.27935,-4.34512,3.21027,-3.21721,0.207166
535,4.27935,-4.34512,3.21262,-3.21958,0.207573
536,4.57935,-4.64512,3.21546,-3.22243,0.207948
537,4.57935,-4.64512,3.22401,-3.23099,0.208316
538,4.43815,-4.50475,3.23197,-3.23894,0.208717
539,4.43815,-4.50475,3.23696,-3.24395,0.209134
540,4.27854,-4.34529,3.24203,-3.24904,0.209544
541,4.27854,-4.34529,3.2443,-3.25133,0.20994
542,4.57854,-4.64529,3.24705,-3.2541,0.210306
543,4.57854,-4.64529,3.2555,-3.26256,0.210665
544,4.44208,-4.50964,3.26335,-3.27041,0.211056
545,4.44208,-4.50964,3.26832,-3.2754,0.211464
546,4.28362,-4.3417,3.27336,-3.28046,0.211866
547,4.28362,-4.3417,3.27561,-3.28255,0.212255
548,4.58361,-4.6417,3.27832,-3.28514,0.212614
549,4.58361,-4.6417,3.28672,-3.29343,0.212965
550,4.44214,-4.51095,3.29451,-3.30113,0.21335
551,4.44214,-4.51095,3.29933,-3.30606,0.21375
552,4.28492,-4.34424,3.30422,-3.31106,0.214145
553,4.28492,-4.34424,3.30635,-3.3131,0.214526
554,4.58492,-4.64424,3.30896,-3.31563,0.214878
555,4.58492,-4.64424,3.31725,-3.32386,0.215222
556,4.44819,-4.50861,3.32493,-3.33149,0.215599
557,4.44819,-4.50861,3.32973,-3.33627,0.215993
558,4.28255,-4.34326,3.33459,-3.34111,0.21638
559,4.28255,-4.34326,3.33654,-3.34304,0.216755
560,4.58255,-4.64326,3.33897,-3.34547,0.217099
561,4.58255,-4.64326,3.34709,-3.35358,0.217435
562,4.45074,-4.51251,3.35462,-3.3611,0.217805
563,4.45074,-4.51251,3.35936,-3.36586,0.21819
564,4.28638,-4.34843,3.36416,-3.37067,0.21857
565,4.28638,-4.34843,3.36606,-3.37258,0.218938
566,4.58638,-4.64843,3.36844,-3.37497,0.219276
567,4.58638,-4.64843,3.3765,-3.38304,0.219607
568,4.45932,-4.52238,3.38396,-3.39052,0.21997
569,4.45932,-4.52238,3.38873,-3.3953,0.220351
570,4.28658,-4.35948,3.39353,-3.40013,0.220727
571,4.28658,-4.35948,3.39529,-3.40207,0.221091
572,4.58658,-4.65948,3.39753,-3.40448,0.221425
573,4.58658,-4.65948,3.40547,-3.41255,0.221752
574,4.46443,-4.52833,3.41282,-3.42001,0.222111
575,4.46443,-4.52833,3.41758,-3.4247,0.222488
576,4.30258,-4.3667,3.42236,-3.42942,0.22286
577,4.30258,-4.3667,3.42428,-3.4313,0.22322
578,4.60258,-4.6667,3.42666,-3.43365,0.223552
579,4.60258,-4.6667,3.43471,-3.44166,0.223876
580,4.47517,-4.54018,3.44214,-3.44907,0.224234
581,4.47517,-4.54018,3.44687,-3.45379,0.22461
582,4.30495,-4.37013,3.45163,-3.45854,0.22498
583,4.30495,-4.37013,3.45338,-3.46029,0.22534
584,4.60495,-4.67013,3.45561,-3.46253,0.225668
585,4.60495,-4.67013,3.46352,-3.47044,0.225989
586,4.48238,-4.54842,3.47084,-3.47775,0.226343
587,4.48238,-4.54842,3.47555,-3.48247,0.226715
588,4.31343,-4.37962,3.48028,-3.48722,0.227082
589,4.31343,-4.37962,3.48203,-3.48898,0.227437
590,4.61343,-4.67962,3.48425,-3.49121,0.227763
591,4.61343,-4.67962,3.49214,-3.49911,0.228082
592,4.49549,-4.5625,3.49944,-3.50642,0.228433
593,4.49549,-4.5625,3.5042,-3.5112,0.228802
594,4.32772,-4.39487,3.50899,-3.516,0.229168
595,4.32772,-4.39487,3.51079,-3.51782,0.229523
596,4.62772,-4.69487,3.51306,-3.52011,0.229849
597,4.62772,-4.69487,3.52099,-3.52805,0.230168
598,4.5142,-4.57255,3.52832,-3.53538,0.230521
599,4.5142,-4.57255,3.5332,-3.54011,0.230891
600,4.33791,-4.40616,3.53807,-3.54486,0.231258
601,4.33791,-4.40616,3.53981,-3.54667,0.231614
602,4.63791,-4.70616,3.54202,-3.54895,0.231941
603,4.63791,-4.70616,3.54991,-3.55688,0.23226
604,4.52895,-4.58835,3.55719,-3.56421,0.232612
605,4.52895,-4.58835,3.56212,-3.56901,0.232982
606,4.3538,-4.41349,3.56703,-3.57382,0.23335
607,4.3538,-4.41349,3.56882,-3.57553,0.233707
608,4.6538,-4.71349,3.57109,-3.57773,0.234033
609,4.6538,-4.71349,3.57901,-3.58559,0.234353
610,4.53958,-4.60994,3.58633,-3.59287,0.234705
611,4.53958,-4.60994,3.59119,-3.59788,0.235075
612,4.36564,-4.43608,3.59605,-3.60286,0.235444
613,4.36564,-4.43608,3.59782,-3.60474,0.235802
614,4.66564,-4.73608,3.60007,-3.60708,0.236131
615,4.66564,-4.73608,3.60798,-3.61506,0.236452
616,4.5559,-4.62701,3.6153,-3.62244,0.236807
617,4.5559,-4.62701,3.62024,-3.62744,0.23718
618,4.38306,-4.44465,3.62518,-3.63243,0.237551
619,4.38306,-4.44465,3.62704,-3.63417,0.237911
620,4.68306,-4.74465,3.62937,-3.63639,0.238242
621,4.68306,-4.74465,3.63735,-3.64428,0.238565
622,4.57758,-4.64016,3.64472,-3.65159,0.238921
623,4.57758,-4.64016,3.64979,-3.65661,0.239295
624,4.39612,-4.4685,3.65484,-3.66162,0.239668
625,4.39612,-4.4685,3.65664,-3.66357,0.240031
626,4.69612,-4.7685,3.65893,-3.66598,0.240364
627,4.69612,-4.7685,3.66688,-3.67403,0.24069
628,4.59505,-4.65843,3.67423,-3.68146,0.241049
629,4.59505,-4.65843,3.67937,-3.68651,0.241426
630,4.41463,-4.48781,3.68448,-3.69155,0.241802
631,4.41463,-4.48781,3.68637,-3.69355,0.242168
632,4.71463,-4.78781,3.68874,-3.696,0.242505
633,4.71463,-4.78781,3.69675,-3.70409,0.242834
634,4.61774,-4.68186,3.70417,-3.71157,0.243197
635,4.61774,-4.68186,3.70945,-3.71674,0.243578
636,4.43823,-4.50254,3.71468,-3.72188,0.243959
637,4.43823,-4.50254,3.7167,-3.72383,0.24433
638,4.73823,-4.80254,3.71919,-3.72626,0.244671
639,4.73823,-4.80254,3.72731,-3.73433,0.245005
640,4.63571,-4.70089,3.73482,-3.7418,0.245372
641,4.63571,-4.70089,3.74009,-3.74705,0.245757
642,4.45718,-4.52251,3.74533,-3.75227,0.246142
643,4.45718,-4.52251,3.74738,-3.75431,0.246517
644,4.75718,-4.82251,3.74989,-3.75682,0.246862
645,4.75718,-4.82251,3.75805,-3.76497,0.2472
646,4.65874,-4.72492,3.7656,-3.77251,0.247571
647,4.65874,-4.72492,3.77098,-3.7779,0.24796
648,4.47147,-4.5378,3.77632,-3.78325,0.24835
649,4.47147,-4.5378,3.77831,-3.78525,0.24873
650,4.77146,-4.8378,3.7808,-3.78774,0.249079
651,4.77146,-4.8378,3.78892,-3.79587,0.24942
652,4.67728,-4.74443,3.79646,-3.80341,0.249793
653,4.67728,-4.74443,3.80191,-3.80888,0.250184
654,4.49092,-4.5582,3.80731,-3.8143,0.250576
655,4.49092,-4.5582,3.80938,-3.81638,0.250959
656,4.79092,-4.8582,3.81193,-3.81895,0.251311
657,4.79092,-4.8582,3.82012,-3.82714,0.251656
658,4.70077,-4.76883,3.82772,-3.83475,0.252033
659,4.70077,-4.76883,3.8333,-3.84035,0.252428
660,4.51521,-4.58339,3.83881,-3.84588,0.252825
661,4.51521,-4.58339,3.84101,-3.84809,0.253213
662,4.81521,-4.88339,3.84368,-3.85078,0.253571
663,4.81521,-4.88339,3.85197,-3.85908,0.253922
664,4.7193,-4.78822,3.85967,-3.86679,0.254305
665,4.7193,-4.78822,3.86525,-3.87238,0.254707
666,4.53461,-4.60361,3.87078,-3.87793,0.255109
667,4.53461,-4.60361,3.87301,-3.88018,0.255501
668,4.83461,-4.90361,3.87572,-3.8829,0.255864
669,4.83461,-4.90361,3.88405,-3.89125,0.256219
670,4.74267,-4.80278,3.8918,-3.899,0.256607
671,4.74267,-4.80278,3.89749,-3.90454,0.257012
672,4.5587,-4.61908,3.90313,-3.91005,0.257418
673,4.5587,-4.61908,3.90547,-3.9123,0.257814
674,4.8587,-4.91908,3.90828,-3.91502,0.25818
675,4.8587,-4.91908,3.9167,-3.92338,0.258539
676,4.76095,-4.83194,3.92453,-3.93114,0.25893
677,4.76095,-4.83194,3.9302,-3.93695,0.25934
678,4.57779,-4.63926,3.93582,-3.94269,0.25975
679,4.57779,-4.63926,3.93818,-3.94498,0.260151
680,4.87779,-4.93926,3.94101,-3.94775,0.260521
681,4.87779,-4.93926,3.94946,-3.95615,0.260884
682,4.78395,-4.84645,3.95732,-3.96396,0.261279
683,4.78395,-4.84645,3.96309,-3.96972,0.261692
684,4.5919,-4.66422,3.9688,-3.97542,0.262106
685,4.5919,-4.66422,3.9711,-3.97788,0.26251
686,4.89189,-4.96422,3.97388,-3.98079,0.262884
687,4.89189,-4.96422,3.98229,-3.98932,0.263251
688,4.80217,-4.87509,3.99012,-3.99724,0.263649
689,4.80217,-4.87509,3.99595,-4.00316,0.264066
690,4.61088,-4.67426,4.00173,-4.00901,0.264483
691,4.61088,-4.67426,4.0041,-4.01127,0.264892
692,4.91088,-4.97426,4.00695,-4.01403,0.265269
693,4.91088,-4.97426,4.01542,-4.02243,0.265637
694,4.82507,-4.88937,4.02331,-4.03025,0.266037
695,4.82507,-4.88937,4.02926,-4.03617,0.266455
696,4.63445,-4.69893,4.03514,-4.04201,0.266874
697,4.63445,-4.69893,4.03761,-4.04446,0.267285
698,4.93445,-4.99893,4.04056,-4.04739,0.267666
699,4.93445,-4.99893,4.04911,-4.05593,0.268038
700,4.84276,-4.90812,4.05707,-4.06388,0.268443
701,4.84276,-4.90812,4.06299,-4.0698,0.268865
702,4.65288,-4.71842,4.06886,-4.07567,0.269289
703,4.65288,-4.71842,4.07134,-4.07816,0.269703
704,4.95288,-5.01842,4.0743,-4.08113,0.270087
705,4.95288,-5.01842,4.08287,-4.0897,0.270463
706,4.86506,-4.93145,4.09086,-4.09769,0.27087
707,4.86506,-4.93145,4.09687,-4.10372,0.271296
708,4.66622,-4.73277,4.10282,-4.10969,0.271723
709,4.66622,-4.73277,4.10523,-4.11211,0.272141
710,4.96622,-5.03277,4.10814,-4.11503,0.272527
711,4.96622,-5.03277,4.11667,-4.12357,0.272904
712,4.88247,-4.94983,4.12461,-4.13152,0.273313
713,4.88247,-4.94983,4.13068,-4.13761,0.27374
714,4.68434,-4.75184,4.13667,-4.14361,0.274168
715,4.68434,-4.75184,4.13913,-4.14609,0.274587
716,4.98434,-5.05184,4.14208,-4.14906,0.274975
717,4.98434,-5.05184,4.15064,-4.15763,0.275354
718,4.90446,-4.97273,4.15863,-4.16562,0.275765
719,4.90446,-4.97273,4.16479,-4.17181,0.276194
720,4.70694,-4.76574,4.17088,-4.17791,0.276625
721,4.70694,-4.76574,4.17343,-4.18031,0.277047
722,5.00694,-5.06574,4.17647,-4.18323,0.277438
723,5.00694,-5.06574,4.18511,-4.19176,0.27782
724,4.92117,-4.99066,4.19316,-4.19973,0.278233
725,4.92117,-4.99066,4.19929,-4.20597,0.278664
726,4.72435,-4.78435,4.20534,-4.21211,0.279098
727,4.72435,-4.78435,4.20789,-4.21458,0.279522
728,5.02435,-5.08435,4.21093,-4.21755,0.279915
729,5.02435,-5.08435,4.21957,-4.22612,0.280299
730,4.94242,-5.00351,4.22763,-4.23413,0.280714
731,4.94242,-5.00351,4.23383,-4.24031,0.281147
732,4.73661,-4.79797,4.23995,-4.24641,0.281582
733,4.73661,-4.79797,4.24241,-4.24886,0.282008
734,5.03661,-5.09797,4.24537,-4.25181,0.282401
735,5.03661,-5.09797,4.25395,-4.26038,0.282785
736,4.95875,-5.02114,4.26195,-4.26837,0.2832
737,4.95875,-5.02114,4.26818,-4.27461,0.283633
738,4.75361,-4.81627,4.27432,-4.28076,0.284068
739,4.75361,-4.81627,4.27681,-4.28326,0.284494
740,5.05361,-5.11627,4.2798,-4.28627,0.284888
741,5.05361,-5.11627,4.2884,-4.29487,0.285273
742,4.97962,-5.04328,4.29642,-4.3029,0.285689
743,4.97962,-5.04328,4.30274,-4.30924,0.286124
744,4.76551,-4.82941,4.30895,-4.31548,0.286561
745,4.76551,-4.82941,4.31136,-4.3179,0.286989
746,5.06551,-5.12941,4.31428,-4.32085,0.287385
747,5.06551,-5.12941,4.32282,-4.3294,0.28777
748,4.99559,-5.06043,4.3308,-4.33738,0.288186
749,4.99559,-5.06043,4.33715,-4.34376,0.28862
750,4.78216,-4.84722,4.34339,-4.35002,0.289057
751,4.78216,-4.84722,4.34583,-4.35248,0.289486
752,5.08216,-5.14722,4.34879,-4.35546,0.289882
753,5.08216,-5.14722,4.35735,-4.36404,0.290268
754,5.00654,-5.07249,4.36535,-4.37204,0.290685
755,5.00654,-5.07249,4.37162,-4.37834,0.29112
756,4.79391,-4.86004,4.3778,-4.38454,0.291557
757,4.79391,-4.86004,4.3802,-4.38696,0.291985
758,5.09391,-5.16004,4.38313,-4.38991,0.29238
759,5.09391,-5.16004,4.39166,-4.39845,0.292766
760,5.02237,-5.08934,4.39962,-4.40643,0.293181
761,5.02237,-5.08934,4.40594,-4.41277,0.293615
762,4.81044,-4.87757,4.41215,-4.419,0.294051
763,4.81044,-4.87757,4.4146,-4.42146,0.294479
764,5.11044,-5.17757,4.41756,-4.42444,0.294875
765,5.11044,-5.17757,4.42611,-4.43301,0.29526
766,5.03321,-5.10113,4.4341,-4.44101,0.295676
767,5.03321,-5.10113,4.44034,-4.44727,0.29611
768,4.82208,-4.89013,4.44649,-4.45344,0.296546
769,4.82208,-4.89013,4.44889,-4.45586,0.296974
770,5.12208,-5.19014,4.45182,-4.4588,0.297368
771,5.12208,-5.19014,4.46034,-4.46733,0.297752
772,5.04893,-5.11774,4.4683,-4.4753,0.298167
773,5.04893,-5.11774,4.47458,-4.4816,0.2986
774,4.82894,-4.89784,4.48076,-4.4878,0.299035
775,4.82894,-4.89784,4.48305,-4.4901,0.299462
776,5.12894,-5.19784,4.48587,-4.49294,0.299854
777,5.12894,-5.19784,4.49429,-4.50137,0.300236
778,5.06008,-5.12969,4.50216,-4.50925,0.300648
779,5.06008,-5.12969,4.50844,-4.51554,0.301077
780,4.84089,-4.91058,4.51461,-4.52173,0.301509
781,4.84089,-4.91058,4.51689,-4.52403,0.301933
782,5.14089,-5.21058,4.51971,-4.52686,0.302323
783,5.14089,-5.21058,4.52812,-4.53528,0.302703
784,5.07614,-5.1465,4.53597,-4.54314,0.303112
785,5.07614,-5.1465,4.5423,-4.54949,0.30354
786,4.85769,-4.91852,4.54852,-4.55572,0.303971
787,4.85769,-4.91852,4.55085,-4.5579,0.304395
788,5.15769,-5.21852,4.5537,-4.56063,0.304784
789,5.15769,-5.21852,4.56214,-4.56895,0.305162
790,5.09687,-5.15871,4.57002,-4.57674,0.305571
791,5.09687,-5.15871,4.57643,-4.5831,0.305997
792,4.86948,-4.93155,4.58271,-4.58933,0.306428
793,4.86948,-4.93155,4.58495,-4.59153,0.306851
794,5.16948,-5.23155,4.58772,-4.59428,0.30724
795,5.16948,-5.23155,4.59608,-4.60262,0.307618
796,5.10317,-5.16624,4.60389,-4.61041,0.308025
797,5.10317,-5.16624,4.61016,-4.61667,0.30845
798,4.87669,-4.94959,4.61631,-4.62282,0.308878
799,4.87669,-4.94959,4.61845,-4.62513,0.309298
800,5.17669,-5.24959,4.62114,-4.62797,0.309685
801,5.17669,-5.24959,4.62943,-4.63637,0.31006
802,5.11469,-5.18817,4.63717,-4.64421,0.310466
803,5.11469,-5.18817,4.64344,-4.65057,0.310889
804,4.88907,-4.95298,4.64961,-4.65681,0.311317
805,4.88907,-4.95298,4.65177,-4.65887,0.311737
806,5.18907,-5.25298,4.65448,-4.66149,0.312121
807,5.18907,-5.25298,4.66277,-4.66971,0.312495
808,5.1312,-5.19602,4.67051,-4.67739,0.312897
809,5.1312,-5.19602,4.67685,-4.6837,0.313318
810,4.90635,-4.97134,4.68306,-4.68988,0.313743
811,4.90635,-4.97134,4.68528,-4.69208,0.31416
812,5.20635,-5.27134,4.68802,-4.6948,0.314544
813,5.20635,-5.27134,4.69634,-4.70311,0.314917
814,5.14283,-5.20869,4.7041,-4.71086,0.31532
815,5.14283,-5.20869,4.71037,-4.71713,0.315741
816,4.91884,-4.97528,4.71651,-4.72328,0.316166
817,4.91884,-4.97528,4.71869,-4.7253,0.316583
818,5.21884,-5.27528,4.7214,-4.72788,0.316965
819,5.21884,-5.27528,4.72969,-4.73605,0.317336
820,5.15944,-5.22669,4.73742,-4.74368,0.317737
821,5.15944,-5.22669,4.74372,-4.7501,0.318155
822,4.92661,-4.99402,4.74989,-4.75636,0.318578
823,4.92661,-4.99402,4.75194,-4.75849,0.318994
824,5.22661,-5.29401,4.75454,-4.76115,0.319376
825,5.22661,-5.29401,4.76273,-4.76939,0.319746
826,5.17154,-5.23975,4.77037,-4.77709,0.320145
827,5.17154,-5.23975,4.77668,-4.78344,0.320563
828,4.93957,-4.99835,4.78286,-4.78966,0.320985
829,4.93957,-4.99835,4.78492,-4.7916,0.3214
830,5.23957,-5.29835,4.78753,-4.7941,0.32178
831,5.23957,-5.29835,4.79572,-4.8022,0.322147
832,5.18864,-5.24854,4.80336,-4.80977,0.322544
833,5.18864,-5.24854,4.80973,-4.81609,0.322959
834,4.94787,-5.01766,4.81595,-4.82228,0.323379
835,4.94787,-5.01766,4.8179,-4.82437,0.323792
836,5.24787,-5.31766,4.82041,-4.827,0.32417
837,5.24787,-5.31766,4.8285,-4.83519,0.324536
838,5.20127,-5.26217,4.83607,-4.84284,0.324932
839,5.20127,-5.26217,4.84245,-4.84913,0.325346
840,4.96137,-5.02257,4.84867,-4.85528,0.325765
841,4.96137,-5.02257,4.85064,-4.85719,0.326177
842,5.26137,-5.32257,4.85317,-4.85967,0.326553
843,5.26137,-5.32257,4.86127,-4.86774,0.326918
844,5.2093,-5.27154,4.86883,-4.87527,0.327311
845,5.2093,-5.27154,4.8751,-4.88153,0.327722
846,4.97039,-5.04248,4.88124,-4.88766,0.328139
847,4.97039,-5.04248,4.88315,-4.88973,0.328548
848,5.27039,-5.34248,4.88562,-4.89234,0.328922
849,5.27039,-5.34248,4.89366,-4.9005,0.329285
850,5.22264,-5.28577,4.90117,-4.9081,0.329677
851,5.22264,-5.28577,4.90748,-4.91434,0.330087
852,4.98462,-5.0479,4.91364,-4.92043,0.330503
853,4.98462,-5.0479,4.91559,-4.92233,0.330911
854,5.28462,-5.3479,4.91809,-4.92478,0.331284
855,5.28462,-5.3479,4.92615,-4.93281,0.331646
856,5.2209,-5.18522,4.93367,-4.9403,0.332036
857,5.2209,-5.18522,4.93971,-4.94461,0.332441
858,4.9209,-4.88522,4.94563,-4.94909,0.332842
859,4.9209,-4.88522,4.94627,-4.94853,0.333225
860,5.2209,-5.18522,4.94762,-4.94889,0.333559
861,5.2209,-5.18522,4.95463,-4.95507,0.333871
862,5.05478,-5.02022,4.96116,-4.96092,0.334205
863,5.05478,-5.02022,4.96449,-4.96369,0.334545
864,4.75478,-4.72022,4.968,-4.96674,0.33487
865,4.75478,-4.72022,4.96646,-4.96482,0.33517
866,5.05478,-5.02022,4.96582,-4.96385,0.335414
867,5.05478,-5.02022,4.97096,-4.96873,0.335632
868,4.88448,-4.85169,4.97574,-4.97329,0.335869
869,4.88448,-4.85169,4.97731,-4.97471,0.336111
870,4.58448,-4.55169,4.97914,-4.97641,0.336336
871,4.58448,-4.55169,4.97599,-4.97316,0.336534
872,4.88448,-4.85169,4.97378,-4.97085,0.336676
873,4.88448,-4.85169,4.97739,-4.97439,0.336792
874,4.72142,-4.70041,4.98066,-4.9776,0.336926
875,4.72142,-4.70041,4.98088,-4.97797,0.337066
876,4.42939,-4.40041,4.98136,-4.97858,0.337191
877,4.42939,-4.40041,4.97701,-4.9742,0.33729
878,4.72939,-4.70041,4.97357,-4.97073,0.337335
879,4.72939,-4.70041,4.97595,-4.97309,0.337356
880,4.57594,-4.54738,4.97799,-4.97511,0.337396
881,4.57594,-4.54738,4.97714,-4.97425,0.337443
882,4.27707,-4.2493,4.97653,-4.97364,0.337476
883,4.27707,-4.2493,4.97094,-4.96805,0.337485
884,4.57707,-4.5493,4.96628,-4.9634,0.337439
885,4.57707,-4.5493,4.96744,-4.96456,0.33737
886,4.42978,-4.40332,4.96826,-4.96539,0.33732
887,4.42978,-4.40332,4.96631,-4.96347,0.337278
888,4.13423,-4.10851,4.96459,-4.96176,0.337224
889,4.13423,-4.10851,4.95793,-4.95514,0.337146
890,4.43423,-4.40851,4.95219,-4.94942,0.337016
891,4.43423,-4.40851,4.95227,-4.94952,0.336862
892,4.29326,-4.26878,4.95201,-4.94928,0.336729
893,4.29326,-4.26878,4.94908,-4.94638,0.336605
894,4.00137,-3.97759,4.94635,-4.94369,0.33647
895,4.00137,-3.97759,4.93875,-4.93613,0.336313
896,4.30137,-4.27759,4.93205,-4.92945,0.336105
897,4.30137,-4.27759,4.93115,-4.92859,0.335874
898,4.16681,-4.15376,4.92991,-4.92737,0.335666
899,4.16681,-4.15376,4.92611,-4.92376,0.335467
900,3.88842,-3.86624,4.9225,-4.92032,0.335259
901,3.88842,-3.86624,4.91423,-4.91203,0.335032
902,4.18842,-4.16624,4.90681,-4.9046,0.334756
903,4.18842,-4.16624,4.90518,-4.90296,0.33446
904,4.05994,-4.03882,4.90318,-4.90095,0.334187
905,4.05994,-4.03882,4.8987,-4.89648,0.333925
906,3.78547,-3.76494,4.89439,-4.89218,0.333655
907,3.78547,-3.76494,4.88547,-4.88327,0.333367
908,4.08547,-4.06494,4.87737,-4.87519,0.333032
909,4.08547,-4.06494,4.87505,-4.87288,0.332678
910,3.96303,-3.95308,4.87235,-4.87019,0.332349
911,3.96303,-3.95308,4.86727,-4.8653,0.332032
912,3.69262,-3.67344,4.86233,-4.86052,0.331709
913,3.69262,-3.67344,4.85284,-4.851,0.33137
914,3.99262,-3.97344,4.84416,-4.8423,0.330985
915,3.99262,-3.97344,4.84124,-4.83936,0.330582
916,3.88571,-3.86746,4.83793,-4.83603,0.330204
917,3.88571,-3.86746,4.83251,-4.83061,0.32984
918,3.61927,-3.60153,4.82718,-4.82529,0.329472
919,3.61927,-3.60153,4.81733,-4.81545,0.329089
920,3.91927,-3.90153,4.80825,-4.80638,0.328663
921,3.91927,-3.90153,4.80492,-4.80305,0.328221
922,3.81781,-3.80092,4.80118,-4.79932,0.327805
923,3.81781,-3.80092,4.79541,-4.79357,0.327404
924,3.55536,-3.54853,4.78971,-4.78789,0.327001
925,3.55536,-3.54853,4.77954,-4.7779,0.326584
926,3.85536,-3.84853,4.77012,-4.76864,0.326127
927,3.85536,-3.84853,4.76644,-4.76509,0.325655
928,3.76876,-3.75275,4.76234,-4.7611,0.325211
929,3.76876,-3.75275,4.75647,-4.75516,0.324782
930,3.5101,-3.50413,4.75063,-4.74926,0.324354
931,3.5101,-3.50413,4.74034,-4.7391,0.323915
932,3.8101,-3.80413,4.73078,-4.72964,0.323436
933,3.8101,-3.80413,4.72693,-4.72588,0.322943
934,3.72818,-3.71295,4.72266,-4.72168,0.32248
935,3.72818,-3.71295,4.71667,-4.71559,0.322033
936,3.48286,-3.46803,4.71069,-4.70953,0.321587
937,3.48286,-3.46803,4.70048,-4.69926,0.321131
938,3.78286,-3.76803,4.69095,-4.68967,0.320638
939,3.78286,-3.76803,4.6871,-4.68578,0.320133
940,3.70498,-3.69081,4.6828,-4.68145,0.319658
941,3.70498,-3.69081,4.67683,-4.67546,0.3192
942,3.46311,-3.4589,4.67085,-4.66946,0.318746
943,3.46311,-3.4589,4.66067,-4.65944,0.318283
944,3.76311,-3.7589,4.65115,-4.65005,0.317785
945,3.76311,-3.7589,4.64731,-4.64632,0.317277
946,3.689,-3.68506,4.64301,-4.64211,0.3168
947,3.689,-3.68506,4.6371,-4.63629,0.316342
948,3.46003,-3.44667,4.63116,-4.63042,0.315888
949,3.46003,-3.44667,4.62125,-4.6204,0.315427
950,3.76003,-3.74667,4.61195,-4.61101,0.314931
951,3.76003,-3.74667,4.60831,-4.60729,0.314427
952,3.69862,-3.68586,4.60417,-4.6031,0.313953
953,3.69862,-3.68586,4.59863,-4.59751,0.313499
954,3.46284,-3.45998,4.59302,-4.59187,0.313052
955,3.46284,-3.45998,4.58326,-4.58225,0.3126
956,3.76284,-3.75998,4.57412,-4.57323,0.312115
957,3.76284,-3.75998,4.57063,-4.56984,0.311621
958,3.70423,-3.70156,4.56665,-4.56594,0.31116
959,3.70423,-3.70156,4.56132,-4.56068,0.310719
960,3.48078,-3.47824,4.5559,-4.55533,0.310286
961,3.48078,-3.47824,4.54655,-4.54603,0.309848
962,3.78078,-3.77824,4.53778,-4.5373,0.309379
963,3.78078,-3.77824,4.53464,-4.5342,0.308903
964,3.73388,-3.72191,4.531,-4.53058,0.308459
965,3.73388,-3.72191,4.52618,-4.52563,0.308037
966,3.51262,-3.51052,4.52124,-4.52057,0.307624
967,3.51262,-3.51052,4.51237,-4.51177,0.307208
968,3.81262,-3.81052,4.50404,-4.50351,0.306762
969,3.81262,-3.81052,4.50133,-4.50085,0.306311
970,3.76716,-3.75558,4.49809,-4.49765,0.305893
971,3.76716,-3.75558,4.49369,-4.49313,0.305497
972,3.54782,-3.5461,4.48916,-4.48849,0.305111
973,3.54782,-3.5461,4.48072,-4.48013,0.304722
974,3.84782,-3.8461,4.47282,-4.4723,0.304304
975,3.84782,-3.8461,4.47052,-4.47006,0.30388
976,3.80344,-3.80182,4.46769,-4.46728,0.303491
977,3.80344,-3.80182,4.46372,-4.46334,0.303124
978,3.59535,-3.59381,4.4596,-4.45926,0.302768
979,3.59535,-3.59381,4.45177,-4.45146,0.30241
980,3.89535,-3.89381,4.44444,-4.44415,0.302024
981,3.89535,-3.89381,4.4427,-4.44243,0.301634
982,3.85141,-3.84995,4.4404,-4.44016,0.301279
983,3.85141,-3.84995,4.43696,-4.43673,0.300946
984,3.64457,-3.64317,4.43336,-4.43314,0.300625
985,3.64457,-3.64317,4.42605,-4.42585,0.300302
986,3.94457,-3.94317,4.41924,-4.41904,0.299952
987,3.94457,-3.94317,4.41801,-4.41782,0.299597
988,3.90073,-3.89942,4.41622,-4.41604,0.299278
989,3.90073,-3.89942,4.41328,-4.4131,0.298981
990,3.70446,-3.6936,4.41018,-4.41001,0.298696
991,3.70446,-3.6936,4.40354,-4.40322,0.298409
992,4.00446,-3.9936,4.39737,-4.39691,0.298096
993,4.00446,-3.9936,4.39676,-4.39619,0.297779
994,3.96011,-3.95928,4.39558,-4.39491,0.297497
995,3.96011,-3.95928,4.39321,-4.39264,0.297239
996,3.76436,-3.75398,4.39067,-4.39018,0.296993
997,3.76436,-3.75398,4.3846,-4.38401,0.296745
998,4.06436,-4.05398,4.37899,-4.37832,0.296473
999,4.06436,-4.05398,4.37893,-4.37819,0.296196
1000,4.01921,-4.01889,4.3783,-4.3775,0.295955
1001,4.01921,-4.01889,4.36668,-4.36603,0.296316
1002,3.82374,-3.82346,4.35805,-4.35752,0.2965
1003,3.82374,-3.82346,4.34805,-4.34762,0.296555
1004,4.12374,-4.12346,4.34001,-4.33965,0.296495
1005,4.12374,-4.12346,4.33849,-4.3382,0.296375
1006,4.08722,-4.07742,4.33696,-4.33672,0.296256
1007,4.08722,-4.07742,4.33479,-4.33443,0.296136
1008,3.89286,-3.88331,4.33273,-4.33227,0.296011
1009,3.89286,-3.88331,4.32737,-4.32683,0.29587
1010,4.19286,-4.18331,4.32265,-4.32204,0.295693
1011,4.19286,-4.18331,4.32357,-4.32291,0.295507
1012,4.15658,-4.14743,4.32387,-4.32317,0.295358
1013,4.15658,-4.14743,4.32313,-4.3224,0.295232
1014,3.96268,-3.95374,4.32222,-4.32147,0.295117
1015,3.96268,-3.95374,4.31783,-4.31707,0.294998
1016,4.26268,-4.25375,4.31396,-4.31319,0.29485
1017,4.26268,-4.25375,4.31564,-4.31487,0.294698
1018,4.22473,-4.22579,4.31666,-4.31587,0.294587
1019,4.22473,-4.22579,4.31656,-4.31594,0.294501
1020,4.03025,-4.03133,4.31627,-4.31579,0.294427
1021,4.03025,-4.03133,4.31248,-4.31211,0.294352
1022,4.33025,-4.33133,4.3092,-4.30892,0.294248
1023,4.33025,-4.33133,4.31148,-4.31127,0.29414
1024,4.2902,-4.29131,4.31308,-4.31293,0.294073
1025,4.2902,-4.29131,4.31354,-4.31343,0.294032
1026,4.10443,-4.09596,4.31381,-4.31374,0.294002
1027,4.10443,-4.09596,4.31073,-4.31053,0.293969
1028,4.40443,-4.39596,4.30814,-4.30783,0.293907
1029,4.40443,-4.39596,4.31108,-4.31068,0.293842
1030,4.36175,-4.36323,4.31332,-4.31285,0.293818
1031,4.36175,-4.36323,4.31436,-4.314,0.293819
1032,4.16513,-4.16658,4.31521,-4.31495,0.293831
1033,4.16513,-4.16658,4.31252,-4.31233,0.293841
1034,4.46513,-4.46658,4.31034,-4.31022,0.29382
1035,4.46513,-4.46658,4.31373,-4.31365,0.293796
1036,4.42965,-4.42149,4.31643,-4.3164,0.293812
1037,4.42965,-4.42149,4.31807,-4.3179,0.293853
1038,4.23155,-4.22358,4.3195,-4.31922,0.293905
1039,4.23155,-4.22358,4.31736,-4.31699,0.293953
1040,4.53155,-4.52358,4.31572,-4.31529,0.29397
1041,4.53155,-4.52358,4.31964,-4.31915,0.293983
1042,4.48365,-4.48559,4.32287,-4.32233,0.294036
1043,4.48365,-4.48559,4.3248,-4.3244,0.294113
1044,4.28415,-4.28608,4.32657,-4.32628,0.2942
1045,4.28415,-4.28608,4.32476,-4.32456,0.294283
1046,4.58415,-4.58608,4.32348,-4.32336,0.294335
1047,4.58415,-4.58608,4.32777,-4.3277,0.294382
1048,4.53371,-4.5356,4.33139,-4.33137,0.294469
1049,4.53371,-4.5356,4.33368,-4.3337,0.294579
1050,4.34226,-4.33454,4.33582,-4.33586,0.294697
1051,4.34226,-4.33454,4.33453,-4.33443,0.294811
1052,4.64226,-4.63454,4.33375,-4.33354,0.294893
1053,4.64226,-4.63454,4.33851,-4.33821,0.29497
1054,4.5889,-4.58148,4.34259,-4.34221,0.295086
1055,4.5889,-4.58148,4.34528,-4.34484,0.295226
1056,4.38605,-4.37879,4.34781,-4.34733,0.295373
1057,4.38605,-4.37879,4.34672,-4.3462,0.295515
1058,4.68605,-4.67879,4.34617,-4.34563,0.295624
1059,4.68605,-4.67879,4.35118,-4.35062,0.295727
1060,4.63014,-4.63279,4.35553,-4.35495,0.295868
1061,4.63014,-4.63279,4.35845,-4.35803,0.296032
1062,4.42557,-4.4282,4.36124,-4.36094,0.296204
1063,4.42557,-4.4282,4.36038,-4.36019,0.296371
1064,4.72557,-4.7282,4.36009,-4.35997,0.296504
1065,4.72557,-4.7282,4.36536,-4.36532,0.29663
1066,4.66714,-4.66971,4.36998,-4.36999,0.296795
1067,4.66714,-4.66971,4.37314,-4.3732,0.296983
1068,4.46083,-4.45376,4.37618,-4.37626,0.297176
1069,4.46083,-4.45376,4.37555,-4.3755,0.297363
1070,4.76083,-4.75376,4.37548,-4.37532,0.297514
1071,4.76083,-4.75376,4.38099,-4.38074,0.297658
1072,4.69992,-4.69315,4.38584,-4.38551,0.297839
1073,4.69992,-4.69315,4.38919,-4.3888,0.298042
1074,4.48223,-4.48517,4.39241,-4.39198,0.298251
1075,4.48223,-4.48517,4.39177,-4.39148,0.298451
1076,4.78223,-4.78517,4.39174,-4.39155,0.298616
1077,4.78223,-4.78517,4.3973,-4.3972,0.298773
1078,4.71932,-4.72216,4.40223,-4.4022,0.298966
1079,4.71932,-4.72216,4.40563,-4.40565,0.299181
1080,4.50961,-4.50283,4.40893,-4.409,0.299401
1081,4.50961,-4.50283,4.40852,-4.40846,0.299612
1082,4.80961,-4.80282,4.4087,-4.40853,0.299788
1083,4.80961,-4.80282,4.41446,-4.41421,0.299954
1084,4.7348,-4.73787,4.41958,-4.41925,0.300158
1085,4.7348,-4.73787,4.42295,-4.42274,0.300382
1086,4.52354,-4.52656,4.42624,-4.42613,0.30061
1087,4.52354,-4.52656,4.42583,-4.42579,0.300828
1088,4.82354,-4.82656,4.42601,-4.42603,0.30101
1089,4.82354,-4.82656,4.4318,-4.43187,0.301184
1090,4.74689,-4.7498,4.43695,-4.43706,0.301395
1091,4.74689,-4.7498,4.44034,-4.44047,0.301625
1092,4.53407,-4.52736,4.44366,-4.44382,0.301858
1093,4.53407,-4.52736,4.44325,-4.44327,0.302081
1094,4.83407,-4.82736,4.44346,-4.44335,0.302266
1095,4.83407,-4.82736,4.44926,-4.44906,0.302441
1096,4.7557,-4.75884,4.45443,-4.45415,0.302651
1097,4.7557,-4.75884,4.4578,-4.45763,0.302882
1098,4.53183,-4.5349,4.46111,-4.46103,0.303116
1099,4.53183,-4.5349,4.46051,-4.46049,0.303338
1100,4.83183,-4.8349,4.46055,-4.46059,0.303522
1101,4.83183,-4.8349,4.46622,-4.46631,0.303696
1102,4.75224,-4.7552,4.47127,-4.4714,0.303905
1103,4.75224,-4.7552,4.47453,-4.47468,0.304133
1104,4.53673,-4.53005,4.47774,-4.47791,0.304362
1105,4.53673,-4.53005,4.47719,-4.47721,0.304581
1106,4.83673,-4.83005,4.47726,-4.47717,0.30476
1107,4.83673,-4.83005,4.48294,-4.48275,0.304929
1108,4.75568,-4.74925,4.488,-4.48772,0.305134
1109,4.75568,-4.74925,4.49121,-4.49088,0.305358
1110,4.52926,-4.52295,4.49438,-4.494,0.305582
1111,4.52926,-4.52295,4.4936,-4.49318,0.305796
1112,4.82926,-4.82295,4.49347,-4.49303,0.305969
1113,4.82926,-4.82295,4.49897,-4.4985,0.306131
1114,4.74725,-4.74121,4.50386,-4.50337,0.306328
1115,4.74725,-4.74121,4.50691,-4.50641,0.306544
1116,4.51017,-4.51386,4.50992,-4.50941,0.30676
1117,4.51017,-4.51386,4.50881,-4.50846,0.306965
1118,4.81017,-4.81386,4.50839,-4.50817,0.307128
1119,4.81017,-4.81386,4.51363,-4.51351,0.307279
1120,4.72773,-4.7313,4.51827,-4.51824,0.307465
1121,4.72773,-4.7313,4.52109,-4.52113,0.307669
1122,4.49946,-4.503,4.52389,-4.52398,0.307873
1123,4.49946,-4.503,4.52272,-4.52286,0.308066
1124,4.79946,-4.803,4.52223,-4.5224,0.308217
1125,4.79946,-4.803,4.52738,-4.52758,0.308358
1126,4.71634,-4.71015,4.53192,-4.53215,0.308533
1127,4.71634,-4.71015,4.53463,-4.5347,0.308726
1128,4.47767,-4.4812,4.5373,-4.53725,0.308919
1129,4.47767,-4.4812,4.53582,-4.53585,0.309098
1130,4.77767,-4.7812,4.53505,-4.53513,0.309236
1131,4.77767,-4.7812,4.53994,-4.54006,0.309362
1132,4.69439,-4.68817,4.54423,-4.54439,0.309521
1133,4.69439,-4.68817,4.54669,-4.54671,0.309699
1134,4.45516,-4.45866,4.54912,-4.54903,0.309876
1135,4.45516,-4.45866,4.5474,-4.54739,0.31004
1136,4.75516,-4.75866,4.5464,-4.54645,0.310161
1137,4.75516,-4.75866,4.55105,-4.55115,0.310271
1138,4.67181,-4.66558,4.55511,-4.55525,0.310414
1139,4.67181,-4.66558,4.55734,-4.55735,0.310575
1140,4.43216,-4.43563,4.55955,-4.55945,0.310735
1141,4.43216,-4.43563,4.5576,-4.55758,0.310883
1142,4.73216,-4.73563,4.55636,-4.55641,0.310988
1143,4.73216,-4.73563,4.56079,-4.56088,0.311081
1144,4.6489,-4.64265,4.56462,-4.56476,0.311207
1145,4.6489,-4.64265,4.56663,-4.56663,0.311352
1146,4.40892,-4.41238,4.56862,-4.56851,0.311496
1147,4.40892,-4.41238,4.56644,-4.56642,0.311627
1148,4.70892,-4.71238,4.56498,-4.56502,0.311716
1149,4.70892,-4.71238,4.56918,-4.56928,0.311792
1150,4.61626,-4.61959,4.5728,-4.57294,0.311902
1151,4.61626,-4.61959,4.57442,-4.57459,0.312031
1152,4.38585,-4.37953,4.57606,-4.57625,0.312157
1153,4.38585,-4.37953,4.57373,-4.57377,0.312271
1154,4.68585,-4.67953,4.57209,-4.57202,0.312341
1155,4.68585,-4.67953,4.5761,-4.57593,0.312399
1156,4.59349,-4.58742,4.57952,-4.57927,0.312491
1157,4.59349,-4.58742,4.58094,-4.58063,0.312601
1158,4.35338,-4.35701,4.58236,-4.58201,0.312709
1159,4.35338,-4.35701,4.57964,-4.57942,0.312804
1160,4.65338,-4.65701,4.57765,-4.57754,0.312857
1161,4.65338,-4.65701,4.58133,-4.5813,0.312897
1162,4.5618,-4.5653,4.58443,-4.58446,0.31297
1163,4.5618,-4.5653,4.58556,-4.58565,0.313062
1164,4.32187,-4.32532,4.58671,-4.58684,0.313153
1165,4.32187,-4.32532,4.58372,-4.58389,0.31323
1166,4.62187,-4.62532,4.58147,-4.58166,0.313263
1167,4.62187,-4.62532,4.58488,-4.5851,0.313284
1168,4.54073,-4.53445,4.58772,-4.58796,0.313338
1169,4.54073,-4.53445,4.58878,-4.58886,0.313411
1170,4.30089,-4.29473,4.58981,-4.58977,0.313483
1171,4.30089,-4.29473,4.58669,-4.58655,0.313542
1172,4.60089,-4.59473,4.58428,-4.58407,0.313558
1173,4.60089,-4.59473,4.58753,-4.58725,0.313562
1174,4.51074,-4.50479,4.5902,-4.58986,0.3136
1175,4.51074,-4.50479,4.59091,-4.59053,0.313656
1176,4.27128,-4.27504,4.59162,-4.59122,0.31371
1177,4.27128,-4.27504,4.58821,-4.58795,0.313752
1178,4.57128,-4.57504,4.58552,-4.58537,0.313752
1179,4.57128,-4.57504,4.5885,-4.58844,0.313739
1180,4.4821,-4.48574,4.5909,-4.59092,0.313761
1181,4.4821,-4.48574,4.59138,-4.59146,0.313801
1182,4.24307,-4.24666,4.59187,-4.59199,0.313841
1183,4.24307,-4.24666,4.58824,-4.5884,0.313867
1184,4.54307,-4.54666,4.58533,-4.58553,0.313851
1185,4.54307,-4.54666,4.5881,-4.58832,0.313822
1186,4.45494,-4.45839,4.59029,-4.59053,0.313827
1187,4.45494,-4.45839,4.59057,-4.59083,0.313851
1188,4.21645,-4.21982,4.59086,-4.59112,0.313874
1189,4.21645,-4.21982,4.58703,-4.58731,0.313884
1190,4.51645,-4.51982,4.58393,-4.58421,0.313851
1191,4.51645,-4.51982,4.58649,-4.58678,0.313807
1192,4.4294,-4.43263,4.58848,-4.58877,0.313796
1193,4.4294,-4.43263,4.58858,-4.58887,0.313804
1194,4.20109,-4.19464,4.58868,-4.58897,0.313811
1195,4.20109,-4.19464,4.58483,-4.58496,0.313806
1196,4.50109,-4.49464,4.58168,-4.58167,0.31376
1197,4.50109,-4.49464,4.58417,-4.58405,0.313702
1198,4.41478,-4.40857,4.58606,-4.58585,0.313678
1199,4.41478,-4.40857,4.58606,-4.58578,0.313674
1200,4.17732,-4.17122,4.58605,-4.58572,0.313669
1201,4.17732,-4.17122,4.58193,-4.58156,0.313652
1202,4.47732,-4.47122,4.57853,-4.57812,0.313594
1203,4.47732,-4.47122,4.58078,-4.58034,0.313523
1204,4.39213,-4.39588,4.58245,-4.58199,0.313487
1205,4.39213,-4.39588,4.58225,-4.58195,0.313469
1206,4.15533,-4.15905,4.58206,-4.58187,0.313453
1207,4.15533,-4.15905,4.57777,-4.57768,0.313425
1208,4.45533,-4.45905,4.5742,-4.57419,0.313356
1209,4.45533,-4.45905,4.57629,-4.57635,0.313276
1210,4.37127,-4.37486,4.57781,-4.57792,0.31323
1211,4.37127,-4.37486,4.57748,-4.57764,0.313202
1212,4.13521,-4.13873,4.57715,-4.57734,0.313176
1213,4.13521,-4.13873,4.57275,-4.57296,0.313137
1214,4.43521,-4.43873,4.56905,-4.56928,0.313057
1215,4.43521,-4.43873,4.57102,-4.57127,0.312966
1216,4.36186,-4.35566,4.5724,-4.57266,0.312909
1217,4.36186,-4.35566,4.57213,-4.57224,0.312871
1218,4.12635,-4.12026,4.57182,-4.5718,0.312835
1219,4.12635,-4.12026,4.56741,-4.56729,0.312788
1220,4.42635,-4.42026,4.56369,-4.56349,0.3127
1221,4.42635,-4.42026,4.56562,-4.56535,0.312601
1222,4.34417,-4.34788,4.56696,-4.56663,0.312536
1223,4.34417,-4.34788,4.56648,-4.56628,0.312492
1224,4.1094,-4.11306,4.56598,-4.56588,0.312449
1225,4.1094,-4.11306,4.56141,-4.5614,0.312395
1226,4.4094,-4.41306,4.55755,-4.5576,0.312301
1227,4.4094,-4.41306,4.55934,-4.55945,0.312195
1228,4.33789,-4.33183,4.56056,-4.56071,0.312125
1229,4.33789,-4.33183,4.56015,-4.56016,0.312074
1230,4.10369,-4.09776,4.55969,-4.5596,0.312026
1231,4.10369,-4.09776,4.55515,-4.55498,0.311966
1232,4.40369,-4.39776,4.5513,-4.55106,0.311867
1233,4.40369,-4.39776,4.55309,-4.55279,0.311756
1234,4.32327,-4.32718,4.55429,-4.55395,0.311681
1235,4.32327,-4.32718,4.5537,-4.55349,0.311626
1236,4.09944,-4.09369,4.55309,-4.55298,0.311573
1237,4.09944,-4.09369,4.54859,-4.54841,0.311509
1238,4.39944,-4.39369,4.54476,-4.54451,0.311406
1239,4.39944,-4.39369,4.54657,-4.54626,0.311294
1240,4.31967,-4.32376,4.54777,-4.54743,0.311217
1241,4.31967,-4.32376,4.54719,-4.54698,0.311159
1242,4.08679,-4.09083,4.54658,-4.54648,0.311105
1243,4.08679,-4.09083,4.54192,-4.54191,0.311041
1244,4.38679,-4.39083,4.53797,-4.53803,0.310936
1245,4.38679,-4.39083,4.53966,-4.53978,0.310821
1246,4.31761,-4.31191,4.54077,-4.54094,0.310742
1247,4.31761,-4.31191,4.54029,-4.54033,0.310682
1248,4.08527,-4.08928,4.53975,-4.53968,0.310625
1249,4.08527,-4.08928,4.53516,-4.53518,0.310559
1250,4.38527,-4.38928,4.53125,-4.53133,0.310453
1251,4.38527,-4.38928,4.53298,-4.53312,0.310338
1252,4.31666,-4.31091,4.53412,-4.5343,0.310258
1253,4.31666,-4.31091,4.53367,-4.53371,0.310198
1254,4.08485,-4.08882,4.53316,-4.5331,0.310142
1255,4.08485,-4.08882,4.5286,-4.52862,0.310076
1256,4.38485,-4.38882,4.52472,-4.5248,0.309971
1257,4.38485,-4.38882,4.52647,-4.52661,0.309857
1258,4.31675,-4.31096,4.52763,-4.52781,0.309779
1259,4.31675,-4.31096,4.52722,-4.52726,0.30972
1260,4.08544,-4.08935,4.52673,-4.52667,0.309666
1261,4.08544,-4.08935,4.52221,-4.52223,0.309601
1262,4.38544,-4.38935,4.51836,-4.51844,0.309498
1263,4.38544,-4.38935,4.52014,-4.52028,0.309385
1264,4.31781,-4.32158,4.52133,-4.52151,0.309309
1265,4.31781,-4.32158,4.52095,-4.52116,0.309253
1266,4.08696,-4.09064,4.52051,-4.52074,0.309201
1267,4.08696,-4.09064,4.51603,-4.51628,0.30914
1268,4.38696,-4.39065,4.51222,-4.51249,0.30904
1269,4.38696,-4.39065,4.51405,-4.51433,0.30893
1270,4.31973,-4.32326,4.51528,-4.51557,0.308856
1271,4.31973,-4.32326,4.51495,-4.51525,0.308803
1272,4.09891,-4.09274,4.51455,-4.51485,0.308754
1273,4.09891,-4.09274,4.51029,-4.51043,0.308696
1274,4.39891,-4.39274,4.50666,-4.50667,0.3086
1275,4.39891,-4.39274,4.50865,-4.50855,0.308494
1276,4.32211,-4.32572,4.51003,-4.50984,0.308425
1277,4.32211,-4.32572,4.50966,-4.50956,0.308377
1278,4.10167,-4.10519,4.50924,-4.50922,0.308332
1279,4.10167,-4.10519,4.50497,-4.50503,0.308278
1280,4.40167,-4.40519,4.50136,-4.50146,0.308187
1281,4.40167,-4.40519,4.50337,-4.50352,0.308086
1282,4.33473,-4.3381,4.50478,-4.50495,0.308023
1283,4.33473,-4.3381,4.50461,-4.50481,0.30798
1284,4.11442,-4.10815,4.50438,-4.5046,0.307942
1285,4.11442,-4.10815,4.50028,-4.50035,0.307895
1286,4.41442,-4.40815,4.49682,-4.49677,0.307811
1287,4.41442,-4.40815,4.49898,-4.49883,0.307717
1288,4.33777,-4.34135,4.50051,-4.50028,0.307659
1289,4.33777,-4.34135,4.5003,-4.50018,0.307623
1290,4.11778,-4.12126,4.50004,-4.5,0.30759
1291,4.11778,-4.12126,4.49595,-4.49598,0.307547
1292,4.41778,-4.42126,4.4925,-4.49258,0.307468
1293,4.41778,-4.42126,4.49468,-4.4948,0.30738
1294,4.35095,-4.35429,4.49624,-4.49641,0.307328
1295,4.35095,-4.35429,4.49624,-4.49643,0.307297
1296,4.13101,-4.12469,4.49617,-4.49638,0.307271
1297,4.13101,-4.12469,4.49224,-4.49231,0.307236
1298,4.43101,-4.42469,4.48895,-4.48889,0.307163
1299,4.43101,-4.42469,4.49127,-4.49111,0.307082
1300,4.36394,-4.35788,4.49297,-4.49273,0.307036
1301,4.36394,-4.35788,4.49309,-4.49279,0.307012
1302,4.13444,-4.13806,4.49313,-4.49278,0.306992
1303,4.13444,-4.13806,4.48914,-4.48892,0.306963
1304,4.43443,-4.43806,4.48581,-4.4857,0.306896
1305,4.43443,-4.43806,4.48812,-4.48809,0.306821
1306,4.36753,-4.37099,4.48983,-4.48987,0.306781
1307,4.36753,-4.37099,4.48997,-4.49006,0.306763
1308,4.1478,-4.15121,4.49004,-4.49017,0.306749
1309,4.1478,-4.15121,4.48626,-4.48643,0.306726
1310,4.4478,-4.45121,4.48312,-4.48332,0.306666
1311,4.4478,-4.45121,4.4856,-4.48582,0.306598
1312,4.38056,-4.38384,4.48746,-4.4877,0.306566
1313,4.38056,-4.38384,4.48774,-4.48799,0.306556
1314,4.1608,-4.16399,4.48795,-4.4882,0.30655
1315,4.1608,-4.16399,4.4843,-4.48456,0.306536
1316,4.4608,-4.46399,4.48129,-4.48155,0.306484
1317,4.4608,-4.46399,4.48389,-4.48416,0.306424
1318,4.39324,-4.39627,4.48587,-4.48614,0.306401
1319,4.39324,-4.39627,4.48626,-4.48654,0.306399
1320,4.17335,-4.16673,4.48658,-4.48685,0.306401
1321,4.17335,-4.16673,4.48304,-4.48315,0.306394
1322,4.47335,-4.46673,4.48013,-4.4801,0.30635
1323,4.47335,-4.46673,4.48283,-4.4827,0.306296
1324,4.40543,-4.39904,4.48491,-4.48469,0.306279
1325,4.40543,-4.39904,4.48539,-4.4851,0.306282
1326,4.18539,-4.17914,4.4858,-4.48545,0.306289
1327,4.18539,-4.17914,4.48234,-4.48195,0.306288
1328,4.48539,-4.47914,4.47951,-4.47908,0.30625
1329,4.48539,-4.47914,4.48229,-4.48184,0.306203
1330,4.41705,-4.41105,4.48445,-4.48398,0.306192
1331,4.41705,-4.41105,4.48501,-4.48452,0.306203
1332,4.18726,-4.191,4.48549,-4.48499,0.306217
1333,4.18726,-4.191,4.48195,-4.48161,0.306223
1334,4.48726,-4.491,4.47906,-4.47885,0.306191
1335,4.48726,-4.491,4.48182,-4.48171,0.306149
1336,4.4189,-4.42252,4.48397,-4.48395,0.306144
1337,4.4189,-4.42252,4.48453,-4.48458,0.306159
1338,4.1987,-4.20227,4.48503,-4.48513,0.306178
1339,4.1987,-4.20227,4.48167,-4.48182,0.306188
1340,4.4987,-4.50227,4.47896,-4.47913,0.306162
1341,4.4987,-4.50227,4.48186,-4.48206,0.306126
1342,4.4299,-4.43335,4.48415,-4.48437,0.306127
1343,4.4299,-4.43335,4.48483,-4.48507,0.306148
1344,4.2095,-4.21287,4.48544,-4.48569,0.306174
1345,4.2095,-4.21287,4.48218,-4.48245,0.30619
1346,4.5095,-4.51287,4.47956,-4.47984,0.30617
1347,4.5095,-4.51287,4.48256,-4.48284,0.306141
1348,4.44028,-4.4435,4.48494,-4.48523,0.306148
1349,4.44028,-4.4435,4.48571,-4.486,0.306175
1350,4.21963,-4.22277,4.4864,-4.48669,0.306207
1351,4.21963,-4.22277,4.48323,-4.48352,0.30623
1352,4.51963,-4.52277,4.48069,-4.48098,0.306216
1353,4.51963,-4.52277,4.48377,-4.48406,0.306192
1354,4.44997,-4.45295,4.48623,-4.48652,0.306205
1355,4.44997,-4.45295,4.48707,-4.48735,0.306239
1356,4.22904,-4.23197,4.48783,-4.48811,0.306276
1357,4.22904,-4.23197,4.48473,-4.485,0.306305
1358,4.52904,-4.53197,4.48226,-4.48253,0.306296
1359,4.52904,-4.53197,4.4854,-4.48568,0.306278
1360,4.4589,-4.45211,4.48793,-4.48821,0.306296
1361,4.4589,-4.45211,4.48883,-4.48894,0.306334
1362,4.23771,-4.23102,4.48966,-4.48963,0.306376
1363,4.23771,-4.23102,4.48661,-4.48647,0.306408
1364,4.53771,-4.53102,4.48419,-4.48396,0.306402
1365,4.53771,-4.53102,4.48739,-4.48709,0.306386
1366,4.46711,-4.46067,4.48997,-4.48961,0.306407
1367,4.46711,-4.46067,4.4909,-4.4905,0.306448
1368,4.2456,-4.23931,4.49176,-4.49133,0.306493
1369,4.2456,-4.23931,4.48875,-4.48828,0.306528
1370,4.5456,-4.53931,4.48636,-4.48588,0.306526
1371,4.5456,-4.53931,4.4896,-4.4891,0.306514
1372,4.46494,-4.4685,4.49222,-4.4917,0.306539
1373,4.46494,-4.4685,4.49302,-4.49267,0.306584
1374,4.24334,-4.24687,4.49379,-4.49356,0.306632
1375,4.24334,-4.24687,4.4907,-4.49058,0.30667
1376,4.54334,-4.54687,4.48826,-4.48823,0.306669
1377,4.54334,-4.54687,4.49146,-4.49149,0.30666
1378,4.4722,-4.47561,4.49405,-4.49414,0.306686
1379,4.4722,-4.47561,4.495,-4.49513,0.306732
1380,4.25029,-4.25365,4.49589,-4.49605,0.306782
1381,4.25029,-4.25365,4.4929,-4.49309,0.306823
1382,4.55029,-4.55365,4.49056,-4.49077,0.306826
1383,4.55029,-4.55365,4.49383,-4.49406,0.306819
1384,4.47874,-4.48197,4.49649,-4.49674,0.306849
1385,4.47874,-4.48197,4.4975,-4.49776,0.306899
1386,4.25655,-4.25012,4.49845,-4.49871,0.306952
1387,4.25655,-4.25012,4.49551,-4.49561,0.306995
1388,4.55655,-4.55012,4.49321,-4.49318,0.307
1389,4.55655,-4.55012,4.49653,-4.4964,0.306995
1390,4.48455,-4.47836,4.49923,-4.49901,0.307026
1391,4.48455,-4.47836,4.50027,-4.49998,0.307076
1392,4.25246,-4.25595,4.50123,-4.5009,0.30713
1393,4.25246,-4.25595,4.49814,-4.49793,0.307174
1394,4.55246,-4.55595,4.49572,-4.49561,0.307179
1395,4.55246,-4.55595,4.49894,-4.49891,0.307174
1396,4.48045,-4.48382,4.50156,-4.5016,0.307205
1397,4.48045,-4.48382,4.50253,-4.50262,0.307255
1398,4.25782,-4.26113,4.50345,-4.50358,0.307309
1399,4.25782,-4.26113,4.50048,-4.50064,0.307353
1400,4.55782,-4.56113,4.49816,-4.49835,0.307359
1401,4.55782,-4.56113,4.50146,-4.50167,0.307355
1402,4.48541,-4.479,4.50415,-4.50438,0.307388
1403,4.48541,-4.479,4.50518,-4.50525,0.30744
1404,4.26251,-4.25622,4.50614,-4.50609,0.307495
1405,4.26251,-4.25622,4.50321,-4.50306,0.307539
1406,4.56251,-4.55622,4.50092,-4.50069,0.307545
1407,4.56251,-4.55622,4.50424,-4.50395,0.307541
1408,4.48013,-4.48366,4.50695,-4.50661,0.307573
1409,4.48013,-4.48366,4.50782,-4.5076,0.307625
1410,4.25713,-4.2606,4.50866,-4.50854,0.30768
1411,4.25713,-4.2606,4.50562,-4.50558,0.307723
1412,4.55713,-4.5606,4.50324,-4.50327,0.307729
1413,4.55713,-4.5606,4.50649,-4.50657,0.307724
1414,4.48435,-4.48769,4.50914,-4.50927,0.307755
1415,4.48435,-4.48769,4.51012,-4.51028,0.307806
1416,4.26108,-4.25477,4.51104,-4.51123,0.307861
1417,4.26108,-4.25477,4.50807,-4.50812,0.307905
1418,4.56108,-4.55477,4.50575,-4.50568,0.30791
1419,4.56108,-4.55477,4.50905,-4.50888,0.307905
1420,4.47838,-4.48192,4.51173,-4.51149,0.307935
1421,4.47838,-4.48192,4.51257,-4.51243,0.307985
1422,4.25504,-4.25851,4.51337,-4.51332,0.308038
1423,4.25504,-4.25851,4.5103,-4.51032,0.308079
1424,4.55504,-4.55851,4.50789,-4.50796,0.308082
1425,4.55504,-4.55851,4.51111,-4.51123,0.308075
1426,4.48198,-4.48531,4.51372,-4.51388,0.308104
1427,4.48198,-4.48531,4.51467,-4.51485,0.308153
1428,4.2584,-4.25208,4.51556,-4.51576,0.308205
1429,4.2584,-4.25208,4.51254,-4.5126,0.308247
1430,4.5584,-4.55208,4.51018,-4.51012,0.308249
1431,4.5584,-4.55208,4.51344,-4.51328,0.308241
1432,4.47546,-4.47897,4.51609,-4.51585,0.308269
1433,4.47546,-4.47897,4.51688,-4.51675,0.308316
1434,4.25186,-4.25529,4.51765,-4.5176,0.308366
1435,4.25186,-4.25529,4.51453,-4.51455,0.308405
1436,4.55186,-4.55529,4.51207,-4.51215,0.308405
1437,4.55186,-4.55529,4.51525,-4.51537,0.308395
1438,4.4786,-4.4723,4.51782,-4.51798,0.308421
1439,4.4786,-4.4723,4.51872,-4.51874,0.308467
1440,4.2452,-4.24861,4.51957,-4.51947,0.308514
1441,4.2452,-4.24861,4.51634,-4.51632,0.308551
1442,4.5452,-4.54861,4.51379,-4.51384,0.308549
1443,4.5452,-4.54861,4.51688,-4.51698,0.308535
1444,4.47205,-4.47533,4.51938,-4.51952,0.308558
1445,4.47205,-4.47533,4.52021,-4.52038,0.3086
1446,4.24822,-4.24185,4.52099,-4.52119,0.308644
1447,4.24822,-4.24185,4.51787,-4.51792,0.308679
1448,4.54822,-4.54185,4.5154,-4.51533,0.308674
1449,4.54822,-4.54185,4.51856,-4.51839,0.308659
1450,4.46526,-4.4687,4.5211,-4.52085,0.308679
1451,4.46526,-4.4687,4.52179,-4.52165,0.308719
1452,4.24145,-4.24483,4.52245,-4.5224,0.308761
1453,4.24145,-4.24483,4.51923,-4.51924,0.308792
1454,4.54145,-4.54483,4.51667,-4.51674,0.308785
1455,4.54145,-4.54483,4.51974,-4.51986,0.308768
1456,4.46821,-4.46189,4.52221,-4.52236,0.308786
1457,4.46821,-4.46189,4.52301,-4.52302,0.308824
1458,4.23466,-4.23805,4.52375,-4.52366,0.308865
1459,4.23466,-4.23805,4.52042,-4.5204,0.308894
1460,4.53466,-4.53805,4.51777,-4.51781,0.308884
1461,4.53466,-4.53805,4.52077,-4.52086,0.308863
1462,4.46161,-4.46485,4.52316,-4.5233,0.308878
1463,4.46161,-4.46485,4.52389,-4.52406,0.308913
1464,4.23765,-4.23126,4.52458,-4.52477,0.30895
1465,4.23765,-4.23126,4.52136,-4.5214,0.308977
1466,4.53765,-4.53126,4.51879,-4.51871,0.308965
1467,4.53765,-4.53126,4.52184,-4.52167,0.308943
1468,4.45481,-4.45827,4.52428,-4.52403,0.308956
1469,4.45481,-4.45827,4.52488,-4.52474,0.308988
1470,4.23094,-4.22472,4.52544,-4.52539,0.309023
1471,4.23094,-4.22472,4.52212,-4.52197,0.309047
1472,4.53094,-4.52472,4.51947,-4.51924,0.309031
1473,4.53094,-4.52472,4.52244,-4.52215,0.309005
1474,4.44829,-4.45191,4.52481,-4.52446,0.309014
1475,4.44829,-4.45191,4.52534,-4.52512,0.309043
1476,4.22451,-4.22805,4.52584,-4.52572,0.309074
1477,4.22451,-4.22805,4.52246,-4.52243,0.309094
1478,4.52451,-4.52805,4.51974,-4.51978,0.309076
1479,4.52451,-4.52805,4.52266,-4.52275,0.309048
1480,4.45164,-4.44549,4.52498,-4.52512,0.309055
1481,4.45164,-4.44549,4.52563,-4.52564,0.309082
1482,4.21816,-4.22171,4.52623,-4.52613,0.309111
1483,4.21816,-4.22171,4.52276,-4.52274,0.30913
1484,4.51816,-4.52171,4.51997,-4.52001,0.309109
1485,4.51816,-4.52171,4.52282,-4.52291,0.309078
1486,4.44554,-4.44895,4.52507,-4.52521,0.309082
1487,4.44554,-4.44895,4.52567,-4.52584,0.309106
1488,4.21217,-4.2155,4.52622,-4.52641,0.309133
1489,4.21217,-4.2155,4.5227,-4.52291,0.30915
1490,4.51217,-4.5155,4.51986,-4.52009,0.309127
1491,4.51217,-4.5155,4.52267,-4.52291,0.309092
1492,4.43976,-4.44298,4.52488,-4.52514,0.309093
1493,4.43976,-4.44298,4.52544,-4.5257,0.309114
1494,4.21608,-4.20963,4.52595,-4.52622,0.309138
1495,4.21608,-4.20963,4.52256,-4.52266,0.309151
1496,4.51608,-4.50963,4.51981,-4.51979,0.309125
1497,4.51608,-4.50963,4.52269,-4.52256,0.309089
1498,4.43395,-4.43732,4.52496,-4.52474,0.309089
1499,4.43395,-4.43732,4.52539,-4.52528,0.309108
1500,4.21041,-4.21368,4.52579,-4.52576,0.30913
1501,4.21041,-4.21368,4.53154,-4.53156,0.308595
1502,4.51041,-4.51368,4.53521,-4.53529,0.308185
1503,4.51041,-4.51368,4.54263,-4.54275,0.307878
1504,4.43809,-4.43168,4.54819,-4.54835,0.307682
1505,4.43809,-4.43168,4.55117,-4.55119,0.307561
1506,4.20454,-4.20784,4.55342,-4.55332,0.307483
1507,4.20454,-4.20784,4.55107,-4.55105,0.307425
1508,4.50454,-4.50784,4.54899,-4.54902,0.307354
1509,4.50454,-4.50784,4.5523,-4.55239,0.307286
1510,4.43092,-4.42449,4.55493,-4.55506,0.307259
1511,4.43092,-4.42449,4.5558,-4.55579,0.307256
1512,4.19578,-4.19907,4.55652,-4.5564,0.307262
1513,4.19578,-4.19907,4.55305,-4.55301,0.307262
1514,4.49578,-4.49907,4.55014,-4.55017,0.30723
1515,4.49578,-4.49907,4.55285,-4.55293,0.307189
1516,4.41224,-4.41538,4.55503,-4.55516,0.307179
1517,4.41224,-4.41538,4.55539,-4.55555,0.307188
1518,4.18684,-4.18033,4.55571,-4.55589,0.307199
1519,4.18684,-4.18033,4.55208,-4.55212,0.307201
1520,4.48684,-4.48033,4.54904,-4.54896,0.307167
1521,4.48684,-4.48033,4.55164,-4.55146,0.307123
1522,4.40362,-4.40695,4.55372,-4.55346,0.307108
1523,4.40362,-4.40695,4.55398,-4.55382,0.307111
1524,4.16885,-4.17212,4.55421,-4.55414,0.307117
1525,4.16885,-4.17212,4.55034,-4.55033,0.307113
1526,4.46885,-4.47212,4.54708,-4.54714,0.307074
1527,4.46885,-4.47212,4.54949,-4.54959,0.307023
1528,4.39601,-4.39915,4.55139,-4.55153,0.307002
1529,4.39601,-4.39915,4.55168,-4.55185,0.306999
1530,4.16154,-4.16462,4.55191,-4.55211,0.306999
1531,4.16154,-4.16462,4.54803,-4.54825,0.30699
1532,4.46154,-4.46462,4.54476,-4.54499,0.306945
1533,4.46154,-4.46462,4.54714,-4.54739,0.30689
1534,4.38917,-4.38251,4.54901,-4.54927,0.306864
1535,4.38917,-4.38251,4.54927,-4.54937,0.306856
1536,4.15499,-4.15806,4.54947,-4.54944,0.306851
1537,4.15499,-4.15806,4.54556,-4.54558,0.306837
1538,4.45499,-4.45806,4.54224,-4.54232,0.306788
1539,4.45499,-4.45806,4.54458,-4.5447,0.306729
1540,4.37345,-4.37639,4.54641,-4.54656,0.306699
1541,4.37345,-4.37639,4.54646,-4.54664,0.306687
1542,4.14937,-4.15226,4.54648,-4.54668,0.306677
1543,4.14937,-4.15226,4.54258,-4.5428,0.306659
1544,4.44937,-4.45226,4.53928,-4.5395,0.306605
1545,4.44937,-4.45226,4.5416,-4.54185,0.306542
1546,4.36827,-4.37104,4.54342,-4.54367,0.306509
1547,4.36827,-4.37104,4.54346,-4.54372,0.306494
1548,4.14453,-4.13762,4.54347,-4.54373,0.306481
1549,4.14453,-4.13762,4.53955,-4.53965,0.30646
1550,4.44453,-4.43762,4.53623,-4.53619,0.306403
1551,4.44453,-4.43762,4.53853,-4.53838,0.306335
1552,4.36383,-4.36679,4.54032,-4.54007,0.306298
1553,4.36383,-4.36679,4.54034,-4.54018,0.306279
1554,4.14039,-4.1337,4.54031,-4.54023,0.306262
1555,4.14039,-4.1337,4.53637,-4.53618,0.306238
1556,4.44039,-4.4337,4.53301,-4.53274,0.306178
1557,4.44039,-4.4337,4.53528,-4.53494,0.306108
1558,4.36007,-4.36323,4.53704,-4.53664,0.306069
1559,4.36007,-4.36323,4.53703,-4.53676,0.306048
1560,4.13693,-4.13043,4.53698,-4.53681,0.30603
1561,4.13693,-4.13043,4.53302,-4.53276,0.306003
1562,4.43693,-4.43043,4.52964,-4.52931,0.305942
1563,4.43693,-4.43043,4.5319,-4.53151,0.305871
1564,4.35701,-4.36037,4.53364,-4.5332,0.30583
1565,4.35701,-4.36037,4.53362,-4.53332,0.305808
1566,4.1342,-4.12792,4.53355,-4.53336,0.305788
1567,4.1342,-4.12792,4.52958,-4.52931,0.305761
1568,4.4342,-4.42792,4.5262,-4.52587,0.305699
1569,4.4342,-4.42792,4.52845,-4.52806,0.305627
1570,4.35462,-4.35822,4.53018,-4.52975,0.305586
1571,4.35462,-4.35822,4.53015,-4.52986,0.305562
1572,4.13208,-4.13564,4.53009,-4.5299,0.305542
1573,4.13208,-4.13564,4.52612,-4.52602,0.305514
1574,4.43208,-4.43564,4.52273,-4.52271,0.305453
1575,4.43208,-4.43564,4.52498,-4.52503,0.305382
1576,4.35288,-4.3563,4.52671,-4.52681,0.305342
1577,4.35288,-4.3563,4.5267,-4.52685,0.30532
1578,4.13066,-4.13402,4.52664,-4.52682,0.305301
1579,4.13066,-4.13402,4.52269,-4.5229,0.305274
1580,4.43066,-4.43402,4.51932,-4.51956,0.305213
1581,4.43066,-4.43402,4.52159,-4.52184,0.305142
1582,4.36133,-4.35497,4.52333,-4.5236,0.305102
1583,4.36133,-4.35497,4.52351,-4.52362,0.305081
1584,4.12959,-4.13291,4.5236,-4.52359,0.305063
1585,4.12959,-4.13291,4.51962,-4.51966,0.305037
1586,4.42959,-4.43291,4.51622,-4.51632,0.304977
1587,4.42959,-4.43291,4.51847,-4.5186,0.304907
1588,4.36057,-4.36376,4.5202,-4.52037,0.304868
1589,4.36057,-4.36376,4.52036,-4.52056,0.304847
1590,4.1387,-4.13224,4.52046,-4.52068,0.304831
1591,4.1387,-4.13224,4.51665,-4.51672,0.304807
1592,4.4387,-4.43224,4.5134,-4.51335,0.30475
1593,4.4387,-4.43224,4.51577,-4.51562,0.304682
1594,4.35995,-4.36334,4.51762,-4.51737,0.304646
1595,4.35995,-4.36334,4.51772,-4.51757,0.304628
1596,4.1383,-4.13204,4.51776,-4.5177,0.304613
1597,4.1383,-4.13204,4.51391,-4.51375,0.304591
1598,4.4383,-4.43204,4.51064,-4.5104,0.304535
1599,4.4383,-4.43204,4.51299,-4.51268,0.304469
1600,4.35978,-4.36335,4.51483,-4.51446,0.304433
1601,4.35978,-4.36335,4.51492,-4.51468,0.304416
1602,4.13836,-4.14185,4.51496,-4.51482,0.304402
1603,4.13836,-4.14185,4.51112,-4.51106,0.304381
1604,4.43836,-4.44184,4.50785,-4.50786,0.304327
1605,4.43836,-4.44184,4.51021,-4.51028,0.304263
1606,4.36964,-4.36342,4.51206,-4.51218,0.30423
1607,4.36964,-4.36342,4.51234,-4.51233,0.304216
1608,4.14823,-4.14213,4.51254,-4.51243,0.304205
1609,4.14823,-4.14213,4.50884,-4.50864,0.304187
1610,4.44823,-4.44213,4.5057,-4.50542,0.304136
1611,4.44823,-4.44213,4.50818,-4.50784,0.304076
1612,4.36974,-4.37347,4.51012,-4.50974,0.304046
1613,4.36974,-4.37347,4.51033,-4.51007,0.304036
1614,4.14848,-4.15214,4.51047,-4.51033,0.304029
1615,4.14848,-4.15214,4.50673,-4.50668,0.304015
1616,4.44848,-4.45214,4.50357,-4.50358,0.303967
1617,4.44848,-4.45214,4.50604,-4.50611,0.30391
1618,4.37971,-4.37365,4.50798,-4.50811,0.303885
1619,4.37971,-4.37365,4.50836,-4.50836,0.303877
1620,4.14881,-4.15249,4.50866,-4.50856,0.303874
1621,4.14881,-4.15249,4.50489,-4.50487,0.303863
1622,4.44881,-4.45249,4.50171,-4.50175,0.303818
1623,4.44881,-4.45249,4.50416,-4.50426,0.303764
1624,4.38019,-4.38372,4.5061,-4.50625,0.303739
1625,4.38019,-4.38372,4.50649,-4.50667,0.303734
1626,4.15901,-4.16249,4.50679,-4.50701,0.303733
1627,4.15901,-4.16249,4.5032,-4.50344,0.303725
1628,4.45901,-4.46249,4.50018,-4.50044,0.303684
1629,4.45901,-4.46249,4.50277,-4.50305,0.303634
1630,4.39013,-4.38388,4.50484,-4.50513,0.303615
1631,4.39013,-4.38388,4.50533,-4.50547,0.303614
1632,4.1593,-4.16274,4.50574,-4.50575,0.303618
1633,4.1593,-4.16274,4.50208,-4.50214,0.303614
1634,4.4593,-4.46274,4.499,-4.49912,0.303576
1635,4.4593,-4.46274,4.50156,-4.50172,0.303528
1636,4.39051,-4.39379,4.50361,-4.50379,0.303511
1637,4.39051,-4.39379,4.50409,-4.5043,0.303513
1638,4.16935,-4.17257,4.50449,-4.50472,0.303518
1639,4.16935,-4.17257,4.50099,-4.50124,0.303517
1640,4.46935,-4.47258,4.49806,-4.49833,0.303483
1641,4.46935,-4.47258,4.50075,-4.50103,0.303439
1642,4.40025,-4.39374,4.50291,-4.5032,0.303427
1643,4.40025,-4.39374,4.50349,-4.50362,0.303434
1644,4.17899,-4.17258,4.50399,-4.50399,0.303444
1645,4.17899,-4.17258,4.50059,-4.50047,0.303447
1646,4.47899,-4.47258,4.49774,-4.49753,0.303417
1647,4.47899,-4.47258,4.5005,-4.50022,0.303377
1648,4.39997,-4.40338,4.50274,-4.50239,0.303368
1649,4.39997,-4.40338,4.50321,-4.50298,0.303378
1650,4.17874,-4.1821,4.50364,-4.5035,0.303392
1651,4.17874,-4.1821,4.50017,-4.50012,0.303397
1652,4.47874,-4.4821,4.49728,-4.49729,0.30337
1653,4.47874,-4.4821,4.50001,-4.50008,0.303333
1654,4.40934,-4.4126,4.50223,-4.50235,0.303328
1655,4.40934,-4.4126,4.50287,-4.50302,0.303341
1656,4.18798,-4.18158,4.50343,-4.50362,0.303358
1657,4.18798,-4.18158,4.50009,-4.50013,0.303368
1658,4.48798,-4.48158,4.49731,-4.49723,0.303345
1659,4.48798,-4.48158,4.50015,-4.49997,0.303311
1660,4.40866,-4.4121,4.50245,-4.5022,0.303309
1661,4.40866,-4.4121,4.503,-4.50285,0.303324
1662,4.1873,-4.19068,4.5035,-4.50343,0.303344
1663,4.1873,-4.19068,4.5001,-4.5001,0.303355
1664,4.4873,-4.49068,4.49728,-4.49734,0.303334
1665,4.4873,-4.49068,4.50009,-4.5002,0.303302
1666,4.41759,-4.42084,4.50237,-4.50252,0.303302
1667,4.41759,-4.42084,4.50308,-4.50326,0.30332
1668,4.19606,-4.19923,4.50371,-4.50391,0.303343
1669,4.19606,-4.19923,4.50043,-4.50065,0.303358
1670,4.49606,-4.49924,4.49771,-4.49795,0.303341
1671,4.49606,-4.49924,4.50062,-4.50088,0.303314
1672,4.42601,-4.41947,4.503,-4.50327,0.303318
1673,4.42601,-4.41947,4.50378,-4.50389,0.303341
1674,4.1947,-4.19786,4.50448,-4.50446,0.303367
1675,4.1947,-4.19786,4.50111,-4.50114,0.303386
1676,4.4947,-4.49786,4.49831,-4.4984,0.30337
1677,4.4947,-4.49786,4.50116,-4.50129,0.303344
1678,4.42465,-4.42767,4.50349,-4.50365,0.303349
1679,4.42465,-4.42767,4.50424,-4.50442,0.303372
1680,4.20291,-4.20587,4.50491,-4.50512,0.303399
1681,4.20291,-4.20587,4.50168,-4.5019,0.303419
1682,4.50291,-4.50587,4.49901,-4.49925,0.303406
1683,4.50291,-4.50587,4.50196,-4.50221,0.303383
1684,4.4325,-4.42575,4.50439,-4.50465,0.303391
1685,4.4325,-4.42575,4.50522,-4.50531,0.303418
1686,4.21055,-4.20392,4.50596,-4.50593,0.303448
1687,4.21055,-4.20392,4.5028,-4.50265,0.30347
1688,4.51055,-4.50391,4.50019,-4.49995,0.303459
1689,4.51055,-4.50391,4.5032,-4.50288,0.303438
1690,4.43018,-4.43339,4.50567,-4.5053,0.303448
1691,4.43018,-4.43339,4.50637,-4.50612,0.303477
1692,4.20822,-4.21137,4.50702,-4.50686,0.303509
1693,4.20822,-4.21137,4.50377,-4.50369,0.303533
1694,4.50822,-4.51137,4.50109,-4.50109,0.303523
1695,4.50822,-4.51137,4.50405,-4.5041,0.303504
1696,4.43744,-4.44048,4.50649,-4.50659,0.303515
1697,4.43744,-4.44048,4.50733,-4.50746,0.303545
1698,4.21523,-4.20865,4.50809,-4.50826,0.303579
1699,4.21523,-4.20865,4.50494,-4.50496,0.303606
1700,4.51523,-4.50865,4.50236,-4.50226,0.303598
1701,4.51523,-4.50865,4.50539,-4.5052,0.303581
1702,4.43455,-4.4378,4.5079,-4.50762,0.303594
1703,4.43455,-4.4378,4.50862,-4.50845,0.303625
1704,4.21232,-4.21552,4.5093,-4.50921,0.303659
1705,4.21232,-4.21552,4.50607,-4.50605,0.303685
1706,4.51232,-4.51552,4.50342,-4.50346,0.303678
1707,4.51232,-4.51552,4.50641,-4.5065,0.303661
1708,4.44122,-4.44431,4.50887,-4.509,0.303674
1709,4.44122,-4.44431,4.50973,-4.50989,0.303706
1710,4.21877,-4.21221,4.51051,-4.5107,0.303742
1711,4.21877,-4.21221,4.50738,-4.50742,0.303771
1712,4.51877,-4.51221,4.50481,-4.50473,0.303765
1713,4.51877,-4.51221,4.50787,-4.50769,0.303749
1714,4.43775,-4.44102,4.5104,-4.51013,0.303764
1715,4.43775,-4.44102,4.51114,-4.51097,0.303796
1716,4.21527,-4.21849,4.51182,-4.51175,0.303832
1717,4.21527,-4.21849,4.50861,-4.5086,0.30386
1718,4.51527,-4.51849,4.50597,-4.50602,0.303854
1719,4.51527,-4.51849,4.50897,-4.50907,0.303838
1720,4.44387,-4.43738,4.51145,-4.51159,0.303853
1721,4.44387,-4.43738,4.51232,-4.51232,0.303886
1722,4.22119,-4.21482,4.51311,-4.513,0.303922
1723,4.22119,-4.21482,4.50998,-4.50978,0.30395
1724,4.52119,-4.51482,4.50742,-4.50714,0.303944
1725,4.52119,-4.51482,4.51048,-4.51013,0.303929
1726,4.43987,-4.44334,4.51301,-4.51261,0.303944
1727,4.43987,-4.44334,4.51374,-4.51347,0.303977
1728,4.21715,-4.22058,4.51443,-4.51427,0.304014
1729,4.21715,-4.22058,4.51121,-4.51114,0.304042
1730,4.51715,-4.52058,4.50858,-4.50857,0.304037
1731,4.51715,-4.52058,4.51158,-4.51163,0.304021
1732,4.44547,-4.43921,4.51406,-4.51416,0.304037
1733,4.44547,-4.43921,4.51492,-4.5149,0.30407
1734,4.21297,-4.21641,4.51571,-4.51559,0.304107
1735,4.21297,-4.21641,4.51241,-4.51237,0.304135
1736,4.51297,-4.51641,4.50971,-4.50973,0.304129
1737,4.51297,-4.51641,4.51265,-4.51273,0.304112
1738,4.44138,-4.44469,4.51508,-4.5152,0.304125
1739,4.44138,-4.44469,4.51589,-4.51605,0.304157
1740,4.21845,-4.21211,4.51665,-4.51684,0.304193
1741,4.21845,-4.21211,4.51347,-4.51352,0.30422
1742,4.51845,-4.51211,4.51087,-4.51081,0.304213
1743,4.51845,-4.51211,4.5139,-4.51373,0.304196
1744,4.43698,-4.44047,4.5164,-4.51615,0.304209
1745,4.43698,-4.44047,4.5171,-4.51695,0.30424
1746,4.21407,-4.21748,4.51776,-4.5177,0.304275
1747,4.21407,-4.21748,4.5145,-4.51451,0.304301
1748,4.51407,-4.51748,4.51183,-4.5119,0.304293
1749,4.51407,-4.51748,4.5148,-4.51491,0.304275
1750,4.44226,-4.44555,4.51724,-4.5174,0.304288
1751,4.44226,-4.44555,4.51807,-4.51826,0.304319
1752,4.21916,-4.21281,4.51883,-4.51904,0.304354
1753,4.21916,-4.21281,4.51566,-4.51573,0.304381
1754,4.51916,-4.51281,4.51306,-4.51301,0.304374
1755,4.51916,-4.51281,4.51609,-4.51593,0.304356
1756,4.43749,-4.44097,4.51859,-4.51835,0.304369
1757,4.43749,-4.44097,4.51929,-4.51915,0.3044
1758,4.2144,-4.21778,4.51994,-4.51989,0.304434
1759,4.2144,-4.21778,4.51668,-4.51669,0.30446
1760,4.5144,-4.51778,4.514,-4.51407,0.304452
1761,4.5144,-4.51778,4.51696,-4.51708,0.304434
1762,4.44243,-4.43609,4.5194,-4.51956,0.304446
1763,4.44243,-4.43609,4.52022,-4.52024,0.304477
1764,4.20956,-4.21296,4.52097,-4.52088,0.30451
1765,4.20956,-4.21296,4.51762,-4.51761,0.304536
1766,4.50956,-4.51296,4.51487,-4.51491,0.304526
1767,4.50956,-4.51296,4.51776,-4.51786,0.304506
1768,4.4377,-4.44096,4.52014,-4.52028,0.304516
1769,4.4377,-4.44096,4.52091,-4.52108,0.304545
1770,4.20486,-4.20805,4.52161,-4.52181,0.304577
1771,4.20486,-4.20805,4.51822,-4.51844,0.3046
1772,4.50486,-4.50805,4.51543,-4.51567,0.304589
1773,4.50486,-4.50805,4.51828,-4.51854,0.304567
1774,4.43313,-4.4362,4.52063,-4.52089,0.304574
1775,4.43313,-4.4362,4.52136,-4.52164,0.3046
1776,4.20992,-4.20334,4.52203,-4.52231,0.304629
1777,4.20992,-4.20334,4.51877,-4.51889,0.30465
1778,4.50992,-4.50334,4.51608,-4.51607,0.304637
1779,4.50992,-4.50334,4.51902,-4.5189,0.304614
1780,4.42836,-4.4316,4.52143,-4.52121,0.30462
1781,4.42836,-4.4316,4.52205,-4.52192,0.304645
1782,4.20521,-4.20837,4.52262,-4.52257,0.304673
1783,4.20521,-4.20837,4.51927,-4.51929,0.304692
1784,4.50521,-4.50837,4.51651,-4.51658,0.304678
1785,4.50521,-4.50837,4.51939,-4.5195,0.304653
1786,4.43339,-4.42684,4.52174,-4.52189,0.30466
1787,4.43339,-4.42684,4.52248,-4.52249,0.304684
1788,4.20052,-4.2037,4.52315,-4.52305,0.304711
1789,4.20052,-4.2037,4.51972,-4.51969,0.30473
1790,4.50052,-4.5037,4.51689,-4.51691,0.304715
1791,4.50052,-4.5037,4.5197,-4.51977,0.304688
1792,4.42885,-4.43187,4.522,-4.52212,0.304693
1793,4.42885,-4.43187,4.52269,-4.52284,0.304715
1794,4.20562,-4.199,4.52331,-4.52349,0.304741
1795,4.20562,-4.199,4.52001,-4.52004,0.304759
1796,4.50562,-4.499,4.51728,-4.51719,0.304742
1797,4.50562,-4.499,4.52017,-4.51998,0.304716
1798,4.42412,-4.42735,4.52254,-4.52227,0.30472
1799,4.42412,-4.42735,4.52311,-4.52294,0.304741
1800,4.20096,-4.20412,4.52364,-4.52356,0.304766
1801,4.20096,-4.20412,4.52026,-4.52024,0.304783
1802,4.50096,-4.50412,4.51746,-4.5175,0.304765
1803,4.50096,-4.50412,4.52029,-4.52038,0.304738
1804,4.4292,-4.42266,4.52261,-4.52274,0.304741
1805,4.4292,-4.42266,4.52331,-4.5233,0.304763
1806,4.19633,-4.19952,4.52394,-4.52382,0.304788
1807,4.19633,-4.19952,4.52047,-4.52043,0.304804
1808,4.49633,-4.49952,4.5176,-4.51762,0.304785
1809,4.49633,-4.49952,4.52037,-4.52044,0.304756
1810,4.42476,-4.41822,4.52263,-4.52275,0.304758
1811,4.42476,-4.41822,4.52329,-4.52327,0.304777
1812,4.19197,-4.19515,4.52388,-4.52375,0.304799
1813,4.19197,-4.19515,4.52037,-4.52032,0.304813
1814,4.49197,-4.49515,4.51746,-4.51747,0.304792
1815,4.49197,-4.49515,4.52019,-4.52026,0.304761
1816,4.42055,-4.42361,4.52241,-4.52253,0.30476
1817,4.42055,-4.42361,4.52303,-4.52318,0.304777
1818,4.19743,-4.19085,4.52359,-4.52376,0.304797
1819,4.19743,-4.19085,4.52022,-4.52025,0.30481
1820,4.49743,-4.49085,4.51742,-4.51733,0.304789
1821,4.49743,-4.49085,4.52025,-4.52006,0.304757
1822,4.41624,-4.41949,4.52255,-4.52228,0.304756
1823,4.41624,-4.41949,4.52306,-4.52289,0.304773
1824,4.19323,-4.1964,4.52353,-4.52345,0.304792
1825,4.19323,-4.1964,4.52008,-4.52007,0.304804
1826,4.49323,-4.4964,4.51722,-4.51727,0.304782
1827,4.49323,-4.4964,4.51999,-4.52009,0.30475
1828,4.42177,-4.41524,4.52225,-4.52238,0.304748
1829,4.42177,-4.41524,4.52289,-4.52289,0.304765
1830,4.18906,-4.19225,4.52347,-4.52335,0.304785
1831,4.18906,-4.19225,4.51995,-4.5199,0.304797
1832,4.48906,-4.49225,4.51702,-4.51704,0.304774
1833,4.48906,-4.49225,4.51973,-4.51981,0.304741
1834,4.41779,-4.42084,4.52194,-4.52206,0.304738
1835,4.41779,-4.42084,4.52254,-4.52269,0.304753
1836,4.18516,-4.18817,4.52308,-4.52326,0.304772
1837,4.18516,-4.18817,4.51953,-4.51973,0.304783
1838,4.48516,-4.48816,4.51657,-4.51679,0.304759
1839,4.48516,-4.48816,4.51926,-4.51949,0.304724
1840,4.41407,-4.41696,4.52144,-4.52169,0.30472
1841,4.41407,-4.41696,4.52202,-4.52227,0.304733
1842,4.19114,-4.18436,4.52253,-4.5228,0.30475
1843,4.19114,-4.18436,4.51912,-4.51922,0.304759
1844,4.49114,-4.48436,4.51628,-4.51625,0.304734
1845,4.49114,-4.48436,4.51907,-4.51892,0.304699
1846,4.41026,-4.41332,4.52133,-4.52109,0.304694
1847,4.41026,-4.41332,4.5218,-4.52166,0.304707
1848,4.18745,-4.19043,4.52223,-4.52216,0.304723
1849,4.18745,-4.19043,4.51875,-4.51874,0.304732
1850,4.48745,-4.49043,4.51585,-4.51589,0.304706
1851,4.48745,-4.49043,4.51858,-4.51867,0.304671
1852,4.41631,-4.4096,4.52079,-4.52092,0.304666
1853,4.41631,-4.4096,4.5214,-4.52139,0.304679
1854,4.1838,-4.18682,4.52194,-4.52182,0.304696
1855,4.1838,-4.18682,4.51838,-4.51833,0.304705
1856,4.4838,-4.48682,4.51542,-4.51543,0.304679
1857,4.4838,-4.48682,4.5181,-4.51816,0.304643
1858,4.41285,-4.41573,4.52027,-4.52037,0.304637
1859,4.41285,-4.41573,4.52084,-4.52098,0.304649
1860,4.19003,-4.18328,4.52135,-4.52151,0.304666
1861,4.19003,-4.18328,4.51793,-4.51795,0.304674
1862,4.49003,-4.48328,4.51508,-4.51498,0.304648
1863,4.49003,-4.48328,4.51786,-4.51766,0.304612
1864,4.40927,-4.41238,4.52011,-4.51982,0.304607
1865,4.40927,-4.41238,4.52058,-4.5204,0.30462
1866,4.18657,-4.1896,4.521,-4.5209,0.304636
1867,4.18657,-4.1896,4.51752,-4.51749,0.304644
1868,4.48657,-4.4896,4.51461,-4.51464,0.304618
1869,4.48657,-4.4896,4.51734,-4.51742,0.304582
1870,4.41556,-4.4089,4.51955,-4.51967,0.304577
1871,4.41556,-4.4089,4.52016,-4.52014,0.30459
1872,4.18317,-4.18623,4.5207,-4.52056,0.304607
1873,4.18317,-4.18623,4.51714,-4.51708,0.304616
1874,4.48317,-4.48623,4.51418,-4.51418,0.30459
1875,4.48317,-4.48623,4.51686,-4.51691,0.304553
1876,4.41234,-4.41529,4.51903,-4.51913,0.304547
1877,4.41234,-4.41529,4.5196,-4.51973,0.30456
1878,4.18962,-4.18292,4.5201,-4.52027,0.304576
1879,4.18962,-4.18292,4.51669,-4.51671,0.304584
1880,4.48962,-4.48292,4.51384,-4.51374,0.304558
1881,4.48962,-4.48292,4.51662,-4.51642,0.304523
1882,4.40898,-4.41212,4.51888,-4.51859,0.304517
1883,4.40898,-4.41212,4.51935,-4.51917,0.30453
1884,4.18637,-4.17986,4.51977,-4.51968,0.304546
1885,4.18637,-4.17986,4.51629,-4.5161,0.304554
1886,4.48637,-4.47986,4.51339,-4.51312,0.304527
1887,4.48637,-4.47986,4.51612,-4.51578,0.30449
1888,4.41546,-4.40924,4.51833,-4.51793,0.304484
1889,4.41546,-4.40924,4.51893,-4.51849,0.304495
1890,4.18317,-4.18667,4.51946,-4.51899,0.304511
1891,4.18317,-4.18667,4.5159,-4.51556,0.304518
1892,4.48317,-4.48667,4.51293,-4.51271,0.304492
1893,4.48317,-4.48667,4.5156,-4.51548,0.304456
1894,4.41242,-4.40623,4.51776,-4.51772,0.30445
1895,4.41242,-4.40623,4.51833,-4.51819,0.304462
1896,4.18022,-4.18375,4.51884,-4.51861,0.304477
1897,4.18022,-4.18375,4.51525,-4.51513,0.304485
1898,4.48022,-4.48375,4.51226,-4.51222,0.304457
1899,4.48022,-4.48375,4.51492,-4.51495,0.30442
1900,4.40962,-4.41305,4.51707,-4.51715,0.304413
1901,4.40962,-4.41305,4.51762,-4.51775,0.304424
1902,4.1871,-4.18089,4.51811,-4.51828,0.304439
1903,4.1871,-4.18089,4.51468,-4.51472,0.304446
1904,4.4871,-4.48089,4.51183,-4.51174,0.30442
1905,4.4871,-4.48089,4.51459,-4.51442,0.304383
1906,4.41631,-4.41032,4.51683,-4.51658,0.304377
1907,4.41631,-4.41032,4.51746,-4.51715,0.304389
1908,4.18412,-4.18783,4.51802,-4.51765,0.304405
1909,4.18412,-4.18783,4.51448,-4.51424,0.304414
1910,4.48412,-4.48783,4.51153,-4.5114,0.304388
1911,4.48412,-4.48783,4.51423,-4.51418,0.304352
1912,4.41344,-4.41704,4.51641,-4.51643,0.304347
1913,4.41344,-4.41704,4.517,-4.51708,0.304361
1914,4.1909,-4.18486,4.51752,-4.51765,0.304378
1915,4.1909,-4.18486,4.51412,-4.51413,0.304388
1916,4.4909,-4.48486,4.5113,-4.5112,0.304364
1917,4.4909,-4.48486,4.5141,-4.51391,0.304329
1918,4.41039,-4.41419,4.51637,-4.51611,0.304325
1919,4.41039,-4.41419,4.51686,-4.51671,0.30434
1920,4.18796,-4.19166,4.51731,-4.51725,0.304358
1921,4.18796,-4.19166,4.51385,-4.51386,0.304367
1922,4.48796,-4.49166,4.51097,-4.51105,0.304343
1923,4.48796,-4.49166,4.51373,-4.51386,0.304309
1924,4.41717,-4.41118,4.51597,-4.51614,0.304306
1925,4.41717,-4.41118,4.51661,-4.51664,0.304322
1926,4.18501,-4.18873,4.51717,-4.5171,0.30434
1927,4.18501,-4.18873,4.51365,-4.51365,0.304351
1928,4.48501,-4.48873,4.51072,-4.51079,0.304327
1929,4.48501,-4.48873,4.51343,-4.51355,0.304292
1930,4.41437,-4.41793,4.51563,-4.51579,0.304289
1931,4.41437,-4.41793,4.51623,-4.51643,0.304303
1932,4.19188,-4.18577,4.51677,-4.517,0.304321
1933,4.19188,-4.18577,4.51339,-4.51348,0.304332
1934,4.49188,-4.48577,4.51058,-4.51055,0.304308
1935,4.49188,-4.48577,4.5134,-4.51326,0.304275
1936,4.4114,-4.41514,4.51568,-4.51546,0.304272
1937,4.4114,-4.41514,4.51619,-4.51607,0.304287
1938,4.18899,-4.19265,4.51665,-4.51662,0.304306
1939,4.18899,-4.19265,4.51321,-4.51324,0.304316
1940,4.48899,-4.49265,4.51034,-4.51044,0.304293
1941,4.48899,-4.49265,4.51311,-4.51325,0.30426
1942,4.41821,-4.41215,4.51536,-4.51554,0.304257
1943,4.41821,-4.41215,4.51601,-4.51606,0.304273
1944,4.1861,-4.18974,4.51659,-4.51652,0.304293
1945,4.1861,-4.18974,4.51308,-4.51308,0.304304
1946,4.4861,-4.48974,4.51016,-4.51023,0.304281
1947,4.4861,-4.48974,4.51288,-4.513,0.304247
1948,4.41546,-4.41896,4.51509,-4.51526,0.304244
1949,4.41546,-4.41896,4.51571,-4.51591,0.304259
1950,4.19299,-4.18683,4.51626,-4.51649,0.304279
1951,4.19299,-4.18683,4.51289,-4.51297,0.30429
1952,4.49299,-4.48683,4.51009,-4.51005,0.304267
1953,4.49299,-4.48683,4.51292,-4.51278,0.304234
1954,4.41251,-4.41618,4.51521,-4.51499,0.304232
1955,4.41251,-4.41618,4.51573,-4.51561,0.304248
1956,4.19012,-4.19369,4.5162,-4.51617,0.304268
1957,4.19012,-4.19369,4.51277,-4.5128,0.304279
1958,4.49012,-4.49369,4.50992,-4.51,0.304256
1959,4.49012,-4.49369,4.5127,-4.51283,0.304224
1960,4.41934,-4.4132,4.51496,-4.51513,0.304222
1961,4.41934,-4.4132,4.51562,-4.51566,0.304239
1962,4.18723,-4.1908,4.51621,-4.51613,0.304259
1963,4.18723,-4.1908,4.5127,-4.5127,0.304271
1964,4.48723,-4.4908,4.5098,-4.50986,0.304249
1965,4.48723,-4.4908,4.51253,-4.51264,0.304216
1966,4.41657,-4.42,4.51475,-4.51491,0.304214
1967,4.41657,-4.42,4.51538,-4.51557,0.30423
1968,4.19411,-4.19747,4.51594,-4.51615,0.30425
1969,4.19411,-4.19747,4.51258,-4.51282,0.304262
1970,4.49411,-4.49747,4.50979,-4.51005,0.304241
1971,4.49411,-4.49747,4.51263,-4.5129,0.304211
1972,4.4232,-4.41683,4.51494,-4.51523,0.304211
1973,4.4232,-4.41683,4.51565,-4.51578,0.30423
1974,4.19104,-4.19434,4.51628,-4.51627,0.304252
1975,4.19104,-4.19434,4.51282,-4.51287,0.304266
1976,4.49104,-4.49434,4.50995,-4.51005,0.304246
1977,4.49104,-4.49434,4.51272,-4.51286,0.304215
1978,4.42024,-4.42339,4.51497,-4.51515,0.304215
1979,4.42024,-4.42339,4.51563,-4.51583,0.304233
1980,4.1977,-4.19118,4.51622,-4.51644,0.304256
1981,4.1977,-4.19118,4.51289,-4.51296,0.30427
1982,4.4977,-4.49118,4.51013,-4.51008,0.30425
1983,4.4977,-4.49118,4.51299,-4.51284,0.30422
1984,4.41704,-4.42038,4.51533,-4.51508,0.30422
1985,4.41704,-4.42038,4.51588,-4.51574,0.304239
1986,4.19455,-4.19781,4.51639,-4.51633,0.304261
1987,4.19455,-4.19781,4.51299,-4.51299,0.304275
1988,4.49455,-4.49781,4.51017,-4.51023,0.304255
1989,4.49455,-4.49781,4.51298,-4.51309,0.304225
1990,4.42359,-4.41715,4.51528,-4.51542,0.304227
1991,4.42359,-4.41715,4.51597,-4.51598,0.304246
1992,4.19137,-4.19465,4.51659,-4.51648,0.304269
1993,4.19137,-4.19465,4.51312,-4.51309,0.304283
1994,4.49137,-4.49465,4.51024,-4.51027,0.304263
1995,4.49137,-4.49465,4.513,-4.51309,0.304233
1996,4.42053,-4.42369,4.51525,-4.51538,0.304233
1997,4.42053,-4.42369,4.51591,-4.51607,0.304251
1998,4.19796,-4.19146,4.5165,-4.51668,0.304273
1999,4.19796,-4.19146,4.51316,-4.51321,0.304288
2000,4.49796,-4.49146,4.5104,-4.51033,0.304268
2001,4.49796,-4.49146,4.51326,-4.51309,0.304238
2002,4.41728,-4.42061,4.5156,-4.51534,0.304239
2003,4.41728,-4.42061,4.51615,-4.51599,0.304257
2004,4.19478,-4.19804,4.51666,-4.51658,0.30428
2005,4.19478,-4.19804,4.51326,-4.51325,0.304294
2006,4.49478,-4.49804,4.51044,-4.51049,0.304274
2007,4.49478,-4.49804,4.51325,-4.51335,0.304244
2008,4.42378,-4.41735,4.51555,-4.51569,0.304245
2009,4.42378,-4.41735,4.51624,-4.51624,0.304265
2010,4.20113,-4.19484,4.51686,-4.51675,0.304287
2011,4.20113,-4.19484,4.51355,-4.51335,0.304302
2012,4.50113,-4.49484,4.51081,-4.51054,0.304283
2013,4.50113,-4.49484,4.5137,-4.51336,0.304254
2014,4.42029,-4.42383,4.51605,-4.51566,0.304256
2015,4.42029,-4.42383,4.51662,-4.51636,0.304277
2016,4.19771,-4.20118,4.51714,-4.51698,0.3043
2017,4.19771,-4.20118,4.51376,-4.51369,0.304316
2018,4.49771,-4.50118,4.51096,-4.51096,0.304298
2019,4.49771,-4.50118,4.51379,-4.51385,0.30427
2020,4.42657,-4.42034,4.5161,-4.51621,0.304273
2021,4.42657,-4.42034,4.51681,-4.51679,0.304294
2022,4.19424,-4.19773,4.51745,-4.51733,0.304318
2023,4.19424,-4.19773,4.51399,-4.51395,0.304334
2024,4.49424,-4.49773,4.51113,-4.51116,0.304316
2025,4.49424,-4.49773,4.51391,-4.514,0.304287
2026,4.42323,-4.42657,4.51618,-4.51631,0.304289
2027,4.42323,-4.42657,4.51685,-4.51702,0.304309
2028,4.20054,-4.19423,4.51746,-4.51766,0.304333
2029,4.20054,-4.19423,4.51414,-4.5142,0.304348
2030,4.50054,-4.49423,4.5114,-4.51133,0.30433
2031,4.50054,-4.49423,4.51428,-4.51411,0.304302
2032,4.41969,-4.42321,4.51663,-4.51638,0.304304
2033,4.41969,-4.42321,4.5172,-4.51705,0.304324
2034,4.19706,-4.20051,4.51772,-4.51766,0.304347
2035,4.19706,-4.20051,4.51433,-4.51434,0.304363
2036,4.49706,-4.50051,4.51152,-4.51159,0.304344
2037,4.49706,-4.50051,4.51435,-4.51447,0.304316
2038,4.4259,-4.41965,4.51666,-4.51682,0.304318
2039,4.4259,-4.41965,4.51736,-4.51739,0.304339
2040,4.19354,-4.19701,4.518,-4.51791,0.304363
2041,4.19354,-4.19701,4.51454,-4.51452,0.304378
2042,4.49354,-4.49701,4.51167,-4.51172,0.304359
2043,4.49354,-4.49701,4.51444,-4.51454,0.30433
2044,4.42251,-4.42584,4.51671,-4.51685,0.304331
2045,4.42251,-4.42584,4.51737,-4.51755,0.304351
2046,4.19979,-4.19347,4.51797,-4.51818,0.304374
2047,4.19979,-4.19347,4.51465,-4.51471,0.304389
2048,4.49979,-4.49347,4.51189,-4.51184,0.30437
2049,4.49979,-4.49347,4.51477,-4.51461,0.304341
2050,4.41893,-4.42243,4.51711,-4.51687,0.304343
2051,4.41893,-4.42243,4.51767,-4.51753,0.304363
2052,4.19629,-4.19971,4.51818,-4.51813,0.304385
2053,4.19629,-4.19971,4.51479,-4.5148,0.3044
2054,4.49629,-4.49971,4.51197,-4.51204,0.304381
2055,4.49629,-4.49971,4.51479,-4.51491,0.304352
2056,4.42512,-4.41883,4.5171,-4.51725,0.304354
2057,4.42512,-4.41883,4.51779,-4.51781,0.304374
2058,4.19274,-4.19616,4.51841,-4.51832,0.304397
2059,4.19274,-4.19616,4.51495,-4.51493,0.304412
2060,4.49274,-4.49616,4.51207,-4.51212,0.304393
2061,4.49274,-4.49616,4.51484,-4.51493,0.304363
2062,4.42171,-4.42498,4.51709,-4.51723,0.304363
2063,4.42171,-4.42498,4.51775,-4.51792,0.304382
2064,4.19898,-4.19259,4.51834,-4.51854,0.304405
2065,4.19898,-4.19259,4.51501,-4.51506,0.304419
2066,4.49897,-4.49259,4.51225,-4.51218,0.3044
2067,4.49897,-4.49259,4.51511,-4.51494,0.30437
2068,4.41811,-4.42156,4.51744,-4.5172,0.304371
2069,4.41811,-4.42156,4.518,-4.51785,0.30439
2070,4.19544,-4.19882,4.5185,-4.51844,0.304413
2071,4.19544,-4.19882,4.5151,-4.51511,0.304427
2072,4.49544,-4.49882,4.51228,-4.51234,0.304407
2073,4.49544,-4.49882,4.51509,-4.5152,0.304377
2074,4.4243,-4.41796,4.51738,-4.51753,0.304378
2075,4.4243,-4.41796,4.51807,-4.51808,0.304398
2076,4.19193,-4.1953,4.51868,-4.51859,0.304421
2077,4.19193,-4.1953,4.51521,-4.51519,0.304435
2078,4.49193,-4.4953,4.51232,-4.51237,0.304415
2079,4.49193,-4.4953,4.51508,-4.51518,0.304385
2080,4.42091,-4.42414,4.51733,-4.51747,0.304384
2081,4.42091,-4.42414,4.51798,-4.51815,0.304403
2082,4.19816,-4.19174,4.51856,-4.51876,0.304425
2083,4.19816,-4.19174,4.51522,-4.51528,0.304439
2084,4.49816,-4.49174,4.51246,-4.51239,0.304419
2085,4.49816,-4.49174,4.51531,-4.51514,0.304389
2086,4.41731,-4.42071,4.51764,-4.51739,0.304389
2087,4.41731,-4.42071,4.51818,-4.51803,0.304408
2088,4.19465,-4.19796,4.51868,-4.51861,0.304429
2089,4.19465,-4.19796,4.51527,-4.51527,0.304443
2090,4.49465,-4.49796,4.51244,-4.5125,0.304422
2091,4.49465,-4.49796,4.51525,-4.51535,0.304392
2092,4.42351,-4.41713,4.51753,-4.51768,0.304393
2093,4.42351,-4.41713,4.51821,-4.51822,0.304412
2094,4.19112,-4.19445,4.51882,-4.51872,0.304434
2095,4.19112,-4.19445,4.51534,-4.51531,0.304448
2096,4.49112,-4.49445,4.51245,-4.51248,0.304427
2097,4.49112,-4.49445,4.5152,-4.51529,0.304396
2098,4.42012,-4.42332,4.51744,-4.51757,0.304396
2099,4.42012,-4.42332,4.51808,-4.51825,0.304413
2100,4.1974,-4.19094,4.51866,-4.51885,0.304435
2101,4.1974,-4.19094,4.51531,-4.51536,0.304449
2102,4.4974,-4.49094,4.51254,-4.51246,0.304428
2103,4.4974,-4.49094,4.51538,-4.51521,0.304397
2104,4.41656,-4.41995,4.51771,-4.51745,0.304397
2105,4.41656,-4.41995,4.51824,-4.51809,0.304415
2106,4.1939,-4.19722,4.51873,-4.51866,0.304436
2107,4.1939,-4.19722,4.51532,-4.51532,0.304449
2108,4.4939,-4.49722,4.51248,-4.51254,0.304429
2109,4.4939,-4.49722,4.51528,-4.51539,0.304398
2110,4.42279,-4.41639,4.51756,-4.5177,0.304398
2111,4.42279,-4.41639,4.51823,-4.51824,0.304417
2112,4.19043,-4.19373,4.51884,-4.51873,0.304438
2113,4.19043,-4.19373,4.51535,-4.51532,0.304452
2114,4.49043,-4.49373,4.51245,-4.51249,0.304431
2115,4.49043,-4.49373,4.5152,-4.51528,0.304399
2116,4.41945,-4.42264,4.51743,-4.51756,0.304398
2117,4.41945,-4.42264,4.51807,-4.51823,0.304416
2118,4.19673,-4.19027,4.51864,-4.51883,0.304437
2119,4.19673,-4.19027,4.51529,-4.51534,0.30445
2120,4.49673,-4.49027,4.51251,-4.51243,0.304429
2121,4.49673,-4.49027,4.51535,-4.51518,0.304398
2122,4.41592,-4.4193,4.51767,-4.51741,0.304397
2123,4.41592,-4.4193,4.5182,-4.51805,0.304415
2124,4.19328,-4.19658,4.51869,-4.51862,0.304436
2125,4.19328,-4.19658,4.51526,-4.51526,0.304448
2126,4.49328,-4.49658,4.51242,-4.51248,0.304427
2127,4.49328,-4.49658,4.51522,-4.51532,0.304396
2128,4.42219,-4.41579,4.51749,-4.51764,0.304396
2129,4.42219,-4.41579,4.51816,-4.51817,0.304414
2130,4.18983,-4.19314,4.51876,-4.51866,0.304435
2131,4.18983,-4.19314,4.51527,-4.51524,0.304448
2132,4.48983,-4.49314,4.51237,-4.5124,0.304427
2133,4.48983,-4.49314,4.51511,-4.51519,0.304395
2134,4.41888,-4.42206,4.51734,-4.51747,0.304394
2135,4.41888,-4.42206,4.51797,-4.51813,0.304411
2136,4.19618,-4.1897,4.51854,-4.51873,0.304432
2137,4.19618,-4.1897,4.51518,-4.51523,0.304444
2138,4.49618,-4.4897,4.5124,-4.51232,0.304423
2139,4.49618,-4.4897,4.51524,-4.51506,0.304392
2140,4.42499,-4.41877,4.51755,-4.51729,0.304391
2141,4.42499,-4.41877,4.51825,-4.51792,0.304408
2142,4.19259,-4.19606,4.51887,-4.51849,0.30443
2143,4.19259,-4.19606,4.51539,-4.51514,0.304444
2144,4.49259,-4.49606,4.51251,-4.51236,0.304423
2145,4.49259,-4.49606,4.51527,-4.5152,0.304392
2146,4.42152,-4.42487,4.51751,-4.51752,0.304392
2147,4.42152,-4.42487,4.51816,-4.51822,0.304411
2148,4.19877,-4.19249,4.51874,-4.51885,0.304433
2149,4.19877,-4.19249,4.5154,-4.51538,0.304447
2150,4.49877,-4.49249,4.51263,-4.51251,0.304428
2151,4.49877,-4.49249,4.51549,-4.51527,0.304398
2152,4.41788,-4.42143,4.51782,-4.51753,0.304398
2153,4.41788,-4.42143,4.51836,-4.51819,0.304417
2154,4.19521,-4.19868,4.51886,-4.51877,0.304439
2155,4.19521,-4.19868,4.51545,-4.51544,0.304453
2156,4.49521,-4.49868,4.51262,-4.51268,0.304433
2157,4.49521,-4.49868,4.51543,-4.51553,0.304403
2158,4.42403,-4.4178,4.51772,-4.51787,0.304404
2159,4.42403,-4.4178,4.5184,-4.51842,0.304424
2160,4.19162,-4.1951,4.51902,-4.51892,0.304446
2161,4.19162,-4.1951,4.51553,-4.51551,0.30446
2162,4.49162,-4.4951,4.51265,-4.51269,0.30444
2163,4.49162,-4.4951,4.5154,-4.5155,0.304409
2164,4.42059,-4.42393,4.51765,-4.51779,0.304409
2165,4.42059,-4.42393,4.51829,-4.51847,0.304427
2166,4.19785,-4.19152,4.51887,-4.51907,0.304449
2167,4.19785,-4.19152,4.51553,-4.51559,0.304463
2168,4.49785,-4.49152,4.51275,-4.51269,0.304442
2169,4.49785,-4.49152,4.5156,-4.51545,0.304412
2170,4.41696,-4.42049,4.51793,-4.51769,0.304412
2171,4.41696,-4.42049,4.51847,-4.51833,0.30443
2172,4.1943,-4.19776,4.51896,-4.51891,0.304452
2173,4.1943,-4.19776,4.51555,-4.51556,0.304465
2174,4.4943,-4.49776,4.51272,-4.51279,0.304445
2175,4.4943,-4.49776,4.51552,-4.51564,0.304414
2176,4.42316,-4.41687,4.5178,-4.51796,0.304415
2177,4.42316,-4.41687,4.51848,-4.5185,0.304433
2178,4.19077,-4.19422,4.51908,-4.51899,0.304455
2179,4.19077,-4.19422,4.5156,-4.51558,0.304469
2180,4.49077,-4.49422,4.5127,-4.51275,0.304448
2181,4.49077,-4.49422,4.51545,-4.51555,0.304417
2182,4.41977,-4.42308,4.51769,-4.51783,0.304416
2183,4.41977,-4.42308,4.51833,-4.5185,0.304433
2184,4.19703,-4.19069,4.5189,-4.5191,0.304455
2185,4.19703,-4.19069,4.51555,-4.51561,0.304468
2186,4.49703,-4.49069,4.51277,-4.51271,0.304447
2187,4.49703,-4.49069,4.51562,-4.51545,0.304416
2188,4.41619,-4.41969,4.51793,-4.51769,0.304416
2189,4.41619,-4.41969,4.51847,-4.51833,0.304434
2190,4.19355,-4.19695,4.51896,-4.5189,0.304455
2191,4.19355,-4.19695,4.51554,-4.51555,0.304467
2192,4.49355,-4.49695,4.5127,-4.51277,0.304446
2193,4.49355,-4.49695,4.51549,-4.51561,0.304416
2194,4.42241,-4.41612,4.51777,-4.51792,0.304416
2195,4.42241,-4.41612,4.51844,-4.51846,0.304434
2196,4.19006,-4.19348,4.51904,-4.51895,0.304455
2197,4.19006,-4.19348,4.51555,-4.51553,0.304468
2198,4.49006,-4.49348,4.51265,-4.51269,0.304447
2199,4.49006,-4.49348,4.51539,-4.51549,0.304415
2200,4.41906,-4.42234,4.51762,-4.51776,0.304414
2201,4.41906,-4.42234,4.51826,-4.51843,0.304431
2202,4.19636,-4.18999,4.51882,-4.51902,0.304452
2203,4.19636,-4.18999,4.51547,-4.51552,0.304465
2204,4.49636,-4.48999,4.51268,-4.51262,0.304444
2205,4.49636,-4.48999,4.51552,-4.51536,0.304412
2206,4.41555,-4.41902,4.51784,-4.51759,0.304412
2207,4.41555,-4.41902,4.51837,-4.51822,0.304429
2208,4.1929,-4.1963,4.51885,-4.51879,0.30445
2209,4.1929,-4.1963,4.51542,-4.51543,0.304462
2210,4.4929,-4.4963,4.51258,-4.51265,0.304441
2211,4.4929,-4.4963,4.51537,-4.51548,0.304409
2212,4.42181,-4.41549,4.51764,-4.5178,0.304409
2213,4.42181,-4.41549,4.51831,-4.51833,0.304427
2214,4.18947,-4.19284,4.5189,-4.51881,0.304448
2215,4.18947,-4.19284,4.51541,-4.51539,0.304461
2216,4.48947,-4.49284,4.5125,-4.51255,0.304439
2217,4.48947,-4.49284,4.51524,-4.51534,0.304407
2218,4.4185,-4.42176,4.51747,-4.51761,0.304405
2219,4.4185,-4.42176,4.5181,-4.51827,0.304422
2220,4.19581,-4.18942,4.51866,-4.51886,0.304443
2221,4.19581,-4.18942,4.5153,-4.51536,0.304455
2222,4.49581,-4.48942,4.51252,-4.51245,0.304434
2223,4.49581,-4.48942,4.51535,-4.51519,0.304402
2224,4.41502,-4.41845,4.51766,-4.51741,0.304401
2225,4.41502,-4.41845,4.51819,-4.51804,0.304418
2226,4.1924,-4.19576,4.51867,-4.5186,0.304438
2227,4.1924,-4.19576,4.51524,-4.51524,0.30445
2228,4.4924,-4.49576,4.51239,-4.51245,0.304429
2229,4.4924,-4.49576,4.51518,-4.51529,0.304397
2230,4.42134,-4.415,4.51745,-4.5176,0.304397
2231,4.42134,-4.415,4.51811,-4.51813,0.304414
2232,4.18898,-4.19236,4.5187,-4.51861,0.304435
2233,4.18898,-4.19236,4.5152,-4.51518,0.304447
2234,4.48898,-4.49236,4.5123,-4.51234,0.304426
2235,4.48898,-4.49236,4.51503,-4.51512,0.304393
2236,4.41807,-4.42129,4.51726,-4.51739,0.304391
2237,4.41807,-4.42129,4.51788,-4.51805,0.304408
2238,4.19542,-4.18896,4.51844,-4.51864,0.304428
2239,4.19542,-4.18896,4.51508,-4.51513,0.304441
2240,4.49542,-4.48896,4.51229,-4.51222,0.304419
2241,4.49542,-4.48896,4.51513,-4.51496,0.304387
2242,4.41467,-4.41806,4.51743,-4.51718,0.304386
2243,4.41467,-4.41806,4.51796,-4.51781,0.304403
2244,4.19208,-4.1954,4.51843,-4.51837,0.304423
2245,4.19208,-4.1954,4.51501,-4.51501,0.304435
2246,4.49208,-4.4954,4.51216,-4.51221,0.304413
2247,4.49208,-4.4954,4.51494,-4.51505,0.304381
2248,4.42103,-4.41467,4.51721,-4.51735,0.30438
2249,4.42103,-4.41467,4.51787,-4.51788,0.304398
2250,4.18873,-4.19209,4.51846,-4.51836,0.304418
2251,4.18873,-4.19209,4.51496,-4.51493,0.304431
2252,4.48873,-4.49209,4.51205,-4.51209,0.304409
2253,4.48873,-4.49209,4.51479,-4.51488,0.304376
2254,4.41788,-4.42108,4.51701,-4.51714,0.304374
2255,4.41788,-4.42108,4.51764,-4.5178,0.304391
2256,4.1952,-4.18875,4.5182,-4.51839,0.304411
2257,4.1952,-4.18875,4.51483,-4.51488,0.304423
2258,4.4952,-4.48875,4.51204,-4.51197,0.304401
2259,4.4952,-4.48875,4.51488,-4.5147,0.304369
2260,4.41451,-4.41791,4.51718,-4.51693,0.304368
2261,4.41451,-4.41791,4.51771,-4.51755,0.304385
2262,4.19193,-4.19523,4.51818,-4.51812,0.304405
2263,4.19193,-4.19523,4.51475,-4.51476,0.304417
2264,4.49193,-4.49523,4.51191,-4.51196,0.304395
2265,4.49193,-4.49523,4.51469,-4.5148,0.304363
2266,4.42093,-4.41454,4.51696,-4.5171,0.304362
2267,4.42093,-4.41454,4.51762,-4.51763,0.304379
2268,4.18863,-4.19197,4.51821,-4.51811,0.3044
2269,4.18863,-4.19197,4.51471,-4.51468,0.304413
2270,4.48863,-4.49197,4.5118,-4.51184,0.304391
2271,4.48863,-4.49197,4.51454,-4.51462,0.304358
2272,4.41776,-4.42097,4.51676,-4.51689,0.304356
2273,4.41776,-4.42097,4.51739,-4.51755,0.304372
2274,4.19511,-4.18867,4.51795,-4.51814,0.304393
2275,4.19511,-4.18867,4.51458,-4.51463,0.304405
2276,4.49511,-4.48867,4.51179,-4.51172,0.304383
2277,4.49511,-4.48867,4.51463,-4.51445,0.304351
2278,4.41444,-4.41782,4.51693,-4.51668,0.30435
2279,4.41444,-4.41782,4.51746,-4.51731,0.304367
2280,4.19186,-4.19517,4.51794,-4.51787,0.304387
2281,4.19186,-4.19517,4.51451,-4.51451,0.304399
2282,4.49186,-4.49517,4.51166,-4.51172,0.304377
2283,4.49186,-4.49517,4.51444,-4.51455,0.304345
2284,4.42091,-4.41453,4.51671,-4.51685,0.304344
2285,4.42091,-4.41453,4.51737,-4.51738,0.304361
2286,4.18863,-4.19194,4.51796,-4.51786,0.304382
2287,4.18863,-4.19194,4.51447,-4.51444,0.304395
2288,4.48864,-4.49194,4.51156,-4.51159,0.304373
2289,4.48864,-4.49194,4.5143,-4.51438,0.30434
2290,4.41781,-4.42099,4.51652,-4.51665,0.304338
2291,4.41781,-4.42099,4.51715,-4.51731,0.304355
2292,4.19518,-4.18872,4.51771,-4.5179,0.304375
2293,4.19518,-4.18872,4.51435,-4.5144,0.304387
2294,4.49518,-4.48872,4.51156,-4.51149,0.304366
2295,4.49518,-4.48872,4.5144,-4.51422,0.304334
2296,4.41452,-4.41789,4.5167,-4.51645,0.304333
2297,4.41452,-4.41789,4.51723,-4.51708,0.304349
2298,4.19198,-4.19526,4.51771,-4.51764,0.30437
2299,4.19198,-4.19526,4.51428,-4.51428,0.304382
2300,4.49198,-4.49526,4.51144,-4.51149,0.30436
2301,4.49198,-4.49526,4.51422,-4.51433,0.304328
2302,4.42105,-4.41459,4.51649,-4.51663,0.304327
2303,4.42105,-4.41459,4.51716,-4.51716,0.304345
2304,4.18877,-4.19205,4.51775,-4.51764,0.304366
2305,4.18877,-4.19205,4.51425,-4.51422,0.304378
2306,4.48877,-4.49205,4.51135,-4.51138,0.304356
2307,4.48877,-4.49205,4.51409,-4.51417,0.304324
2308,4.41796,-4.42112,4.51631,-4.51644,0.304322
2309,4.41796,-4.42112,4.51694,-4.5171,0.304339
2310,4.19536,-4.18884,4.51751,-4.51769,0.304359
2311,4.19536,-4.18884,4.51415,-4.51419,0.304372
2312,4.49536,-4.48884,4.51136,-4.51128,0.30435
2313,4.49536,-4.48884,4.5142,-4.51402,0.304319
2314,4.41468,-4.41803,4.51651,-4.51625,0.304317
2315,4.41468,-4.41803,4.51704,-4.51688,0.304334
2316,4.19217,-4.19542,4.51752,-4.51744,0.304355
2317,4.19217,-4.19542,4.51409,-4.51409,0.304367
2318,4.49217,-4.49542,4.51125,-4.5113,0.304345
2319,4.49217,-4.49542,4.51404,-4.51414,0.304314
2320,4.42121,-4.41475,4.51631,-4.51645,0.304313
2321,4.42121,-4.41475,4.51698,-4.51698,0.304331
2322,4.19856,-4.19223,4.51757,-4.51746,0.304352
2323,4.19856,-4.19223,4.51424,-4.51404,0.304365
2324,4.49856,-4.49223,4.51148,-4.5112,0.304344
2325,4.49856,-4.49223,4.51434,-4.514,0.304313
2326,4.41778,-4.42129,4.51667,-4.51628,0.304314
2327,4.41778,-4.42129,4.51722,-4.51695,0.304332
2328,4.19516,-4.19861,4.51772,-4.51756,0.304354
2329,4.19516,-4.19861,4.51431,-4.51424,0.304368
2330,4.49516,-4.49861,4.51149,-4.51149,0.304348
2331,4.49516,-4.49861,4.5143,-4.51436,0.304318
2332,4.4241,-4.41783,4.51659,-4.5167,0.30432
2333,4.4241,-4.41783,4.51727,-4.51726,0.304339
2334,4.19179,-4.19521,4.51789,-4.51777,0.304362
2335,4.19179,-4.19521,4.51441,-4.51437,0.304376
2336,4.49179,-4.49521,4.51153,-4.51155,0.304356
2337,4.49179,-4.49521,4.51429,-4.51437,0.304326
2338,4.42084,-4.42415,4.51654,-4.51666,0.304326
2339,4.42084,-4.42415,4.51719,-4.51735,0.304344
2340,4.19815,-4.19183,4.51777,-4.51797,0.304366
2341,4.19815,-4.19183,4.51444,-4.51449,0.304381
2342,4.49815,-4.49183,4.51167,-4.5116,0.304361
2343,4.49815,-4.49183,4.51453,-4.51436,0.304331
2344,4.41737,-4.42088,4.51686,-4.51661,0.304331
2345,4.41737,-4.42088,4.51741,-4.51727,0.30435
2346,4.19477,-4.19819,4.51791,-4.51785,0.304372
2347,4.19477,-4.19819,4.51451,-4.51451,0.304386
2348,4.49477,-4.49819,4.51168,-4.51175,0.304366
2349,4.49477,-4.49819,4.51449,-4.5146,0.304336
2350,4.42371,-4.41741,4.51678,-4.51693,0.304337
2351,4.42371,-4.41741,4.51746,-4.51748,0.304356
2352,4.19136,-4.19479,4.51808,-4.51799,0.304379
2353,4.19136,-4.19479,4.5146,-4.51458,0.304393
2354,4.49135,-4.49479,4.51172,-4.51176,0.304372
2355,4.49135,-4.49479,4.51447,-4.51457,0.304342
2356,4.42042,-4.42372,4.51672,-4.51686,0.304342
2357,4.42042,-4.42372,4.51737,-4.51754,0.30436
2358,4.19774,-4.19137,4.51795,-4.51815,0.304381
2359,4.19774,-4.19137,4.51461,-4.51467,0.304395
2360,4.49774,-4.49137,4.51184,-4.51178,0.304375
2361,4.49774,-4.49137,4.5147,-4.51453,0.304345
2362,4.41695,-4.42044,4.51702,-4.51678,0.304345
2363,4.41695,-4.42044,4.51757,-4.51742,0.304364
2364,4.19434,-4.19776,4.51806,-4.518,0.304385
2365,4.19434,-4.19776,4.51465,-4.51466,0.304399
2366,4.49434,-4.49776,4.51183,-4.51189,0.304378
2367,4.49434,-4.49776,4.51463,-4.51475,0.304348
2368,4.42325,-4.41697,4.51692,-4.51707,0.304349
2369,4.42325,-4.41697,4.5176,-4.51762,0.304368
2370,4.1909,-4.19435,4.51821,-4.51812,0.30439
2371,4.1909,-4.19435,4.51473,-4.51471,0.304404
2372,4.4909,-4.49435,4.51184,-4.51188,0.304383
2373,4.4909,-4.49435,4.51459,-4.51469,0.304352
2374,4.41999,-4.42328,4.51683,-4.51697,0.304352
2375,4.41999,-4.42328,4.51748,-4.51765,0.304369
2376,4.19727,-4.19091,4.51805,-4.51826,0.304391
2377,4.19727,-4.19091,4.51471,-4.51477,0.304405
2378,4.49727,-4.49091,4.51194,-4.51187,0.304384
2379,4.49727,-4.49091,4.51479,-4.51462,0.304354
2380,4.4165,-4.41998,4.51711,-4.51686,0.304354
2381,4.4165,-4.41998,4.51765,-4.51751,0.304372
2382,4.19389,-4.19726,4.51814,-4.51808,0.304393
2383,4.19389,-4.19726,4.51473,-4.51474,0.304406
2384,4.49389,-4.49726,4.5119,-4.51196,0.304386
2385,4.49389,-4.49726,4.5147,-4.51481,0.304355
2386,4.42282,-4.41649,4.51698,-4.51713,0.304356
2387,4.42282,-4.41649,4.51766,-4.51767,0.304374
2388,4.19048,-4.19388,4.51826,-4.51817,0.304396
2389,4.19048,-4.19388,4.51478,-4.51476,0.30441
2390,4.49048,-4.49389,4.51189,-4.51193,0.304389
2391,4.49048,-4.49389,4.51463,-4.51473,0.304357
2392,4.41954,-4.42281,4.51687,-4.51701,0.304357
2393,4.41954,-4.42281,4.51751,-4.51768,0.304374
2394,4.19685,-4.19047,4.51809,-4.51829,0.304395
2395,4.19685,-4.19047,4.51474,-4.51479,0.304409
2396,4.49685,-4.49047,4.51196,-4.5119,0.304388
2397,4.49685,-4.49047,4.51481,-4.51464,0.304357
2398,4.4161,-4.41956,4.51713,-4.51688,0.304357
2399,4.4161,-4.41956,4.51767,-4.51752,0.304375
2400,4.19348,-4.19684,4.51816,-4.51809,0.304396
2401,4.19348,-4.19684,4.51474,-4.51475,0.304409
2402,4.49348,-4.49684,4.5119,-4.51197,0.304388
2403,4.49348,-4.49684,4.5147,-4.51481,0.304357
2404,4.42244,-4.41609,4.51698,-4.51713,0.304357
2405,4.42244,-4.41609,4.51765,-4.51767,0.304375
2406,4.19009,-4.19347,4.51826,-4.51816,0.304397
2407,4.19009,-4.19347,4.51477,-4.51475,0.30441
2408,4.49009,-4.49347,4.51187,-4.51191,0.304389
2409,4.49009,-4.49347,4.51462,-4.51471,0.304358
2410,4.41919,-4.42244,4.51685,-4.51699,0.304357
2411,4.41919,-4.42244,4.51749,-4.51766,0.304374
2412,4.19651,-4.19011,4.51806,-4.51826,0.304395
2413,4.19651,-4.19011,4.51471,-4.51476,0.304408
2414,4.49651,-4.49011,4.51193,-4.51186,0.304387
2415,4.49651,-4.49011,4.51477,-4.51461,0.304356
2416,4.41574,-4.41918,4.51709,-4.51684,0.304356
2417,4.41574,-4.41918,4.51763,-4.51748,0.304373
2418,4.19316,-4.1965,4.51811,-4.51805,0.304394
2419,4.19316,-4.1965,4.51469,-4.5147,0.304407
2420,4.49316,-4.4965,4.51186,-4.51192,0.304386
2421,4.49316,-4.4965,4.51465,-4.51476,0.304355
2422,4.42213,-4.41573,4.51693,-4.51708,0.304355
2423,4.42213,-4.41573,4.5176,-4.51761,0.304373
2424,4.18979,-4.19315,4.5182,-4.5181,0.304394
2425,4.18979,-4.19315,4.51471,-4.51468,0.304407
2426,4.48979,-4.49315,4.51181,-4.51185,0.304386
2427,4.48979,-4.49315,4.51455,-4.51464,0.304354
2428,4.41889,-4.42212,4.51679,-4.51692,0.304353
2429,4.41889,-4.42212,4.51742,-4.51759,0.30437
2430,4.19622,-4.18978,4.51799,-4.51819,0.304391
2431,4.19622,-4.18978,4.51464,-4.51469,0.304404
2432,4.49622,-4.48978,4.51186,-4.51179,0.304383
2433,4.49622,-4.48978,4.5147,-4.51453,0.304352
2434,4.42507,-4.41889,4.51701,-4.51676,0.304351
2435,4.42507,-4.41889,4.51771,-4.51739,0.304369
2436,4.19272,-4.19621,4.51834,-4.51796,0.30439
2437,4.19272,-4.19621,4.51487,-4.51462,0.304404
2438,4.49272,-4.49621,4.51199,-4.51184,0.304384
2439,4.49272,-4.49621,4.51475,-4.51469,0.304353
2440,4.42169,-4.42507,4.517,-4.51701,0.304354
2441,4.42169,-4.42507,4.51765,-4.51771,0.304372
2442,4.19896,-4.19271,4.51823,-4.51835,0.304395
2443,4.19896,-4.19271,4.5149,-4.51488,0.304409
2444,4.49896,-4.49271,4.51213,-4.51201,0.30439
2445,4.49896,-4.49271,4.51499,-4.51478,0.30436
2446,4.41812,-4.4217,4.51732,-4.51704,0.304361
2447,4.41812,-4.4217,4.51787,-4.5177,0.30438
2448,4.19544,-4.19895,4.51837,-4.51829,0.304402
2449,4.19544,-4.19895,4.51497,-4.51496,0.304416
2450,4.49544,-4.49895,4.51215,-4.5122,0.304397
2451,4.49544,-4.49895,4.51496,-4.51507,0.304367
2452,4.4243,-4.41811,4.51725,-4.5174,0.304368
2453,4.4243,-4.41811,4.51794,-4.51795,0.304388
2454,4.19193,-4.19543,4.51855,-4.51846,0.304411
2455,4.19193,-4.19543,4.51508,-4.51506,0.304425
2456,4.49193,-4.49543,4.51219,-4.51224,0.304405
2457,4.49193,-4.49543,4.51495,-4.51505,0.304375
2458,4.42091,-4.42429,4.5172,-4.51735,0.304375
2459,4.42091,-4.42429,4.51785,-4.51803,0.304393
2460,4.1982,-4.19192,4.51844,-4.51864,0.304415
2461,4.1982,-4.19192,4.5151,-4.51516,0.304429
2462,4.4982,-4.49192,4.51233,-4.51227,0.30441
2463,4.4982,-4.49192,4.51519,-4.51503,0.304379
2464,4.41736,-4.4209,4.51751,-4.51728,0.30438
2465,4.41736,-4.4209,4.51806,-4.51792,0.304398
2466,4.19472,-4.19819,4.51856,-4.51851,0.30442
2467,4.19472,-4.19819,4.51515,-4.51517,0.304434
2468,4.49472,-4.49819,4.51232,-4.5124,0.304414
2469,4.49472,-4.49819,4.51513,-4.51525,0.304384
2470,4.42358,-4.41733,4.51742,-4.51758,0.304384
2471,4.42358,-4.41733,4.5181,-4.51812,0.304403
2472,4.19121,-4.19469,4.51871,-4.51862,0.304426
2473,4.19121,-4.19469,4.51523,-4.51521,0.30444
2474,4.49121,-4.49469,4.51234,-4.51239,0.304419
2475,4.49121,-4.49469,4.51509,-4.51519,0.304388
2476,4.42021,-4.42353,4.51733,-4.51748,0.304388
2477,4.42021,-4.42353,4.51798,-4.51816,0.304406
2478,4.19751,-4.19113,4.51856,-4.51876,0.304427
2479,4.19751,-4.19113,4.51521,-4.51527,0.304441
2480,4.49751,-4.49113,4.51244,-4.51238,0.304421
2481,4.49751,-4.49113,4.51529,-4.51513,0.30439
2482,4.41666,-4.42014,4.51761,-4.51737,0.30439
2483,4.41666,-4.42014,4.51815,-4.51801,0.304408
2484,4.19401,-4.19742,4.51864,-4.51858,0.304429
2485,4.19401,-4.19742,4.51523,-4.51524,0.304443
2486,4.49401,-4.49742,4.51239,-4.51246,0.304422
2487,4.49401,-4.49742,4.51519,-4.51531,0.304391
2488,4.42285,-4.41657,4.51748,-4.51763,0.304392
2489,4.42285,-4.41657,4.51815,-4.51817,0.30441
2490,4.19049,-4.19392,4.51875,-4.51866,0.304432
2491,4.19049,-4.19392,4.51527,-4.51525,0.304446
2492,4.49049,-4.49392,4.51237,-4.51242,0.304425
2493,4.49049,-4.49392,4.51512,-4.51522,0.304393
2494,4.41952,-4.42279,4.51736,-4.5175,0.304392
2495,4.41952,-4.42279,4.51799,-4.51817,0.30441
2496,4.19679,-4.19041,4.51856,-4.51877,0.304431
2497,4.19679,-4.19041,4.51521,-4.51527,0.304444
2498,4.49679,-4.49041,4.51243,-4.51237,0.304423
2499,4.49679,-4.49041,4.51528,-4.51512,0.304392
2500,4.41599,-4.41944,4.5176,-4.51735,0.304392
2501,4.41599,-4.41944,4.51813,-4.51799,0.30441
2502,4.19335,-4.19671,4.51862,-4.51856,0.304431
2503,4.19335,-4.19671,4.5152,-4.51521,0.304443
2504,4.49335,-4.49671,4.51236,-4.51242,0.304422
2505,4.49335,-4.49671,4.51515,-4.51527,0.304391
2506,4.42222,-4.41591,4.51743,-4.51758,0.304391
2507,4.42222,-4.41591,4.5181,-4.51812,0.304409
2508,4.1899,-4.19327,4.5187,-4.5186,0.304431
2509,4.1899,-4.19327,4.51521,-4.51519,0.304444
2510,4.4899,-4.49327,4.51231,-4.51235,0.304423
2511,4.4899,-4.49327,4.51505,-4.51514,0.304391
2512,4.41893,-4.42215,4.51728,-4.51742,0.30439
2513,4.41893,-4.42215,4.51792,-4.51809,0.304407
2514,4.19626,-4.18983,4.51848,-4.51868,0.304427
2515,4.19626,-4.18983,4.51513,-4.51518,0.30444
2516,4.49626,-4.48983,4.51235,-4.51228,0.304419
2517,4.49626,-4.48983,4.51519,-4.51502,0.304388
2518,4.41548,-4.41886,4.5175,-4.51725,0.304387
2519,4.41548,-4.41886,4.51803,-4.51788,0.304404
2520,4.19285,-4.19619,4.51851,-4.51845,0.304425
2521,4.19285,-4.19619,4.51509,-4.51509,0.304437
2522,4.49285,-4.49619,4.51225,-4.51231,0.304416
2523,4.49285,-4.49619,4.51504,-4.51514,0.304385
2524,4.42179,-4.41544,4.51731,-4.51746,0.304384
2525,4.42179,-4.41544,4.51798,-4.51799,0.304402
2526,4.18945,-4.1928,4.51857,-4.51847,0.304423
2527,4.18945,-4.1928,4.51508,-4.51505,0.304436
2528,4.48945,-4.4928,4.51218,-4.51221,0.304415
2529,4.48945,-4.4928,4.51491,-4.515,0.304383
2530,4.41854,-4.42175,4.51714,-4.51728,0.304381
2531,4.41854,-4.42175,4.51777,-4.51794,0.304398
2532,4.19588,-4.18943,4.51834,-4.51853,0.304418
2533,4.19588,-4.18943,4.51498,-4.51503,0.304431
2534,4.49588,-4.48943,4.5122,-4.51213,0.30441
2535,4.49588,-4.48943,4.51503,-4.51486,0.304378
2536,4.41514,-4.41851,4.51735,-4.51709,0.304377
2537,4.41514,-4.41851,4.51788,-4.51772,0.304394
2538,4.19254,-4.19584,4.51836,-4.51829,0.304415
2539,4.19254,-4.19584,4.51493,-4.51493,0.304427
2540,4.49254,-4.49584,4.51209,-4.51214,0.304405
2541,4.49254,-4.49584,4.51487,-4.51498,0.304374
2542,4.42151,-4.4151,4.51714,-4.51729,0.304373
2543,4.42151,-4.4151,4.51781,-4.51782,0.304391
2544,4.18918,-4.19251,4.51841,-4.5183,0.304412
2545,4.18918,-4.19251,4.51491,-4.51488,0.304425
2546,4.48918,-4.49251,4.512,-4.51204,0.304403
2547,4.48918,-4.49251,4.51474,-4.51483,0.304371
2548,4.41831,-4.42148,4.51697,-4.5171,0.304369
2549,4.41831,-4.42148,4.5176,-4.51776,0.304386
2550,4.19565,-4.18915,4.51816,-4.51835,0.304406
2551,4.19565,-4.18915,4.51481,-4.51485,0.304419
2552,4.49565,-4.48915,4.51202,-4.51194,0.304397
2553,4.49565,-4.48915,4.51485,-4.51468,0.304366
2554,4.41492,-4.41828,4.51716,-4.51691,0.304365
2555,4.41492,-4.41828,4.51769,-4.51754,0.304382
2556,4.19233,-4.19562,4.51817,-4.5181,0.304402
2557,4.19233,-4.19562,4.51475,-4.51474,0.304414
2558,4.49233,-4.49562,4.5119,-4.51195,0.304392
2559,4.49233,-4.49562,4.51469,-4.51479,0.304361
2560,4.42131,-4.41489,4.51696,-4.5171,0.30436
2561,4.42131,-4.41489,4.51762,-4.51763,0.304378
2562,4.189,-4.19232,4.51822,-4.51811,0.304399
2563,4.189,-4.19232,4.51472,-4.51469,0.304412
2564,4.489,-4.49232,4.51181,-4.51185,0.30439
2565,4.489,-4.49232,4.51455,-4.51464,0.304358
2566,4.41814,-4.42133,4.51678,-4.5169,0.304356
2567,4.41814,-4.42133,4.51741,-4.51757,0.304372
2568,4.19546,-4.189,4.51797,-4.51816,0.304393
2569,4.19546,-4.189,4.51461,-4.51466,0.304405
2570,4.49546,-4.489,4.51182,-4.51175,0.304384
2571,4.49546,-4.489,4.51466,-4.51448,0.304352
2572,4.41478,-4.41814,4.51697,-4.51671,0.304351
2573,4.41478,-4.41814,4.5175,-4.51734,0.304368
2574,4.19219,-4.19546,4.51797,-4.5179,0.304388
2575,4.19219,-4.19546,4.51455,-4.51455,0.3044
2576,4.49219,-4.49546,4.5117,-4.51176,0.304378
2577,4.49219,-4.49546,4.51449,-4.51459,0.304347
2578,4.42123,-4.41478,4.51676,-4.5169,0.304346
2579,4.42123,-4.41478,4.51742,-4.51743,0.304364
2580,4.18895,-4.19222,4.51802,-4.51791,0.304385
2581,4.18895,-4.19222,4.51452,-4.51449,0.304397
2582,4.48895,-4.49222,4.51162,-4.51165,0.304375
2583,4.48895,-4.49222,4.51436,-4.51444,0.304343
2584,4.41809,-4.42123,4.51658,-4.51671,0.304342
2585,4.41809,-4.42123,4.51721,-4.51737,0.304358
2586,4.19546,-4.18895,4.51777,-4.51796,0.304379
2587,4.19546,-4.18895,4.51442,-4.51446,0.304391
2588,4.49546,-4.48895,4.51163,-4.51155,0.304369
2589,4.49546,-4.48895,4.51447,-4.51429,0.304338
2590,4.42439,-4.41811,4.51678,-4.51651,0.304337
2591,4.42439,-4.41811,4.51747,-4.51714,0.304354
2592,4.19205,-4.19548,4.51809,-4.51771,0.304375
2593,4.19205,-4.19548,4.51461,-4.51436,0.304388
2594,4.49205,-4.49548,4.51173,-4.51157,0.304368
2595,4.49205,-4.49548,4.51449,-4.51442,0.304337
2596,4.42109,-4.42441,4.51673,-4.51673,0.304337
2597,4.42109,-4.42441,4.51738,-4.51744,0.304355
2598,4.19839,-4.19206,4.51796,-4.51807,0.304377
2599,4.19839,-4.19206,4.51462,-4.5146,0.304391
2600,4.49839,-4.49206,4.51185,-4.51172,0.304371
2601,4.49839,-4.49206,4.51471,-4.51449,0.304341
2602,4.41758,-4.42113,4.51704,-4.51675,0.304342
2603,4.41758,-4.42113,4.51758,-4.5174,0.304361
2604,4.19495,-4.19843,4.51808,-4.51799,0.304383
2605,4.19495,-4.19843,4.51467,-4.51466,0.304397
2606,4.49495,-4.49843,4.51185,-4.5119,0.304377
2607,4.49495,-4.49843,4.51466,-4.51476,0.304347
2608,4.42383,-4.41761,4.51695,-4.51709,0.304348
2609,4.42383,-4.41761,4.51763,-4.51764,0.304367
2610,4.19147,-4.19499,4.51824,-4.51815,0.30439
2611,4.19147,-4.19499,4.51477,-4.51475,0.304404
2612,4.49147,-4.49499,4.51188,-4.51192,0.304384
2613,4.49147,-4.49499,4.51464,-4.51473,0.304353
2614,4.42052,-4.42389,4.51688,-4.51702,0.304353
2615,4.42052,-4.42389,4.51753,-4.51771,0.304371
2616,4.19779,-4.19151,4.51811,-4.51832,0.304393
2617,4.19779,-4.19151,4.51477,-4.51483,0.304407
2618,4.49779,-4.49151,4.512,-4.51194,0.304387
2619,4.49779,-4.49151,4.51486,-4.5147,0.304357
2620,4.41699,-4.42055,4.51718,-4.51694,0.304357
2621,4.41699,-4.42055,4.51773,-4.51759,0.304375
2622,4.19438,-4.19782,4.51822,-4.51817,0.304397
2623,4.19438,-4.19782,4.51481,-4.51483,0.304411
2624,4.49438,-4.49782,4.51199,-4.51206,0.30439
2625,4.49438,-4.49782,4.51479,-4.51491,0.30436
2626,4.42328,-4.41703,4.51708,-4.51724,0.304361
2627,4.42328,-4.41703,4.51776,-4.51778,0.30438
2628,4.19094,-4.19439,4.51837,-4.51828,0.304402
2629,4.19094,-4.19439,4.51488,-4.51487,0.304416
2630,4.49094,-4.49439,4.512,-4.51204,0.304395
2631,4.49094,-4.49439,4.51475,-4.51485,0.304364
2632,4.41998,-4.42329,4.51699,-4.51713,0.304363
2633,4.41998,-4.42329,4.51763,-4.51781,0.304381
2634,4.19728,-4.19095,4.51821,-4.51841,0.304403
2635,4.19728,-4.19095,4.51487,-4.51493,0.304416
2636,4.49728,-4.49095,4.51209,-4.51203,0.304396
2637,4.49728,-4.49095,4.51494,-4.51478,0.304365
2638,4.41651,-4.41999,4.51726,-4.51702,0.304365
2639,4.41651,-4.41999,4.51781,-4.51766,0.304383
2640,4.19386,-4.19729,4.5183,-4.51824,0.304405
2641,4.19386,-4.19729,4.51488,-4.5149,0.304418
2642,4.49386,-4.49729,4.51205,-4.51212,0.304397
2643,4.49386,-4.49729,4.51485,-4.51497,0.304367
2644,4.42281,-4.41652,4.51713,-4.51729,0.304367
2645,4.42281,-4.41652,4.51781,-4.51783,0.304385
2646,4.19045,-4.19387,4.51841,-4.51832,0.304407
2647,4.19045,-4.19387,4.51493,-4.51491,0.304421
2648,4.49045,-4.49387,4.51203,-4.51208,0.3044
2649,4.49045,-4.49387,4.51478,-4.51488,0.304369
2650,4.41953,-4.42279,4.51702,-4.51716,0.304368
2651,4.41953,-4.42279,4.51766,-4.51783,0.304385
2652,4.19685,-4.19046,4.51823,-4.51844,0.304406
2653,4.19685,-4.19046,4.51489,-4.51494,0.30442
2654,4.49685,-4.49046,4.51211,-4.51204,0.304399
2655,4.49685,-4.49046,4.51495,-4.51479,0.304368
2656,4.41607,-4.41952,4.51727,-4.51703,0.304368
2657,4.41607,-4.41952,4.51781,-4.51766,0.304386
2658,4.19345,-4.19683,4.5183,-4.51824,0.304407
2659,4.19345,-4.19683,4.51488,-4.51489,0.304419
2660,4.49345,-4.49683,4.51204,-4.51211,0.304398
2661,4.49345,-4.49683,4.51484,-4.51495,0.304368
2662,4.42241,-4.41605,4.51712,-4.51727,0.304368
2663,4.42241,-4.41605,4.51779,-4.51781,0.304386
2664,4.19006,-4.19344,4.5184,-4.5183,0.304408
2665,4.19006,-4.19344,4.51491,-4.51488,0.304421
2666,4.49006,-4.49344,4.51201,-4.51205,0.3044
2667,4.49006,-4.49344,4.51475,-4.51485,0.304368
2668,4.41916,-4.4224,4.51699,-4.51712,0.304367
2669,4.41916,-4.4224,4.51762,-4.51779,0.304384
2670,4.19648,-4.19005,4.5182,-4.51839,0.304405
2671,4.19648,-4.19005,4.51484,-4.5149,0.304418
2672,4.49648,-4.49005,4.51206,-4.512,0.304397
2673,4.49648,-4.49005,4.51491,-4.51474,0.304366
2674,4.41571,-4.41915,4.51722,-4.51697,0.304366
2675,4.41571,-4.41915,4.51776,-4.51761,0.304383
2676,4.19311,-4.19647,4.51824,-4.51818,0.304404
2677,4.19311,-4.19647,4.51482,-4.51483,0.304417
2678,4.4931,-4.49647,4.51198,-4.51205,0.304395
2679,4.4931,-4.49647,4.51478,-4.51489,0.304364
2680,4.42206,-4.4157,4.51705,-4.5172,0.304364
2681,4.42206,-4.4157,4.51772,-4.51774,0.304382
2682,4.18974,-4.1931,4.51832,-4.51823,0.304404
2683,4.18974,-4.1931,4.51483,-4.51481,0.304417
2684,4.48974,-4.4931,4.51193,-4.51197,0.304395
2685,4.48974,-4.4931,4.51468,-4.51477,0.304364
2686,4.41885,-4.42207,4.51691,-4.51704,0.304362
2687,4.41885,-4.42207,4.51754,-4.51771,0.304379
2688,4.19615,-4.18973,4.51811,-4.51831,0.3044
2689,4.19615,-4.18973,4.51476,-4.51481,0.304413
2690,4.49615,-4.48973,4.51197,-4.5119,0.304392
2691,4.49615,-4.48973,4.51481,-4.51465,0.304361
2692,4.41543,-4.41884,4.51713,-4.51688,0.30436
2693,4.41543,-4.41884,4.51766,-4.51751,0.304377
2694,4.19283,-4.19614,4.51815,-4.51808,0.304398
2695,4.19283,-4.19614,4.51472,-4.51472,0.30441
2696,4.49283,-4.49614,4.51188,-4.51194,0.304389
2697,4.49283,-4.49614,4.51467,-4.51478,0.304358
2698,4.42181,-4.41542,4.51695,-4.51709,0.304358
2699,4.42181,-4.41542,4.51762,-4.51763,0.304375
2700,4.1895,-4.19284,4.51822,-4.51811,0.304397
2701,4.1895,-4.19284,4.51472,-4.51469,0.30441
2702,4.4895,-4.49284,4.51182,-4.51186,0.304388
2703,4.4895,-4.49284,4.51456,-4.51465,0.304356
2704,4.41859,-4.4218,4.51679,-4.51692,0.304355
2705,4.41859,-4.4218,4.51743,-4.51759,0.304372
2706,4.19593,-4.18948,4.51799,-4.51818,0.304392
2707,4.19593,-4.18948,4.51464,-4.51468,0.304405
2708,4.49593,-4.48948,4.51185,-4.51178,0.304384
2709,4.49593,-4.48948,4.51469,-4.51452,0.304353
2710,4.41523,-4.41858,4.517,-4.51675,0.304352
2711,4.41523,-4.41858,4.51754,-4.51738,0.304369
2712,4.19263,-4.19591,4.51802,-4.51795,0.304389
2713,4.19263,-4.19591,4.5146,-4.51459,0.304402
2714,4.49263,-4.49591,4.51175,-4.51181,0.30438
2715,4.49263,-4.49591,4.51454,-4.51465,0.304349
2716,4.42163,-4.41522,4.51682,-4.51696,0.304349
2717,4.42163,-4.41522,4.51748,-4.51749,0.304366
2718,4.19892,-4.19262,4.51808,-4.51798,0.304388
2719,4.19892,-4.19262,4.51475,-4.51456,0.304401
2720,4.49892,-4.49262,4.51199,-4.51172,0.30438
2721,4.49892,-4.49262,4.51485,-4.51452,0.30435
2722,4.41808,-4.42164,4.51718,-4.51679,0.30435
2723,4.41808,-4.42164,4.51773,-4.51747,0.304369
2724,4.19545,-4.19893,4.51823,-4.51808,0.304391
2725,4.19545,-4.19893,4.51483,-4.51476,0.304405
2726,4.49545,-4.49893,4.512,-4.512,0.304385
2727,4.49545,-4.49893,4.51481,-4.51487,0.304355
2728,4.42431,-4.4181,4.5171,-4.51721,0.304356
2729,4.42431,-4.4181,4.51779,-4.51777,0.304376
2730,4.19195,-4.19546,4.5184,-4.51828,0.304399
2731,4.19195,-4.19546,4.51493,-4.51489,0.304413
2732,4.49195,-4.49546,4.51204,-4.51207,0.304393
2733,4.49195,-4.49546,4.5148,-4.51489,0.304363
2734,4.42097,-4.42435,4.51705,-4.51718,0.304363
2735,4.42097,-4.42435,4.5177,-4.51787,0.304381
2736,4.19823,-4.19196,4.51828,-4.51848,0.304403
2737,4.19823,-4.19196,4.51495,-4.515,0.304418
2738,4.49823,-4.49196,4.51218,-4.51212,0.304398
2739,4.49823,-4.49196,4.51503,-4.51487,0.304368
2740,4.41742,-4.42098,4.51736,-4.51712,0.304368
2741,4.41742,-4.42098,4.51791,-4.51777,0.304387
2742,4.19475,-4.19824,4.51841,-4.51836,0.304409
2743,4.19475,-4.19824,4.515,-4.51502,0.304423
2744,4.49475,-4.49824,4.51218,-4.51225,0.304402
2745,4.49475,-4.49824,4.51498,-4.5151,0.304373
2746,4.42364,-4.41743,4.51727,-4.51743,0.304373
2747,4.42364,-4.41743,4.51795,-4.51798,0.304392
2748,4.19129,-4.19479,4.51856,-4.51848,0.304415
2749,4.19129,-4.19479,4.51508,-4.51507,0.304429
2750,4.49129,-4.49479,4.5122,-4.51225,0.304408
2751,4.49129,-4.49479,4.51495,-4.51506,0.304378
2752,4.42029,-4.42362,4.5172,-4.51734,0.304377
2753,4.42029,-4.42362,4.51784,-4.51802,0.304395
2754,4.19759,-4.19127,4.51842,-4.51863,0.304417
2755,4.19759,-4.19127,4.51508,-4.51514,0.304431
2756,4.49759,-4.49127,4.5123,-4.51225,0.30441
2757,4.49759,-4.49127,4.51516,-4.515,0.30438
2758,4.4168,-4.42028,4.51748,-4.51724,0.30438
2759,4.4168,-4.42028,4.51802,-4.51788,0.304398
2760,4.19415,-4.19758,4.51852,-4.51846,0.30442
2761,4.19415,-4.19758,4.5151,-4.51512,0.304433
2762,4.49415,-4.49758,4.51227,-4.51234,0.304412
2763,4.49415,-4.49758,4.51507,-4.51519,0.304382
2764,4.42304,-4.41677,4.51736,-4.51751,0.304382
2765,4.42304,-4.41677,4.51803,-4.51805,0.304401
2766,4.19067,-4.19411,4.51864,-4.51855,0.304423
2767,4.19067,-4.19411,4.51515,-4.51514,0.304437
2768,4.49067,-4.49411,4.51226,-4.51231,0.304416
2769,4.49067,-4.49411,4.51501,-4.51511,0.304385
2770,4.4197,-4.423,4.51725,-4.51739,0.304384
2771,4.4197,-4.423,4.51789,-4.51806,0.304401
2772,4.19701,-4.19066,4.51846,-4.51867,0.304423
2773,4.19701,-4.19066,4.51511,-4.51517,0.304436
2774,4.49701,-4.49066,4.51234,-4.51228,0.304415
2775,4.49701,-4.49066,4.51518,-4.51502,0.304385
2776,4.4162,-4.41966,4.5175,-4.51726,0.304384
2777,4.4162,-4.41966,4.51804,-4.5179,0.304402
2778,4.19358,-4.19697,4.51853,-4.51847,0.304423
2779,4.19358,-4.19697,4.51511,-4.51512,0.304436
2780,4.49358,-4.49697,4.51227,-4.51234,0.304415
2781,4.49358,-4.49697,4.51507,-4.51519,0.304384
2782,4.42249,-4.41617,4.51735,-4.5175,0.304384
2783,4.42249,-4.41617,4.51802,-4.51804,0.304403
2784,4.19014,-4.19355,4.51863,-4.51853,0.304424
2785,4.19014,-4.19355,4.51514,-4.51512,0.304438
2786,4.49014,-4.49355,4.51224,-4.51228,0.304416
2787,4.49014,-4.49355,4.51498,-4.51508,0.304385
2788,4.41918,-4.42246,4.51722,-4.51736,0.304384
2789,4.41918,-4.42246,4.51785,-4.51803,0.304401
2790,4.19651,-4.19011,4.51842,-4.51862,0.304422
2791,4.19651,-4.19011,4.51507,-4.51513,0.304435
2792,4.4965,-4.49011,4.51229,-4.51222,0.304414
2793,4.4965,-4.49011,4.51513,-4.51497,0.304383
2794,4.41574,-4.41916,4.51745,-4.5172,0.304382
2795,4.41574,-4.41916,4.51798,-4.51783,0.3044
2796,4.19313,-4.19648,4.51847,-4.5184,0.30442
2797,4.19313,-4.19648,4.51505,-4.51505,0.304433
2798,4.49313,-4.49648,4.51221,-4.51227,0.304412
2799,4.49313,-4.49648,4.515,-4.51511,0.304381
2800,4.42203,-4.41571,4.51727,-4.51743,0.304381
2801,4.42203,-4.41571,4.51794,-4.51796,0.304399
2802,4.18971,-4.19311,4.51854,-4.51845,0.30442
2803,4.18971,-4.19311,4.51505,-4.51503,0.304433
2804,4.48971,-4.4931,4.51215,-4.51219,0.304412
2805,4.48971,-4.4931,4.51489,-4.51498,0.30438
2806,4.4188,-4.42201,4.51712,-4.51726,0.304379
2807,4.4188,-4.42201,4.51776,-4.51793,0.304395
2808,4.1961,-4.18969,4.51832,-4.51852,0.304416
2809,4.1961,-4.18969,4.51497,-4.51502,0.304429
2810,4.4961,-4.48969,4.51218,-4.51212,0.304408
2811,4.4961,-4.48969,4.51502,-4.51486,0.304376
2812,4.41538,-4.41878,4.51734,-4.51708,0.304376
2813,4.41538,-4.41878,4.51787,-4.51772,0.304393
2814,4.19275,-4.19609,4.51835,-4.51828,0.304413
2815,4.19275,-4.19609,4.51493,-4.51493,0.304426
2816,4.49275,-4.49609,4.51208,-4.51214,0.304404
2817,4.49275,-4.49609,4.51487,-4.51498,0.304373
2818,4.42172,-4.41536,4.51715,-4.5173,0.304373
2819,4.42172,-4.41536,4.51781,-4.51783,0.304391
2820,4.1894,-4.19276,4.51841,-4.51831,0.304412
2821,4.1894,-4.19276,4.51492,-4.51489,0.304425
2822,4.4894,-4.49276,4.51201,-4.51205,0.304403
2823,4.4894,-4.49276,4.51475,-4.51484,0.304371
2824,4.4185,-4.4217,4.51698,-4.51712,0.304369
2825,4.4185,-4.4217,4.51761,-4.51778,0.304386
2826,4.19584,-4.18939,4.51818,-4.51837,0.304407
2827,4.19584,-4.18939,4.51482,-4.51487,0.30442
2828,4.49584,-4.48939,4.51204,-4.51197,0.304398
2829,4.49584,-4.48939,4.51488,-4.5147,0.304367
2830,4.41512,-4.41849,4.51719,-4.51693,0.304366
2831,4.41512,-4.41849,4.51772,-4.51756,0.304383
2832,4.1925,-4.19582,4.5182,-4.51813,0.304403
2833,4.1925,-4.19582,4.51477,-4.51477,0.304415
2834,4.4925,-4.49582,4.51193,-4.51199,0.304394
2835,4.4925,-4.49582,4.51472,-4.51482,0.304363
2836,4.4215,-4.41511,4.51699,-4.51713,0.304362
2837,4.4215,-4.41511,4.51765,-4.51766,0.30438
2838,4.18917,-4.19249,4.51825,-4.51815,0.304401
2839,4.18917,-4.19249,4.51475,-4.51473,0.304413
2840,4.48917,-4.49249,4.51185,-4.51188,0.304392
2841,4.48917,-4.49249,4.51459,-4.51468,0.30436
2842,4.4183,-4.42149,4.51682,-4.51695,0.304358
2843,4.4183,-4.42149,4.51745,-4.51761,0.304375
2844,4.19564,-4.18918,4.51801,-4.5182,0.304395
2845,4.19564,-4.18918,4.51465,-4.5147,0.304408
2846,4.49564,-4.48918,4.51187,-4.51179,0.304386
2847,4.49564,-4.48918,4.5147,-4.51453,0.304355
2848,4.4149,-4.41829,4.51701,-4.51676,0.304354
2849,4.4149,-4.41829,4.51754,-4.51739,0.304371
2850,4.19234,-4.19563,4.51802,-4.51795,0.304391
2851,4.19234,-4.19563,4.5146,-4.5146,0.304403
2852,4.49234,-4.49563,4.51175,-4.51181,0.304382
2853,4.49234,-4.49563,4.51454,-4.51464,0.30435
2854,4.42134,-4.41492,4.51681,-4.51695,0.30435
2855,4.42134,-4.41492,4.51748,-4.51748,0.304367
2856,4.18904,-4.19235,4.51807,-4.51797,0.304388
2857,4.18904,-4.19235,4.51457,-4.51454,0.304401
2858,4.48904,-4.49235,4.51167,-4.5117,0.304379
2859,4.48904,-4.49235,4.51441,-4.51449,0.304347
2860,4.4182,-4.42138,4.51664,-4.51676,0.304345
2861,4.4182,-4.42138,4.51727,-4.51743,0.304362
2862,4.19554,-4.18907,4.51783,-4.51802,0.304382
2863,4.19554,-4.18907,4.51447,-4.51452,0.304395
2864,4.49554,-4.48907,4.51169,-4.51161,0.304373
2865,4.49554,-4.48907,4.51452,-4.51435,0.304342
2866,4.42447,-4.41823,4.51683,-4.51658,0.304341
2867,4.42447,-4.41823,4.51753,-4.51721,0.304358
2868,4.19212,-4.1956,4.51815,-4.51777,0.304379
2869,4.19212,-4.1956,4.51467,-4.51442,0.304393
2870,4.49212,-4.4956,4.51179,-4.51164,0.304372
2871,4.49212,-4.4956,4.51455,-4.51448,0.304341
2872,4.42114,-4.4245,4.51679,-4.5168,0.304341
2873,4.42114,-4.4245,4.51744,-4.5175,0.304359
2874,4.19844,-4.19218,4.51802,-4.51813,0.304381
2875,4.19844,-4.19218,4.51468,-4.51467,0.304396
2876,4.49844,-4.49218,4.51191,-4.51179,0.304376
2877,4.49844,-4.49218,4.51477,-4.51456,0.304346
2878,4.41765,-4.42119,4.5171,-4.51681,0.304347
2879,4.41765,-4.42119,4.51765,-4.51747,0.304365
2880,4.195,-4.1985,4.51814,-4.51806,0.304387
2881,4.195,-4.1985,4.51474,-4.51473,0.304401
2882,4.495,-4.4985,4.51191,-4.51197,0.304381
2883,4.495,-4.4985,4.51472,-4.51483,0.304352
2884,4.4239,-4.4177,4.51701,-4.51716,0.304353
2885,4.4239,-4.4177,4.5177,-4.51771,0.304372
2886,4.19152,-4.19505,4.51831,-4.51822,0.304395
2887,4.19152,-4.19505,4.51483,-4.51481,0.304409
2888,4.49152,-4.49505,4.51195,-4.51199,0.304389
2889,4.49152,-4.49505,4.5147,-4.5148,0.304358
2890,4.42056,-4.42395,4.51695,-4.51709,0.304358
2891,4.42056,-4.42395,4.5176,-4.51778,0.304376
2892,4.19785,-4.19159,4.51818,-4.51839,0.304398
2893,4.19785,-4.19159,4.51484,-4.5149,0.304412
2894,4.49785,-4.49159,4.51207,-4.51202,0.304392
2895,4.49785,-4.49159,4.51493,-4.51477,0.304362
2896,4.41703,-4.42061,4.51725,-4.51701,0.304362
2897,4.41703,-4.42061,4.5178,-4.51766,0.30438
2898,4.1944,-4.1979,4.51829,-4.51824,0.304402
2899,4.1944,-4.1979,4.51488,-4.5149,0.304416
2900,4.4944,-4.4979,4.51205,-4.51213,0.304395
2901,4.4944,-4.4979,4.51486,-4.51498,0.304365
2902,4.42332,-4.41708,4.51715,-4.51731,0.304366
2903,4.42332,-4.41708,4.51783,-4.51785,0.304385
2904,4.19095,-4.19444,4.51844,-4.51835,0.304407
2905,4.19095,-4.19444,4.51495,-4.51494,0.304421
2906,4.49095,-4.49444,4.51206,-4.51212,0.3044
2907,4.49095,-4.49444,4.51482,-4.51492,0.304369
2908,4.42001,-4.42334,4.51706,-4.51721,0.304369
2909,4.42001,-4.42334,4.5177,-4.51788,0.304386
2910,4.19732,-4.19097,4.51828,-4.51849,0.304408
2911,4.19732,-4.19097,4.51494,-4.515,0.304422
2912,4.49732,-4.49097,4.51216,-4.5121,0.304401
2913,4.49732,-4.49097,4.51501,-4.51485,0.304371
2914,4.41652,-4.42001,4.51734,-4.51709,0.30437
2915,4.41652,-4.42001,4.51788,-4.51773,0.304388
2916,4.19389,-4.19731,4.51837,-4.51831,0.30441
2917,4.19389,-4.19731,4.51495,-4.51497,0.304423
2918,4.49389,-4.49731,4.51212,-4.51219,0.304402
2919,4.49389,-4.49731,4.51492,-4.51504,0.304372
2920,4.42279,-4.41652,4.5172,-4.51736,0.304372
2921,4.42279,-4.41652,4.51788,-4.5179,0.304391
2922,4.19046,-4.19389,4.51848,-4.51839,0.304412
2923,4.19046,-4.19389,4.515,-4.51498,0.304426
2924,4.49046,-4.49389,4.5121,-4.51215,0.304405
2925,4.49046,-4.49389,4.51485,-4.51495,0.304374
2926,4.41954,-4.42279,4.51709,-4.51723,0.304373
2927,4.41954,-4.42279,4.51773,-4.5179,0.30439
2928,4.19683,-4.19045,4.5183,-4.5185,0.304411
2929,4.19683,-4.19045,4.51495,-4.51501,0.304425
2930,4.49683,-4.49045,4.51217,-4.51211,0.304404
2931,4.49683,-4.49045,4.51502,-4.51486,0.304373
2932,4.41607,-4.41951,4.51734,-4.51709,0.304373
2933,4.41607,-4.41951,4.51788,-4.51773,0.30439
2934,4.19343,-4.1968,4.51836,-4.5183,0.304411
2935,4.19343,-4.1968,4.51495,-4.51495,0.304424
2936,4.49343,-4.4968,4.51211,-4.51217,0.304403
2937,4.49343,-4.4968,4.5149,-4.51502,0.304372
2938,4.42237,-4.41605,4.51718,-4.51733,0.304372
2939,4.42237,-4.41605,4.51786,-4.51787,0.304391
2940,4.19005,-4.19343,4.51846,-4.51836,0.304412
2941,4.19005,-4.19343,4.51497,-4.51495,0.304426
2942,4.49005,-4.49343,4.51207,-4.51211,0.304404
2943,4.49005,-4.49343,4.51482,-4.51491,0.304373
2944,4.41912,-4.42235,4.51705,-4.51719,0.304372
2945,4.41912,-4.42235,4.51769,-4.51786,0.304389
2946,4.19644,-4.19002,4.51826,-4.51845,0.30441
2947,4.19644,-4.19002,4.5149,-4.51496,0.304423
2948,4.49644,-4.49002,4.51212,-4.51205,0.304402
2949,4.49644,-4.49002,4.51497,-4.5148,0.304371
2950,4.4157,-4.4191,4.51728,-4.51703,0.30437
2951,4.4157,-4.4191,4.51782,-4.51766,0.304388
2952,4.19307,-4.19642,4.5183,-4.51823,0.304408
2953,4.19307,-4.19642,4.51488,-4.51488,0.304421
2954,4.49307,-4.49642,4.51204,-4.5121,0.3044
2955,4.49307,-4.49642,4.51483,-4.51494,0.304369
2956,4.42203,-4.41568,4.51711,-4.51726,0.304368
2957,4.42203,-4.41568,4.51778,-4.51779,0.304387
2958,4.18968,-4.19305,4.51838,-4.51828,0.304408
2959,4.18968,-4.19305,4.51488,-4.51486,0.304421
2960,4.48968,-4.49305,4.51199,-4.51202,0.3044
2961,4.48968,-4.49305,4.51473,-4.51482,0.304368
2962,4.41879,-4.42203,4.51696,-4.51709,0.304366
2963,4.41879,-4.42203,4.51759,-4.51776,0.304383
2964,4.19612,-4.18971,4.51816,-4.51835,0.304404
2965,4.19612,-4.18971,4.51481,-4.51486,0.304417
2966,4.49612,-4.48971,4.51202,-4.51195,0.304396
2967,4.49612,-4.48971,4.51486,-4.51469,0.304365
2968,4.41537,-4.41879,4.51718,-4.51692,0.304364
2969,4.41537,-4.41879,4.51771,-4.51756,0.304381
2970,4.19277,-4.19612,4.51819,-4.51813,0.304402
2971,4.19277,-4.19612,4.51477,-4.51477,0.304414
2972,4.49277,-4.49612,4.51193,-4.51199,0.304393
2973,4.49277,-4.49612,4.51472,-4.51483,0.304362
2974,4.42176,-4.41537,4.51699,-4.51714,0.304361
2975,4.42176,-4.41537,4.51766,-4.51767,0.304379
2976,4.18942,-4.19277,4.51826,-4.51816,0.3044
2977,4.18942,-4.19277,4.51476,-4.51474,0.304413
2978,4.48942,-4.49277,4.51186,-4.5119,0.304392
2979,4.48942,-4.49277,4.5146,-4.51469,0.30436
2980,4.41854,-4.42176,4.51683,-4.51696,0.304358
2981,4.41854,-4.42176,4.51746,-4.51763,0.304375
2982,4.19585,-4.18942,4.51803,-4.51822,0.304396
2983,4.19585,-4.18942,4.51468,-4.51472,0.304408
2984,4.49585,-4.48942,4.51189,-4.51182,0.304387
2985,4.49585,-4.48942,4.51473,-4.51456,0.304356
2986,4.41514,-4.41854,4.51704,-4.51679,0.304355
2987,4.41514,-4.41854,4.51757,-4.51742,0.304372
2988,4.19256,-4.19588,4.51805,-4.51798,0.304392
2989,4.19256,-4.19588,4.51463,-4.51463,0.304405
2990,4.49256,-4.49588,4.51179,-4.51184,0.304383
2991,4.49256,-4.49588,4.51458,-4.51468,0.304352
2992,4.42154,-4.41516,4.51685,-4.51699,0.304351
2993,4.42154,-4.41516,4.51752,-4.51753,0.304369
2994,4.18923,-4.19258,4.51811,-4.51801,0.30439
2995,4.18923,-4.19258,4.51462,-4.51459,0.304403
2996,4.48923,-4.49258,4.51171,-4.51175,0.304381
2997,4.48923,-4.49258,4.51445,-4.51454,0.304349
2998,4.41838,-4.42156,4.51668,-4.51681,0.304348
2999,4.41838,-4.42156,4.51731,-4.51748,0.304365
3000,4.19572,-4.18927,4.51788,-4.51807,0.304385
3001,4.19572,-4.18927,4.51452,-4.51457,0.304398
3002,4.49572,-4.48927,4.51174,-4.51167,0.304376
3003,4.49572,-4.48927,4.51458,-4.5144,0.304345
3004,4.42464,-4.41842,4.51689,-4.51663,0.304344
3005,4.42464,-4.41842,4.51759,-4.51726,0.304361
3006,4.19227,-4.19576,4.51821,-4.51783,0.304383
3007,4.19227,-4.19576,4.51473,-4.51448,0.304396
3008,4.49227,-4.49576,4.51185,-4.5117,0.304376
3009,4.49227,-4.49576,4.51461,-4.51454,0.304345
3010,4.4213,-4.42468,4.51685,-4.51686,0.304345
3011,4.4213,-4.42468,4.5175,-4.51757,0.304363
3012,4.19858,-4.19233,4.51808,-4.5182,0.304385
3013,4.19858,-4.19233,4.51474,-4.51473,0.3044
3014,4.49858,-4.49233,4.51198,-4.51186,0.30438
3015,4.49858,-4.49233,4.51483,-4.51463,0.30435
3016,4.41773,-4.42134,4.51716,-4.51688,0.304351
3017,4.41773,-4.42134,4.51771,-4.51754,0.30437
3018,4.19511,-4.19862,4.51821,-4.51813,0.304392
3019,4.19511,-4.19862,4.5148,-4.5148,0.304406
3020,4.49511,-4.49862,4.51198,-4.51204,0.304386
3021,4.49511,-4.49862,4.51479,-4.5149,0.304356
3022,4.424,-4.41776,4.51708,-4.51723,0.304357
3023,4.424,-4.41776,4.51777,-4.51778,0.304377
3024,4.19162,-4.19514,4.51838,-4.51829,0.304399
3025,4.19162,-4.19514,4.5149,-4.51489,0.304414
3026,4.49162,-4.49514,4.51202,-4.51206,0.304394
3027,4.49162,-4.49514,4.51478,-4.51488,0.304363
3028,4.42065,-4.42404,4.51702,-4.51717,0.304363
3029,4.42065,-4.42404,4.51767,-4.51785,0.304381
3030,4.19792,-4.19165,4.51825,-4.51846,0.304403
3031,4.19792,-4.19165,4.51491,-4.51498,0.304417
3032,4.49792,-4.49165,4.51214,-4.51209,0.304397
3033,4.49792,-4.49165,4.515,-4.51484,0.304367
3034,4.41712,-4.42069,4.51733,-4.51709,0.304367
3035,4.41712,-4.42069,4.51787,-4.51774,0.304386
3036,4.19449,-4.19798,4.51837,-4.51832,0.304407
3037,4.19449,-4.19798,4.51496,-4.51498,0.304421
3038,4.49449,-4.49798,4.51213,-4.51221,0.304401
3039,4.49449,-4.49798,4.51494,-4.51506,0.30437
3040,4.42336,-4.41715,4.51722,-4.51739,0.304371
3041,4.42336,-4.41715,4.5179,-4.51793,0.30439
3042,4.19101,-4.19452,4.51851,-4.51843,0.304412
3043,4.19101,-4.19452,4.51503,-4.51502,0.304426
3044,4.49101,-4.49452,4.51214,-4.51219,0.304406
3045,4.49101,-4.49452,4.51489,-4.515,0.304375
3046,4.42005,-4.42339,4.51714,-4.51728,0.304374
3047,4.42005,-4.42339,4.51778,-4.51796,0.304392
3048,4.19733,-4.19105,4.51836,-4.51857,0.304413
3049,4.19733,-4.19105,4.51501,-4.51508,0.304427
3050,4.49733,-4.49104,4.51224,-4.51218,0.304407
3051,4.49733,-4.49104,4.51509,-4.51493,0.304376
3052,4.41656,-4.42008,4.51741,-4.51717,0.304376
3053,4.41656,-4.42008,4.51795,-4.51781,0.304394
3054,4.19391,-4.19736,4.51844,-4.51839,0.304415
3055,4.19391,-4.19736,4.51503,-4.51505,0.304428
3056,4.49391,-4.49736,4.5122,-4.51227,0.304408
3057,4.49391,-4.49736,4.515,-4.51512,0.304377
3058,4.42283,-4.41658,4.51728,-4.51744,0.304378
3059,4.42283,-4.41658,4.51795,-4.51798,0.304396
3060,4.19049,-4.19396,4.51856,-4.51847,0.304418
3061,4.19049,-4.19396,4.51507,-4.51506,0.304432
3062,4.49049,-4.49396,4.51218,-4.51223,0.304411
3063,4.49049,-4.49396,4.51493,-4.51503,0.304379
3064,4.41952,-4.42283,4.51717,-4.51731,0.304378
3065,4.41952,-4.42283,4.5178,-4.51798,0.304396
3066,4.19684,-4.19049,4.51838,-4.51858,0.304417
3067,4.19684,-4.19049,4.51503,-4.51509,0.30443
3068,4.49684,-4.49049,4.51225,-4.51219,0.30441
3069,4.49684,-4.49049,4.5151,-4.51494,0.304379
3070,4.41609,-4.41952,4.51741,-4.51717,0.304378
3071,4.41609,-4.41952,4.51795,-4.51781,0.304396
3072,4.19344,-4.19684,4.51844,-4.51838,0.304417
3073,4.19344,-4.19684,4.51502,-4.51503,0.30443
3074,4.49344,-4.49684,4.51218,-4.51225,0.304409
3075,4.49344,-4.49684,4.51498,-4.5151,0.304378
3076,4.42236,-4.41609,4.51726,-4.51741,0.304378
3077,4.42236,-4.41609,4.51793,-4.51795,0.304396
3078,4.19001,-4.19344,4.51853,-4.51844,0.304418
3079,4.19001,-4.19344,4.51504,-4.51502,0.304431
3080,4.49001,-4.49344,4.51214,-4.51219,0.30441
3081,4.49001,-4.49344,4.51489,-4.51499,0.304378
3082,4.41909,-4.42236,4.51712,-4.51726,0.304377
3083,4.41909,-4.42236,4.51776,-4.51793,0.304394
3084,4.19641,-4.19001,4.51833,-4.51853,0.304415
3085,4.19641,-4.19001,4.51497,-4.51503,0.304428
3086,4.49641,-4.49001,4.51219,-4.51213,0.304407
3087,4.49641,-4.49001,4.51504,-4.51487,0.304376
3088,4.41565,-4.41909,4.51735,-4.5171,0.304375
3089,4.41565,-4.41909,4.51788,-4.51774,0.304393
3090,4.19304,-4.19641,4.51837,-4.51831,0.304414
3091,4.19304,-4.19641,4.51495,-4.51495,0.304426
3092,4.49304,-4.49641,4.51211,-4.51217,0.304405
3093,4.49304,-4.49641,4.5149,-4.51501,0.304374
3094,4.42199,-4.41565,4.51718,-4.51733,0.304374
3095,4.42199,-4.41565,4.51785,-4.51786,0.304392
3096,4.18965,-4.19304,4.51844,-4.51835,0.304413
3097,4.18965,-4.19304,4.51495,-4.51493,0.304426
3098,4.48965,-4.49304,4.51205,-4.51209,0.304405
3099,4.48965,-4.49304,4.51479,-4.51489,0.304373
3100,4.41876,-4.42199,4.51702,-4.51716,0.304371
3101,4.41876,-4.42199,4.51766,-4.51783,0.304388
3102,4.19607,-4.18965,4.51822,-4.51842,0.304409
3103,4.19607,-4.18965,4.51487,-4.51492,0.304422
3104,4.49607,-4.48965,4.51209,-4.51202,0.304401
3105,4.49607,-4.48965,4.51493,-4.51476,0.304369
3106,4.41534,-4.41876,4.51724,-4.51699,0.304369
3107,4.41534,-4.41876,4.51777,-4.51762,0.304386
3108,4.19275,-4.19609,4.51825,-4.51819,0.304406
3109,4.19275,-4.19609,4.51483,-4.51483,0.304419
3110,4.49275,-4.49609,4.51199,-4.51205,0.304397
3111,4.49275,-4.49609,4.51478,-4.51489,0.304366
3112,4.42171,-4.41534,4.51705,-4.5172,0.304366
3113,4.42171,-4.41534,4.51772,-4.51773,0.304384
3114,4.1894,-4.19274,4.51832,-4.51822,0.304405
3115,4.1894,-4.19274,4.51482,-4.5148,0.304418
3116,4.4894,-4.49274,4.51192,-4.51196,0.304396
3117,4.4894,-4.49274,4.51466,-4.51475,0.304364
3118,4.41852,-4.42171,4.51689,-4.51702,0.304363
3119,4.41852,-4.42171,4.51752,-4.51769,0.304379
3120,4.19583,-4.1894,4.51809,-4.51828,0.3044
3121,4.19583,-4.1894,4.51473,-4.51478,0.304413
3122,4.49583,-4.4894,4.51195,-4.51188,0.304391
3123,4.49583,-4.4894,4.51478,-4.51461,0.30436
3124,4.41512,-4.41852,4.5171,-4.51684,0.304359
3125,4.41512,-4.41852,4.51763,-4.51747,0.304376
3126,4.19252,-4.19583,4.51811,-4.51804,0.304396
3127,4.19252,-4.19583,4.51468,-4.51468,0.304409
3128,4.49252,-4.49583,4.51184,-4.5119,0.304387
3129,4.49252,-4.49583,4.51463,-4.51474,0.304356
3130,4.42152,-4.41511,4.5169,-4.51705,0.304355
3131,4.42152,-4.41511,4.51757,-4.51758,0.304373
3132,4.18921,-4.19254,4.51816,-4.51806,0.304394
3133,4.18921,-4.19254,4.51467,-4.51464,0.304407
3134,4.48921,-4.49254,4.51177,-4.5118,0.304385
3135,4.48921,-4.49254,4.51451,-4.51459,0.304353
3136,4.41832,-4.42151,4.51673,-4.51686,0.304352
3137,4.41832,-4.42151,4.51736,-4.51753,0.304368
3138,4.19566,-4.18921,4.51793,-4.51812,0.304389
3139,4.19566,-4.18921,4.51457,-4.51462,0.304402
3140,4.49566,-4.48921,4.51179,-4.51171,0.30438
3141,4.49566,-4.48921,4.51462,-4.51445,0.304349
3142,4.42455,-4.41834,4.51693,-4.51668,0.304348
3143,4.42455,-4.41834,4.51763,-4.51731,0.304365
3144,4.19218,-4.1957,4.51825,-4.51787,0.304386
3145,4.19218,-4.1957,4.51477,-4.51452,0.3044
3146,4.49218,-4.4957,4.51189,-4.51174,0.304379
3147,4.49218,-4.4957,4.51465,-4.51458,0.304348
3148,4.42122,-4.42462,4.51689,-4.5169,0.304348
3149,4.42122,-4.42462,4.51754,-4.51761,0.304366
3150,4.19848,-4.19225,4.51812,-4.51824,0.304389
3151,4.19848,-4.19225,4.51478,-4.51477,0.304403
3152,4.49848,-4.49225,4.51201,-4.51189,0.304383
3153,4.49848,-4.49225,4.51487,-4.51466,0.304353
3154,4.41766,-4.42129,4.5172,-4.51692,0.304354
3155,4.41766,-4.42129,4.51775,-4.51758,0.304373
3156,4.19504,-4.19857,4.51825,-4.51817,0.304395
3157,4.19504,-4.19857,4.51484,-4.51483,0.304409
3158,4.49504,-4.49856,4.51201,-4.51207,0.304389
3159,4.49504,-4.49856,4.51482,-4.51493,0.304359
3160,4.42391,-4.41772,4.51711,-4.51726,0.30436
3161,4.42391,-4.41772,4.5178,-4.51781,0.304379
3162,4.19155,-4.19507,4.51841,-4.51832,0.304402
3163,4.19155,-4.19507,4.51493,-4.51492,0.304416
3164,4.49155,-4.49507,4.51205,-4.51209,0.304396
3165,4.49155,-4.49507,4.5148,-4.51491,0.304365
3166,4.42059,-4.42394,4.51705,-4.5172,0.304365
3167,4.42059,-4.42394,4.5177,-4.51788,0.304383
3168,4.19786,-4.19159,4.51828,-4.51849,0.304405
3169,4.19786,-4.19159,4.51494,-4.515,0.304419
3170,4.49786,-4.49159,4.51217,-4.51211,0.304399
3171,4.49786,-4.49159,4.51502,-4.51487,0.304369
3172,4.41707,-4.42062,4.51735,-4.51711,0.304369
3173,4.41707,-4.42062,4.5179,-4.51776,0.304388
3174,4.19441,-4.19789,4.51839,-4.51834,0.304409
3175,4.19441,-4.19789,4.51498,-4.515,0.304423
3176,4.49441,-4.49789,4.51215,-4.51223,0.304402
3177,4.49441,-4.49789,4.51496,-4.51508,0.304372
3178,4.42331,-4.41709,4.51724,-4.51741,0.304373
3179,4.42331,-4.41709,4.51792,-4.51795,0.304392
3180,4.19096,-4.19446,4.51853,-4.51845,0.304414
3181,4.19096,-4.19446,4.51505,-4.51504,0.304428
3182,4.49096,-4.49446,4.51216,-4.51221,0.304407
3183,4.49096,-4.49446,4.51491,-4.51502,0.304376
3184,4.41997,-4.42333,4.51715,-4.5173,0.304376
3185,4.41997,-4.42333,4.5178,-4.51798,0.304393
3186,4.19728,-4.19099,4.51837,-4.51858,0.304415
3187,4.19728,-4.19099,4.51503,-4.51509,0.304429
3188,4.49728,-4.49099,4.51225,-4.5122,0.304408
3189,4.49728,-4.49099,4.5151,-4.51495,0.304377
3190,4.41651,-4.42,4.51743,-4.51719,0.304377
3191,4.41651,-4.42,4.51797,-4.51783,0.304395
3192,4.19386,-4.19731,4.51846,-4.5184,0.304417
3193,4.19386,-4.19731,4.51504,-4.51506,0.30443
3194,4.49386,-4.49731,4.51221,-4.51228,0.304409
3195,4.49386,-4.49731,4.51501,-4.51513,0.304378
3196,4.42276,-4.41653,4.51729,-4.51745,0.304379
3197,4.42276,-4.41653,4.51796,-4.51799,0.304397
3198,4.1904,-4.19388,4.51857,-4.51848,0.304419
3199,4.1904,-4.19388,4.51508,-4.51507,0.304433
3200,4.4904,-4.49388,4.51219,-4.51224,0.304412
3201,4.4904,-4.49388,4.51494,-4.51504,0.30438
3202,4.41946,-4.42278,4.51717,-4.51732,0.304379
3203,4.41946,-4.42278,4.51781,-4.51799,0.304397
3204,4.19678,-4.19042,4.51838,-4.51859,0.304418
3205,4.19678,-4.19042,4.51503,-4.51509,0.304431
3206,4.49678,-4.49042,4.51225,-4.5122,0.30441
3207,4.49678,-4.49042,4.5151,-4.51494,0.304379
3208,4.416,-4.41948,4.51742,-4.51717,0.304379
3209,4.416,-4.41948,4.51795,-4.51781,0.304397
3210,4.19338,-4.19679,4.51844,-4.51838,0.304418
3211,4.19338,-4.19679,4.51502,-4.51503,0.30443
3212,4.49338,-4.49679,4.51219,-4.51225,0.304409
3213,4.49338,-4.49679,4.51498,-4.5151,0.304378
3214,4.4223,-4.41601,4.51726,-4.51741,0.304378
3215,4.4223,-4.41601,4.51793,-4.51795,0.304397
3216,4.18995,-4.1934,4.51853,-4.51844,0.304418
3217,4.18995,-4.1934,4.51504,-4.51502,0.304431
3218,4.48995,-4.4934,4.51214,-4.51219,0.30441
3219,4.48995,-4.4934,4.51489,-4.51498,0.304378
3220,4.41903,-4.42232,4.51712,-4.51726,0.304377
3221,4.41903,-4.42232,4.51775,-4.51793,0.304394
3222,4.19633,-4.18997,4.51832,-4.51853,0.304415
3223,4.19633,-4.18997,4.51497,-4.51503,0.304428
3224,4.49633,-4.48997,4.51219,-4.51213,0.304407
3225,4.49633,-4.48997,4.51503,-4.51487,0.304376
3226,4.41559,-4.41904,4.51734,-4.5171,0.304375
3227,4.41559,-4.41904,4.51788,-4.51773,0.304393
3228,4.19299,-4.19637,4.51836,-4.5183,0.304413
3229,4.19299,-4.19637,4.51494,-4.51495,0.304426
3230,4.49299,-4.49637,4.5121,-4.51217,0.304405
3231,4.49299,-4.49637,4.51489,-4.51501,0.304374
3232,4.42192,-4.41561,4.51717,-4.51732,0.304373
3233,4.42192,-4.41561,4.51784,-4.51786,0.304391
3234,4.1896,-4.193,4.51844,-4.51834,0.304413
3235,4.1896,-4.193,4.51494,-4.51492,0.304426
3236,4.4896,-4.493,4.51204,-4.51208,0.304404
3237,4.4896,-4.493,4.51478,-4.51488,0.304372
3238,4.41872,-4.42194,4.51701,-4.51715,0.304371
3239,4.41872,-4.42194,4.51765,-4.51782,0.304388
3240,4.19602,-4.18962,4.51821,-4.51841,0.304409
3241,4.19602,-4.18962,4.51486,-4.51491,0.304421
3242,4.49602,-4.48962,4.51207,-4.51201,0.3044
3243,4.49602,-4.48962,4.51491,-4.51475,0.304369
3244,4.4153,-4.41873,4.51723,-4.51698,0.304368
3245,4.4153,-4.41873,4.51776,-4.51761,0.304385
3246,4.19267,-4.19604,4.51824,-4.51818,0.304406
3247,4.19267,-4.19604,4.51482,-4.51482,0.304418
3248,4.49267,-4.49604,4.51197,-4.51204,0.304397
3249,4.49267,-4.49604,4.51476,-4.51487,0.304365
3250,4.42167,-4.41532,4.51704,-4.51719,0.304365
3251,4.42167,-4.41532,4.5177,-4.51772,0.304383
3252,4.18935,-4.19269,4.5183,-4.5182,0.304404
3253,4.18935,-4.19269,4.51481,-4.51478,0.304417
3254,4.48936,-4.49269,4.5119,-4.51194,0.304395
3255,4.48936,-4.49269,4.51465,-4.51473,0.304363
3256,4.41846,-4.42168,4.51687,-4.51701,0.304362
3257,4.41846,-4.42168,4.51751,-4.51767,0.304378
3258,4.19579,-4.18937,4.51807,-4.51826,0.304399
3259,4.19579,-4.18937,4.51471,-4.51476,0.304412
3260,4.49579,-4.48937,4.51193,-4.51186,0.30439
3261,4.49579,-4.48937,4.51477,-4.5146,0.304359
3262,4.41505,-4.41847,4.51708,-4.51682,0.304358
3263,4.41505,-4.41847,4.51761,-4.51746,0.304375
3264,4.19248,-4.19581,4.51809,-4.51802,0.304395
3265,4.19248,-4.19581,4.51466,-4.51467,0.304408
3266,4.49248,-4.49581,4.51182,-4.51188,0.304386
3267,4.49248,-4.49581,4.51461,-4.51472,0.304355
3268,4.42148,-4.41509,4.51688,-4.51703,0.304354
3269,4.42148,-4.41509,4.51755,-4.51756,0.304372
3270,4.18915,-4.19249,4.51814,-4.51804,0.304393
3271,4.18915,-4.19249,4.51465,-4.51462,0.304406
3272,4.48915,-4.49249,4.51174,-4.51178,0.304384
3273,4.48915,-4.49249,4.51448,-4.51457,0.304352
3274,4.41831,-4.4215,4.51671,-4.51684,0.30435
3275,4.41831,-4.4215,4.51734,-4.51751,0.304367
3276,4.19567,-4.18916,4.51791,-4.5181,0.304387
3277,4.19567,-4.18916,4.51455,-4.5146,0.3044
3278,4.49567,-4.48916,4.51176,-4.51169,0.304379
3279,4.49567,-4.48916,4.5146,-4.51443,0.304347
3280,4.42454,-4.41832,4.51691,-4.51666,0.304346
3281,4.42454,-4.41832,4.51761,-4.51729,0.304363
3282,4.1922,-4.19568,4.51823,-4.51785,0.304385
3283,4.1922,-4.19568,4.51475,-4.5145,0.304398
3284,4.4922,-4.49568,4.51187,-4.51172,0.304378
3285,4.4922,-4.49568,4.51463,-4.51456,0.304347
3286,4.42123,-4.42458,4.51687,-4.51688,0.304347
3287,4.42123,-4.42458,4.51752,-4.51759,0.304365
3288,4.19849,-4.19224,4.5181,-4.51821,0.304387
3289,4.19849,-4.19224,4.51476,-4.51475,0.304401
3290,4.49849,-4.49224,4.51199,-4.51187,0.304382
3291,4.49849,-4.49224,4.51485,-4.51464,0.304352
3292,4.41767,-4.42127,4.51718,-4.5169,0.304352
3293,4.41767,-4.42127,4.51773,-4.51755,0.304371
3294,4.19502,-4.19853,4.51823,-4.51815,0.304393
3295,4.19502,-4.19853,4.51482,-4.51481,0.304407
3296,4.49502,-4.49853,4.51199,-4.51205,0.304387
3297,4.49502,-4.49853,4.5148,-4.51491,0.304357
3298,4.42392,-4.41771,4.51709,-4.51724,0.304359
3299,4.42392,-4.41771,4.51778,-4.51779,0.304378
3300,4.19156,-4.19508,4.51839,-4.5183,0.3044
3301,4.19156,-4.19508,4.51491,-4.51489,0.304415
3302,4.49156,-4.49508,4.51203,-4.51207,0.304394
3303,4.49156,-4.49508,4.51478,-4.51488,0.304364
3304,4.42058,-4.42395,4.51703,-4.51718,0.304364
3305,4.42058,-4.42395,4.51768,-4.51786,0.304382
3306,4.19787,-4.1916,4.51826,-4.51847,0.304404
3307,4.19787,-4.1916,4.51492,-4.51498,0.304418
3308,4.49787,-4.4916,4.51215,-4.51209,0.304398
3309,4.49787,-4.4916,4.51501,-4.51485,0.304368
3310,4.41705,-4.42061,4.51733,-4.51709,0.304368
3311,4.41705,-4.42061,4.51788,-4.51774,0.304386
3312,4.19441,-4.1979,4.51837,-4.51832,0.304408
3313,4.19441,-4.1979,4.51496,-4.51498,0.304421
3314,4.49441,-4.4979,4.51213,-4.51221,0.304401
3315,4.49441,-4.4979,4.51494,-4.51506,0.304371
3316,4.42332,-4.4171,4.51722,-4.51739,0.304371
3317,4.42332,-4.4171,4.5179,-4.51793,0.30439
3318,4.19095,-4.19444,4.51851,-4.51843,0.304413
3319,4.19095,-4.19444,4.51503,-4.51502,0.304426
3320,4.49094,-4.49444,4.51214,-4.51219,0.304406
3321,4.49094,-4.49444,4.51489,-4.515,0.304375
3322,4.41998,-4.42334,4.51713,-4.51728,0.304374
3323,4.41998,-4.42334,4.51778,-4.51796,0.304392
3324,4.19729,-4.19097,4.51835,-4.51856,0.304413
3325,4.19729,-4.19097,4.51501,-4.51507,0.304427
3326,4.49729,-4.49097,4.51224,-4.51218,0.304407
3327,4.49729,-4.49097,4.51508,-4.51493,0.304376
3328,4.41649,-4.42001,4.51741,-4.51717,0.304376
3329,4.41649,-4.42001,4.51795,-4.51781,0.304394
3330,4.19387,-4.19731,4.51844,-4.51838,0.304415
3331,4.19387,-4.19731,4.51502,-4.51504,0.304428
3332,4.49387,-4.49731,4.51219,-4.51226,0.304408
3333,4.49387,-4.49731,4.51499,-4.51511,0.304377
3334,4.42279,-4.41652,4.51727,-4.51743,0.304377
3335,4.42279,-4.41652,4.51795,-4.51797,0.304396
3336,4.19043,-4.19389,4.51855,-4.51846,0.304418
3337,4.19043,-4.19389,4.51507,-4.51505,0.304431
3338,4.49043,-4.49389,4.51217,-4.51222,0.30441
3339,4.49043,-4.49389,4.51492,-4.51502,0.304379
3340,4.41949,-4.42279,4.51716,-4.5173,0.304378
3341,4.41949,-4.42279,4.5178,-4.51797,0.304395
3342,4.19678,-4.19043,4.51837,-4.51857,0.304417
3343,4.19678,-4.19043,4.51502,-4.51508,0.30443
3344,4.49678,-4.49043,4.51224,-4.51218,0.304409
3345,4.49678,-4.49043,4.51509,-4.51492,0.304378
3346,4.41603,-4.41949,4.5174,-4.51716,0.304378
3347,4.41603,-4.41949,4.51794,-4.5178,0.304395
3348,4.19342,-4.1968,4.51843,-4.51837,0.304416
3349,4.19342,-4.1968,4.51501,-4.51502,0.304429
3350,4.49341,-4.4968,4.51217,-4.51224,0.304408
3351,4.49341,-4.4968,4.51497,-4.51508,0.304377
3352,4.42233,-4.41602,4.51725,-4.5174,0.304377
3353,4.42233,-4.41602,4.51792,-4.51794,0.304396
3354,4.19001,-4.19341,4.51852,-4.51843,0.304417
3355,4.19001,-4.19341,4.51503,-4.51501,0.30443
3356,4.49001,-4.49341,4.51213,-4.51217,0.304409
3357,4.49001,-4.49341,4.51488,-4.51497,0.304377
3358,4.41908,-4.42233,4.51711,-4.51725,0.304376
3359,4.41908,-4.42233,4.51775,-4.51792,0.304393
3360,4.19638,-4.19,4.51831,-4.51851,0.304414
3361,4.19638,-4.19,4.51496,-4.51502,0.304427
3362,4.49638,-4.49,4.51218,-4.51212,0.304406
3363,4.49638,-4.49,4.51502,-4.51486,0.304375
3364,4.41565,-4.41908,4.51734,-4.51709,0.304374
3365,4.41565,-4.41908,4.51787,-4.51772,0.304392
3366,4.19301,-4.19638,4.51836,-4.51829,0.304413
3367,4.19301,-4.19638,4.51493,-4.51494,0.304425
3368,4.49301,-4.49638,4.51209,-4.51216,0.304404
3369,4.49301,-4.49638,4.51489,-4.515,0.304373
3370,4.42197,-4.41564,4.51716,-4.51731,0.304373
3371,4.42197,-4.41564,4.51783,-4.51785,0.304391
3372,4.18965,-4.19301,4.51843,-4.51833,0.304412
3373,4.18965,-4.19301,4.51494,-4.51491,0.304425
3374,4.48965,-4.49301,4.51204,-4.51208,0.304404
3375,4.48965,-4.49301,4.51478,-4.51487,0.304372
3376,4.41874,-4.42197,4.51701,-4.51714,0.30437
3377,4.41874,-4.42197,4.51764,-4.51781,0.304387
3378,4.19607,-4.18965,4.51821,-4.5184,0.304408
3379,4.19607,-4.18965,4.51485,-4.51491,0.304421
3380,4.49607,-4.48965,4.51207,-4.512,0.3044
3381,4.49607,-4.48965,4.51491,-4.51474,0.304368
3382,4.41532,-4.41874,4.51722,-4.51697,0.304367
3383,4.41532,-4.41874,4.51776,-4.5176,0.304385
3384,4.19272,-4.19607,4.51824,-4.51817,0.304405
3385,4.19272,-4.19607,4.51481,-4.51482,0.304418
3386,4.49272,-4.49607,4.51197,-4.51203,0.304396
3387,4.49272,-4.49607,4.51476,-4.51487,0.304365
3388,4.42172,-4.41534,4.51703,-4.51718,0.304365
3389,4.42172,-4.41534,4.5177,-4.51772,0.304382
3390,4.18938,-4.19272,4.5183,-4.5182,0.304404
3391,4.18938,-4.19272,4.51481,-4.51478,0.304416
3392,4.48938,-4.49272,4.5119,-4.51194,0.304395
3393,4.48938,-4.49272,4.51464,-4.51473,0.304363
3394,4.4185,-4.42171,4.51687,-4.51701,0.304361
3395,4.4185,-4.42171,4.51751,-4.51767,0.304378
3396,4.19584,-4.18937,4.51807,-4.51826,0.304399
3397,4.19584,-4.18937,4.51472,-4.51476,0.304412
3398,4.49584,-4.48937,4.51193,-4.51186,0.30439
3399,4.49584,-4.48937,4.51477,-4.5146,0.304359
3400,4.4151,-4.4185,4.51708,-4.51682,0.304358
3401,4.4151,-4.4185,4.51761,-4.51746,0.304375
3402,4.19252,-4.19583,4.51809,-4.51802,0.304395
3403,4.19252,-4.19583,4.51467,-4.51467,0.304408
3404,4.49252,-4.49583,4.51182,-4.51188,0.304386
3405,4.49252,-4.49583,4.51461,-4.51472,0.304355
3406,4.42152,-4.41509,4.51688,-4.51703,0.304354
3407,4.42152,-4.41509,4.51755,-4.51756,0.304372
3408,4.18919,-4.19252,4.51815,-4.51804,0.304393
3409,4.18919,-4.19252,4.51465,-4.51462,0.304406
3410,4.48919,-4.49252,4.51175,-4.51178,0.304384
3411,4.48919,-4.49252,4.51449,-4.51457,0.304352
3412,4.41835,-4.42152,4.51672,-4.51685,0.30435
3413,4.41835,-4.42152,4.51735,-4.51751,0.304367
3414,4.19568,-4.18919,4.51791,-4.5181,0.304388
3415,4.19568,-4.18919,4.51456,-4.5146,0.3044
3416,4.49568,-4.48919,4.51177,-4.51169,0.304379
3417,4.49568,-4.48919,4.51461,-4.51443,0.304347
3418,4.42458,-4.41834,4.51692,-4.51666,0.304346
3419,4.42458,-4.41834,4.51762,-4.51729,0.304364
3420,4.19224,-4.19568,4.51824,-4.51786,0.304385
3421,4.19224,-4.19568,4.51476,-4.51451,0.304399
3422,4.49224,-4.49568,4.51188,-4.51172,0.304378
3423,4.49224,-4.49568,4.51464,-4.51457,0.304347
3424,4.42125,-4.4246,4.51688,-4.51688,0.304347
3425,4.42125,-4.4246,4.51753,-4.51759,0.304365
3426,4.19853,-4.19225,4.51811,-4.51822,0.304387
3427,4.19853,-4.19225,4.51477,-4.51475,0.304402
3428,4.49853,-4.49225,4.512,-4.51188,0.304382
3429,4.49853,-4.49225,4.51486,-4.51465,0.304352
3430,4.41768,-4.42126,4.51719,-4.5169,0.304353
3431,4.41768,-4.42126,4.51773,-4.51756,0.304372
3432,4.19506,-4.19854,4.51823,-4.51815,0.304394
3433,4.19506,-4.19854,4.51483,-4.51482,0.304408
3434,4.49506,-4.49854,4.512,-4.51205,0.304388
3435,4.49506,-4.49854,4.51481,-4.51491,0.304358
3436,4.42395,-4.41772,4.5171,-4.51725,0.304359
3437,4.42395,-4.41772,4.51779,-4.5178,0.304378
3438,4.19157,-4.19505,4.5184,-4.5183,0.304401
3439,4.19157,-4.19505,4.51492,-4.5149,0.304415
3440,4.49157,-4.49505,4.51204,-4.51208,0.304395
3441,4.49157,-4.49505,4.51479,-4.51489,0.304364
3442,4.42061,-4.42395,4.51704,-4.51718,0.304364
3443,4.42061,-4.42395,4.51769,-4.51786,0.304382
3444,4.1979,-4.19157,4.51827,-4.51847,0.304404
3445,4.1979,-4.19157,4.51493,-4.51499,0.304418
3446,4.4979,-4.49156,4.51216,-4.5121,0.304398
3447,4.4979,-4.49156,4.51501,-4.51485,0.304368
3448,4.41708,-4.4206,4.51734,-4.5171,0.304368
3449,4.41708,-4.4206,4.51789,-4.51775,0.304387
3450,4.19445,-4.1979,4.51838,-4.51833,0.304408
3451,4.19445,-4.1979,4.51497,-4.51499,0.304422
3452,4.49445,-4.4979,4.51214,-4.51221,0.304402
3453,4.49445,-4.4979,4.51495,-4.51507,0.304371
3454,4.42335,-4.41708,4.51723,-4.51739,0.304372
3455,4.42335,-4.41708,4.51791,-4.51794,0.304391
3456,4.19098,-4.19444,4.51852,-4.51844,0.304413
3457,4.19098,-4.19444,4.51504,-4.51503,0.304427
3458,4.49098,-4.49444,4.51215,-4.5122,0.304406
3459,4.49098,-4.49444,4.5149,-4.51501,0.304375
3460,4.42001,-4.42334,4.51715,-4.51729,0.304375
3461,4.42001,-4.42334,4.51779,-4.51797,0.304392
3462,4.19729,-4.19097,4.51836,-4.51857,0.304414
3463,4.19729,-4.19097,4.51502,-4.51508,0.304428
3464,4.49729,-4.49097,4.51225,-4.51219,0.304407
3465,4.49729,-4.49097,4.51509,-4.51494,0.304377
3466,4.41652,-4.42001,4.51742,-4.51717,0.304377
3467,4.41652,-4.42001,4.51796,-4.51782,0.304395
3468,4.19389,-4.19731,4.51845,-4.51839,0.304416
3469,4.19389,-4.19731,4.51503,-4.51505,0.304429
3470,4.49389,-4.49731,4.5122,-4.51227,0.304408
3471,4.49389,-4.49731,4.515,-4.51512,0.304378
3472,4.42277,-4.41651,4.51728,-4.51744,0.304378
3473,4.42277,-4.41651,4.51796,-4.51798,0.304397
3474,4.19043,-4.19389,4.51856,-4.51847,0.304418
3475,4.19043,-4.19389,4.51508,-4.51506,0.304432
3476,4.49043,-4.49389,4.51218,-4.51223,0.304411
3477,4.49043,-4.49389,4.51493,-4.51503,0.30438
3478,4.41947,-4.42276,4.51717,-4.51731,0.304379
3479,4.41947,-4.42276,4.5178,-4.51798,0.304396
3480,4.19679,-4.19043,4.51838,-4.51858,0.304417
3481,4.19679,-4.19043,4.51503,-4.51509,0.304431
3482,4.49679,-4.49043,4.51225,-4.51219,0.30441
3483,4.49679,-4.49043,4.51509,-4.51493,0.304379
3484,4.41603,-4.41949,4.51741,-4.51717,0.304378
3485,4.41603,-4.41949,4.51795,-4.5178,0.304396
3486,4.19339,-4.19678,4.51844,-4.51838,0.304417
3487,4.19339,-4.19678,4.51502,-4.51503,0.30443
3488,4.49339,-4.49678,4.51218,-4.51225,0.304409
3489,4.49339,-4.49678,4.51498,-4.51509,0.304378
3490,4.42231,-4.41602,4.51725,-4.51741,0.304378
3491,4.42231,-4.41602,4.51792,-4.51794,0.304396
3492,4.18999,-4.19338,4.51853,-4.51843,0.304418
3493,4.18999,-4.19338,4.51503,-4.51502,0.304431
3494,4.48999,-4.49338,4.51214,-4.51218,0.30441
3495,4.48999,-4.49338,4.51488,-4.51498,0.304378
3496,4.41904,-4.4223,4.51711,-4.51725,0.304377
3497,4.41904,-4.4223,4.51775,-4.51792,0.304394
3498,4.19636,-4.18998,4.51832,-4.51852,0.304415
3499,4.19636,-4.18998,4.51497,-4.51502,0.304428
3500,4.49636,-4.48998,4.51218,-4.51212,0.304407
